runtime_ms,interval_ms,voltage_v,current_ma,signed_power_w,sensor_power_w,discharged_mah,charged_mah,net_mah,discharged_wh,charged_wh,net_wh
1361483,100,4.0338,181.250,0.7311,0.7300,12.215484,0.790141,11.425343,0.049597,0.003313,0.046284
361583,100,4.0338,180.000,0.7261,0.7300,12.220484,0.790141,11.430343,0.049618,0.003313,0.046304
361683,100,4.0338,178.750,0.7210,0.7300,12.225450,0.790141,11.435309,0.049638,0.003313,0.046324
361783,100,4.0338,180.000,0.7261,0.7300,12.230450,0.790141,11.440309,0.049658,0.003313,0.046344
361883,100,4.0338,178.750,0.7210,0.7200,12.235415,0.790141,11.445274,0.049678,0.003313,0.046364
361983,100,4.0338,178.750,0.7210,0.7300,12.240380,0.790141,11.450239,0.049698,0.003313,0.046384
362083,100,4.0338,181.250,0.7311,0.7300,12.245415,0.790141,11.455274,0.049718,0.003313,0.046405
362183,100,4.0338,178.750,0.7210,0.7200,12.250380,0.790141,11.460239,0.049738,0.003313,0.046425
362283,100,4.0338,178.750,0.7210,0.7200,12.255345,0.790141,11.465205,0.049758,0.003313,0.046445
362383,100,4.0338,177.500,0.7160,0.7200,12.260276,0.790141,11.470135,0.049778,0.003313,0.046465
362483,100,4.0338,178.750,0.7210,0.7200,12.265241,0.790141,11.475100,0.049798,0.003313,0.046485
362583,100,4.0338,181.250,0.7311,0.7300,12.270276,0.790141,11.480135,0.049818,0.003313,0.046505
362683,100,4.0338,180.000,0.7261,0.7300,12.275276,0.790141,11.485135,0.049839,0.003313,0.046525
362783,100,4.0338,180.000,0.7261,0.7300,12.280276,0.790141,11.490135,0.049859,0.003313,0.046545
362883,100,4.0338,180.000,0.7261,0.7300,12.285276,0.790141,11.495135,0.049879,0.003313,0.046566
362983,100,4.0325,180.000,0.7258,0.7300,12.290276,0.790141,11.500135,0.049899,0.003313,0.046586
363083,100,4.0325,181.250,0.7309,0.7300,12.295311,0.790141,11.505170,0.049919,0.003313,0.046606
363183,100,4.0325,182.500,0.7359,0.7400,12.300380,0.790141,11.510239,0.049940,0.003313,0.046626
363283,100,4.0325,180.000,0.7258,0.7300,12.305380,0.790141,11.515239,0.049960,0.003313,0.046647
363383,100,4.0338,180.000,0.7261,0.7300,12.310380,0.790141,11.520239,0.049980,0.003313,0.046667
363483,100,4.0325,181.250,0.7309,0.7400,12.315415,0.790141,11.525274,0.050001,0.003313,0.046687
363583,100,4.0338,180.000,0.7261,0.7300,12.320415,0.790141,11.530274,0.050021,0.003313,0.046707
363683,100,4.0325,180.000,0.7258,0.7300,12.325415,0.790141,11.535274,0.050041,0.003313,0.046727
363783,100,4.0325,180.000,0.7258,0.7300,12.330415,0.790141,11.540274,0.050061,0.003313,0.046748
363883,100,4.0325,180.000,0.7258,0.7300,12.335415,0.790141,11.545274,0.050081,0.003313,0.046768
363983,100,4.0325,180.000,0.7258,0.7300,12.340415,0.790141,11.550274,0.050101,0.003313,0.046788
364121,100,4.0325,181.250,0.7309,0.7300,12.347363,0.790141,11.557222,0.050129,0.003313,0.046816
364221,100,4.0338,178.750,0.7210,0.7300,12.352328,0.790141,11.562187,0.050149,0.003313,0.046836
364321,100,4.0338,180.000,0.7261,0.7300,12.357328,0.790141,11.567187,0.050170,0.003313,0.046856
364421,100,4.0338,178.750,0.7210,0.7200,12.362293,0.790141,11.572152,0.050190,0.003313,0.046876
364521,100,4.0338,180.000,0.7261,0.7300,12.367293,0.790141,11.577152,0.050210,0.003313,0.046896
364621,100,4.0338,178.750,0.7210,0.7200,12.372259,0.790141,11.582118,0.050230,0.003313,0.046916
364721,100,4.0325,181.250,0.7309,0.7300,12.377293,0.790141,11.587152,0.050250,0.003313,0.046937
364821,100,4.0325,181.250,0.7309,0.7300,12.382328,0.790141,11.592187,0.050270,0.003313,0.046957
364921,100,4.0325,181.250,0.7309,0.7300,12.387363,0.790141,11.597222,0.050291,0.003313,0.046977
#MARK,365005,100,"sweep_start",0.000000,0.000000,0.000000,0.000000,0.000000,0.000000
365102,100,4.0313,183.750,0.7407,0.7400,0.005104,0.000000,0.005104,0.000021,0.000000,0.000021
365260,100,4.0325,181.250,0.7309,0.7300,0.013059,0.000000,0.013059,0.000053,0.000000,0.000053
365360,100,4.0325,181.250,0.7309,0.7300,0.018094,0.000000,0.018094,0.000073,0.000000,0.000073
365460,100,4.0325,181.250,0.7309,0.7300,0.023128,0.000000,0.023128,0.000093,0.000000,0.000093
365560,100,4.0325,180.000,0.7258,0.7300,0.028128,0.000000,0.028128,0.000113,0.000000,0.000113
365660,100,4.0325,181.250,0.7309,0.7300,0.033163,0.000000,0.033163,0.000134,0.000000,0.000134
365760,100,4.0325,181.250,0.7309,0.7300,0.038198,0.000000,0.038198,0.000154,0.000000,0.000154
365860,100,4.0325,182.500,0.7359,0.7300,0.043267,0.000000,0.043267,0.000174,0.000000,0.000174
365960,100,4.0325,180.000,0.7258,0.7300,0.048267,0.000000,0.048267,0.000195,0.000000,0.000195
366060,100,4.0325,180.000,0.7258,0.7300,0.053267,0.000000,0.053267,0.000215,0.000000,0.000215
366160,100,4.0325,181.250,0.7309,0.7300,0.058302,0.000000,0.058302,0.000235,0.000000,0.000235
366260,100,4.0325,180.000,0.7258,0.7300,0.063302,0.000000,0.063302,0.000255,0.000000,0.000255
366360,100,4.0325,181.250,0.7309,0.7300,0.068337,0.000000,0.068337,0.000276,0.000000,0.000276
366460,100,4.0325,181.250,0.7309,0.7300,0.073372,0.000000,0.073372,0.000296,0.000000,0.000296
366560,100,4.0325,181.250,0.7309,0.7300,0.078406,0.000000,0.078406,0.000316,0.000000,0.000316
366660,100,4.0325,181.250,0.7309,0.7300,0.083441,0.000000,0.083441,0.000336,0.000000,0.000336
366760,100,4.0325,181.250,0.7309,0.7300,0.088476,0.000000,0.088476,0.000357,0.000000,0.000357
366860,100,4.0325,181.250,0.7309,0.7300,0.093510,0.000000,0.093510,0.000377,0.000000,0.000377
#MARK,366951,100,"seg_001_p01_b095_start",0.093510,0.000000,0.093510,0.000377,0.000000,0.000377
366960,100,4.0325,181.250,0.7309,0.7300,0.098545,0.000000,0.098545,0.000397,0.000000,0.000397
367143,100,4.0325,180.000,0.7258,0.7300,0.107695,0.000000,0.107695,0.000434,0.000000,0.000434
367243,100,4.0325,181.250,0.7309,0.7300,0.112730,0.000000,0.112730,0.000455,0.000000,0.000455
367343,100,4.0325,180.000,0.7258,0.7300,0.117730,0.000000,0.117730,0.000475,0.000000,0.000475
367443,100,4.0325,181.250,0.7309,0.7300,0.122765,0.000000,0.122765,0.000495,0.000000,0.000495
367543,100,4.0325,181.250,0.7309,0.7300,0.127799,0.000000,0.127799,0.000515,0.000000,0.000515
367643,100,4.0325,181.250,0.7309,0.7300,0.132834,0.000000,0.132834,0.000536,0.000000,0.000536
367743,100,4.0325,181.250,0.7309,0.7300,0.137869,0.000000,0.137869,0.000556,0.000000,0.000556
367843,100,4.0325,181.250,0.7309,0.7300,0.142903,0.000000,0.142903,0.000576,0.000000,0.000576
367943,100,4.0325,182.500,0.7359,0.7300,0.147973,0.000000,0.147973,0.000597,0.000000,0.000597
368043,100,4.0313,182.500,0.7357,0.7300,0.153042,0.000000,0.153042,0.000617,0.000000,0.000617
368143,100,4.0313,182.500,0.7357,0.7400,0.158112,0.000000,0.158112,0.000638,0.000000,0.000638
368243,100,4.0313,182.500,0.7357,0.7300,0.163181,0.000000,0.163181,0.000658,0.000000,0.000658
368343,100,4.0313,182.500,0.7357,0.7400,0.168251,0.000000,0.168251,0.000678,0.000000,0.000678
368443,100,4.0313,181.250,0.7307,0.7300,0.173285,0.000000,0.173285,0.000699,0.000000,0.000699
368543,100,4.0313,182.500,0.7357,0.7300,0.178355,0.000000,0.178355,0.000719,0.000000,0.000719
368643,100,4.0313,182.500,0.7357,0.7400,0.183424,0.000000,0.183424,0.000740,0.000000,0.000740
368747,100,4.0325,182.500,0.7359,0.7400,0.188697,0.000000,0.188697,0.000761,0.000000,0.000761
368847,100,4.0325,181.250,0.7309,0.7300,0.193731,0.000000,0.193731,0.000781,0.000000,0.000781
368947,100,4.0313,182.500,0.7357,0.7400,0.198801,0.000000,0.198801,0.000802,0.000000,0.000802
369047,100,4.0313,182.500,0.7357,0.7300,0.203870,0.000000,0.203870,0.000822,0.000000,0.000822
369147,100,4.0313,182.500,0.7357,0.7400,0.208940,0.000000,0.208940,0.000842,0.000000,0.000842
369247,100,4.0313,181.250,0.7307,0.7300,0.213974,0.000000,0.213974,0.000863,0.000000,0.000863
369347,100,4.0325,181.250,0.7309,0.7300,0.219009,0.000000,0.219009,0.000883,0.000000,0.000883
369447,100,4.0313,180.000,0.7256,0.7300,0.224009,0.000000,0.224009,0.000903,0.000000,0.000903
369547,100,4.0325,181.250,0.7309,0.7300,0.229044,0.000000,0.229044,0.000924,0.000000,0.000924
369647,100,4.0325,181.250,0.7309,0.7300,0.234078,0.000000,0.234078,0.000944,0.000000,0.000944
369747,100,4.0325,180.000,0.7258,0.7300,0.239078,0.000000,0.239078,0.000964,0.000000,0.000964
369847,100,4.0325,180.000,0.7258,0.7300,0.244078,0.000000,0.244078,0.000984,0.000000,0.000984
369947,100,4.0325,180.000,0.7258,0.7200,0.249078,0.000000,0.249078,0.001004,0.000000,0.001004
370047,100,4.0325,180.000,0.7258,0.7300,0.254078,0.000000,0.254078,0.001024,0.000000,0.001024
370147,100,4.0325,178.750,0.7208,0.7200,0.259044,0.000000,0.259044,0.001045,0.000000,0.001045
370247,100,4.0325,180.000,0.7258,0.7200,0.264044,0.000000,0.264044,0.001065,0.000000,0.001065
370347,100,4.0325,180.000,0.7258,0.7300,0.269044,0.000000,0.269044,0.001085,0.000000,0.001085
370447,100,4.0325,180.000,0.7258,0.7300,0.274044,0.000000,0.274044,0.001105,0.000000,0.001105
370547,100,4.0325,180.000,0.7258,0.7300,0.279044,0.000000,0.279044,0.001125,0.000000,0.001125
370647,100,4.0325,180.000,0.7258,0.7300,0.284044,0.000000,0.284044,0.001145,0.000000,0.001145
370747,100,4.0325,180.000,0.7258,0.7300,0.289044,0.000000,0.289044,0.001165,0.000000,0.001165
370847,100,4.0325,178.750,0.7208,0.7300,0.294009,0.000000,0.294009,0.001186,0.000000,0.001186
370947,100,4.0325,178.750,0.7208,0.7200,0.298974,0.000000,0.298974,0.001206,0.000000,0.001206
371047,100,4.0325,180.000,0.7258,0.7300,0.303974,0.000000,0.303974,0.001226,0.000000,0.001226
371147,100,4.0325,178.750,0.7208,0.7200,0.308940,0.000000,0.308940,0.001246,0.000000,0.001246
371247,100,4.0325,180.000,0.7258,0.7300,0.313940,0.000000,0.313940,0.001266,0.000000,0.001266
371347,100,4.0325,178.750,0.7208,0.7200,0.318905,0.000000,0.318905,0.001286,0.000000,0.001286
371447,100,4.0325,180.000,0.7258,0.7300,0.323905,0.000000,0.323905,0.001306,0.000000,0.001306
371547,100,4.0325,178.750,0.7208,0.7200,0.328870,0.000000,0.328870,0.001326,0.000000,0.001326
371647,100,4.0325,180.000,0.7258,0.7300,0.333870,0.000000,0.333870,0.001346,0.000000,0.001346
371747,100,4.0325,180.000,0.7258,0.7300,0.338870,0.000000,0.338870,0.001366,0.000000,0.001366
371847,100,4.0325,178.750,0.7208,0.7200,0.343835,0.000000,0.343835,0.001386,0.000000,0.001386
371947,100,4.0325,180.000,0.7258,0.7300,0.348835,0.000000,0.348835,0.001407,0.000000,0.001407
372047,100,4.0325,178.750,0.7208,0.7300,0.353801,0.000000,0.353801,0.001427,0.000000,0.001427
372147,100,4.0325,180.000,0.7258,0.7300,0.358801,0.000000,0.358801,0.001447,0.000000,0.001447
#MARK,372201,100,"seg_001_p01_b095_end",0.358801,0.000000,0.358801,0.001447,0.000000,0.001447
372247,100,4.0313,178.750,0.7206,0.7200,0.363766,0.000000,0.363766,0.001467,0.000000,0.001467
372406,100,4.0200,216.250,0.8693,0.8700,0.373317,0.000000,0.373317,0.001505,0.000000,0.001505
372506,100,4.0200,216.250,0.8693,0.8700,0.379324,0.000000,0.379324,0.001529,0.000000,0.001529
372606,100,4.0200,216.250,0.8693,0.8700,0.385331,0.000000,0.385331,0.001553,0.000000,0.001553
372706,100,4.0200,216.250,0.8693,0.8700,0.391338,0.000000,0.391338,0.001578,0.000000,0.001578
372806,100,4.0200,216.250,0.8693,0.8700,0.397345,0.000000,0.397345,0.001602,0.000000,0.001602
372906,100,4.0200,216.250,0.8693,0.8700,0.403352,0.000000,0.403352,0.001626,0.000000,0.001626
373006,100,4.0200,216.250,0.8693,0.8700,0.409359,0.000000,0.409359,0.001650,0.000000,0.001650
373106,100,4.0200,216.250,0.8693,0.8700,0.415366,0.000000,0.415366,0.001674,0.000000,0.001674
373206,100,4.0200,216.250,0.8693,0.8700,0.421373,0.000000,0.421373,0.001698,0.000000,0.001698
373306,100,4.0200,216.250,0.8693,0.8700,0.427380,0.000000,0.427380,0.001723,0.000000,0.001723
#MARK,373342,100,"seg_002_p01_b127_start",0.427380,0.000000,0.427380,0.001723,0.000000,0.001723
373406,100,4.0200,216.250,0.8693,0.8700,0.433386,0.000000,0.433386,0.001747,0.000000,0.001747
373577,100,4.0200,215.000,0.8643,0.8700,0.443599,0.000000,0.443599,0.001788,0.000000,0.001788
373677,100,4.0200,215.000,0.8643,0.8700,0.449571,0.000000,0.449571,0.001812,0.000000,0.001812
373777,100,4.0200,215.000,0.8643,0.8700,0.455543,0.000000,0.455543,0.001836,0.000000,0.001836
373877,100,4.0200,215.000,0.8643,0.8700,0.461516,0.000000,0.461516,0.001860,0.000000,0.001860
373977,100,4.0200,215.000,0.8643,0.8700,0.467488,0.000000,0.467488,0.001884,0.000000,0.001884
374077,100,4.0200,216.250,0.8693,0.8700,0.473495,0.000000,0.473495,0.001908,0.000000,0.001908
374177,100,4.0200,216.250,0.8693,0.8700,0.479502,0.000000,0.479502,0.001932,0.000000,0.001932
374277,100,4.0200,217.500,0.8744,0.8700,0.485543,0.000000,0.485543,0.001956,0.000000,0.001956
374377,100,4.0188,217.500,0.8741,0.8700,0.491585,0.000000,0.491585,0.001981,0.000000,0.001981
374477,100,4.0188,217.500,0.8741,0.8700,0.497627,0.000000,0.497627,0.002005,0.000000,0.002005
374577,100,4.0188,218.750,0.8791,0.8800,0.503703,0.000000,0.503703,0.002029,0.000000,0.002029
374677,100,4.0188,218.750,0.8791,0.8800,0.509780,0.000000,0.509780,0.002054,0.000000,0.002054
374777,100,4.0188,218.750,0.8791,0.8700,0.515856,0.000000,0.515856,0.002078,0.000000,0.002078
374877,100,4.0188,217.500,0.8741,0.8800,0.521898,0.000000,0.521898,0.002102,0.000000,0.002102
374977,100,4.0188,216.250,0.8691,0.8700,0.527905,0.000000,0.527905,0.002127,0.000000,0.002127
375077,100,4.0188,216.250,0.8691,0.8700,0.533911,0.000000,0.533911,0.002151,0.000000,0.002151
375177,100,4.0188,216.250,0.8691,0.8700,0.539918,0.000000,0.539918,0.002175,0.000000,0.002175
375277,100,4.0188,216.250,0.8691,0.8700,0.545925,0.000000,0.545925,0.002199,0.000000,0.002199
375377,100,4.0188,215.000,0.8640,0.8700,0.551898,0.000000,0.551898,0.002223,0.000000,0.002223
375477,100,4.0188,215.000,0.8640,0.8700,0.557870,0.000000,0.557870,0.002247,0.000000,0.002247
375577,100,4.0188,215.000,0.8640,0.8700,0.563842,0.000000,0.563842,0.002271,0.000000,0.002271
375677,100,4.0188,215.000,0.8640,0.8700,0.569814,0.000000,0.569814,0.002295,0.000000,0.002295
375777,100,4.0188,215.000,0.8640,0.8700,0.575786,0.000000,0.575786,0.002319,0.000000,0.002319
375877,100,4.0200,215.000,0.8643,0.8700,0.581759,0.000000,0.581759,0.002343,0.000000,0.002343
375977,100,4.0188,215.000,0.8640,0.8700,0.587731,0.000000,0.587731,0.002367,0.000000,0.002367
376077,100,4.0188,215.000,0.8640,0.8700,0.593703,0.000000,0.593703,0.002391,0.000000,0.002391
376177,100,4.0188,215.000,0.8640,0.8600,0.599675,0.000000,0.599675,0.002415,0.000000,0.002415
376277,100,4.0188,213.750,0.8590,0.8600,0.605613,0.000000,0.605613,0.002439,0.000000,0.002439
376377,100,4.0188,213.750,0.8590,0.8600,0.611550,0.000000,0.611550,0.002463,0.000000,0.002463
376477,100,4.0188,215.000,0.8640,0.8600,0.617523,0.000000,0.617523,0.002487,0.000000,0.002487
376577,100,4.0188,215.000,0.8640,0.8600,0.623495,0.000000,0.623495,0.002511,0.000000,0.002511
376677,100,4.0188,215.000,0.8640,0.8600,0.629467,0.000000,0.629467,0.002535,0.000000,0.002535
376777,100,4.0188,215.000,0.8640,0.8700,0.635439,0.000000,0.635439,0.002559,0.000000,0.002559
376877,100,4.0188,213.750,0.8590,0.8600,0.641377,0.000000,0.641377,0.002583,0.000000,0.002583
376977,100,4.0188,215.000,0.8640,0.8600,0.647349,0.000000,0.647349,0.002607,0.000000,0.002607
377077,100,4.0188,215.000,0.8640,0.8600,0.653321,0.000000,0.653321,0.002631,0.000000,0.002631
377177,100,4.0188,215.000,0.8640,0.8600,0.659293,0.000000,0.659293,0.002655,0.000000,0.002655
377292,100,4.0188,213.750,0.8590,0.8600,0.666122,0.000000,0.666122,0.002682,0.000000,0.002682
377392,100,4.0188,215.000,0.8640,0.8600,0.672094,0.000000,0.672094,0.002706,0.000000,0.002706
377492,100,4.0200,213.750,0.8593,0.8600,0.678031,0.000000,0.678031,0.002730,0.000000,0.002730
377592,100,4.0188,215.000,0.8640,0.8600,0.684003,0.000000,0.684003,0.002754,0.000000,0.002754
377692,100,4.0188,215.000,0.8640,0.8600,0.689976,0.000000,0.689976,0.002778,0.000000,0.002778
377792,100,4.0188,213.750,0.8590,0.8600,0.695913,0.000000,0.695913,0.002802,0.000000,0.002802
377892,100,4.0188,213.750,0.8590,0.8600,0.701851,0.000000,0.701851,0.002826,0.000000,0.002826
377992,100,4.0188,215.000,0.8640,0.8600,0.707823,0.000000,0.707823,0.002850,0.000000,0.002850
378092,100,4.0188,213.750,0.8590,0.8700,0.713760,0.000000,0.713760,0.002874,0.000000,0.002874
378192,100,4.0188,215.000,0.8640,0.8600,0.719733,0.000000,0.719733,0.002898,0.000000,0.002898
378292,100,4.0188,215.000,0.8640,0.8600,0.725705,0.000000,0.725705,0.002922,0.000000,0.002922
378392,100,4.0188,215.000,0.8640,0.8600,0.731677,0.000000,0.731677,0.002946,0.000000,0.002946
378492,100,4.0188,215.000,0.8640,0.8700,0.737649,0.000000,0.737649,0.002970,0.000000,0.002970
#MARK,378589,100,"seg_002_p01_b127_end",0.737649,0.000000,0.737649,0.002970,0.000000,0.002970
378593,100,4.0188,215.000,0.8640,0.8600,0.743681,0.000000,0.743681,0.002994,0.000000,0.002994
378726,100,4.0075,248.750,0.9969,1.0000,0.752871,0.000000,0.752871,0.003031,0.000000,0.003031
378826,100,4.0075,248.750,0.9969,1.0000,0.759781,0.000000,0.759781,0.003058,0.000000,0.003058
378926,100,4.0075,248.750,0.9969,1.0000,0.766691,0.000000,0.766691,0.003086,0.000000,0.003086
379026,100,4.0075,248.750,0.9969,1.0000,0.773600,0.000000,0.773600,0.003114,0.000000,0.003114
379126,100,4.0075,248.750,0.9969,1.0000,0.780510,0.000000,0.780510,0.003141,0.000000,0.003141
379226,100,4.0075,248.750,0.9969,1.0000,0.787420,0.000000,0.787420,0.003169,0.000000,0.003169
379326,100,4.0075,248.750,0.9969,1.0000,0.794330,0.000000,0.794330,0.003197,0.000000,0.003197
379426,100,4.0062,248.750,0.9966,0.9900,0.801239,0.000000,0.801239,0.003224,0.000000,0.003224
379526,100,4.0062,250.000,1.0016,1.0000,0.808184,0.000000,0.808184,0.003252,0.000000,0.003252
379626,100,4.0062,248.750,0.9966,1.0000,0.815093,0.000000,0.815093,0.003280,0.000000,0.003280
379726,100,4.0062,248.750,0.9966,1.0000,0.822003,0.000000,0.822003,0.003308,0.000000,0.003308
#MARK,379754,100,"seg_003_p01_b159_start",0.822003,0.000000,0.822003,0.003308,0.000000,0.003308
379826,100,4.0062,248.750,0.9966,0.9900,0.828913,0.000000,0.828913,0.003335,0.000000,0.003335
379955,100,4.0062,247.500,0.9915,0.9900,0.837782,0.000000,0.837782,0.003371,0.000000,0.003371
380055,100,4.0075,247.500,0.9919,1.0000,0.844657,0.000000,0.844657,0.003398,0.000000,0.003398
380155,100,4.0062,247.500,0.9915,0.9900,0.851532,0.000000,0.851532,0.003426,0.000000,0.003426
380255,100,4.0062,247.500,0.9915,1.0000,0.858407,0.000000,0.858407,0.003453,0.000000,0.003453
380355,100,4.0062,247.500,0.9915,1.0000,0.865282,0.000000,0.865282,0.003481,0.000000,0.003481
380455,100,4.0062,248.750,0.9966,1.0000,0.872191,0.000000,0.872191,0.003509,0.000000,0.003509
380555,100,4.0062,250.000,1.0016,1.0000,0.879136,0.000000,0.879136,0.003536,0.000000,0.003536
380655,100,4.0062,250.000,1.0016,1.0000,0.886080,0.000000,0.886080,0.003564,0.000000,0.003564
380755,100,4.0050,251.250,1.0063,1.0100,0.893059,0.000000,0.893059,0.003592,0.000000,0.003592
380855,100,4.0062,251.250,1.0066,1.0100,0.900039,0.000000,0.900039,0.003620,0.000000,0.003620
380955,100,4.0050,250.000,1.0013,1.0000,0.906983,0.000000,0.906983,0.003648,0.000000,0.003648
381055,100,4.0050,250.000,1.0013,1.0000,0.913927,0.000000,0.913927,0.003676,0.000000,0.003676
381155,100,4.0050,251.250,1.0063,1.0000,0.920907,0.000000,0.920907,0.003704,0.000000,0.003704
381255,100,4.0050,251.250,1.0063,1.0000,0.927886,0.000000,0.927886,0.003732,0.000000,0.003732
381355,100,4.0062,248.750,0.9966,1.0000,0.934795,0.000000,0.934795,0.003759,0.000000,0.003759
381455,100,4.0062,248.750,0.9966,1.0000,0.941705,0.000000,0.941705,0.003787,0.000000,0.003787
381555,100,4.0062,248.750,0.9966,1.0000,0.948615,0.000000,0.948615,0.003815,0.000000,0.003815
381655,100,4.0050,248.750,0.9962,1.0000,0.955525,0.000000,0.955525,0.003842,0.000000,0.003842
381755,100,4.0062,248.750,0.9966,1.0000,0.962434,0.000000,0.962434,0.003870,0.000000,0.003870
381855,100,4.0050,248.750,0.9962,1.0000,0.969344,0.000000,0.969344,0.003898,0.000000,0.003898
381955,100,4.0062,247.500,0.9915,1.0000,0.976219,0.000000,0.976219,0.003925,0.000000,0.003925
382055,100,4.0062,247.500,0.9915,0.9900,0.983094,0.000000,0.983094,0.003953,0.000000,0.003953
382155,100,4.0062,248.750,0.9966,1.0000,0.990004,0.000000,0.990004,0.003981,0.000000,0.003981
382255,100,4.0062,247.500,0.9915,0.9900,0.996879,0.000000,0.996879,0.004008,0.000000,0.004008
382355,100,4.0062,247.500,0.9915,1.0000,1.003754,0.000000,1.003754,0.004036,0.000000,0.004036
382455,100,4.0050,247.500,0.9912,0.9900,1.010629,0.000000,1.010629,0.004063,0.000000,0.004063
382555,100,4.0062,247.500,0.9915,0.9900,1.017504,0.000000,1.017504,0.004091,0.000000,0.004091
382655,100,4.0062,247.500,0.9915,0.9900,1.024379,0.000000,1.024379,0.004118,0.000000,0.004118
382755,100,4.0062,247.500,0.9915,0.9900,1.031254,0.000000,1.031254,0.004146,0.000000,0.004146
382855,100,4.0062,247.500,0.9915,1.0000,1.038129,0.000000,1.038129,0.004173,0.000000,0.004173
382955,100,4.0062,247.500,0.9915,0.9900,1.045004,0.000000,1.045004,0.004201,0.000000,0.004201
383055,100,4.0062,246.250,0.9865,0.9900,1.051844,0.000000,1.051844,0.004228,0.000000,0.004228
383155,100,4.0062,247.500,0.9915,0.9900,1.058719,0.000000,1.058719,0.004256,0.000000,0.004256
383255,100,4.0050,247.500,0.9912,1.0000,1.065594,0.000000,1.065594,0.004283,0.000000,0.004283
383355,100,4.0050,247.500,0.9912,0.9900,1.072469,0.000000,1.072469,0.004311,0.000000,0.004311
383455,100,4.0062,246.250,0.9865,0.9900,1.079309,0.000000,1.079309,0.004338,0.000000,0.004338
383555,100,4.0062,247.500,0.9915,0.9900,1.086184,0.000000,1.086184,0.004366,0.000000,0.004366
383655,100,4.0050,247.500,0.9912,0.9900,1.093059,0.000000,1.093059,0.004393,0.000000,0.004393
383755,100,4.0050,246.250,0.9862,0.9900,1.099900,0.000000,1.099900,0.004421,0.000000,0.004421
383855,100,4.0050,246.250,0.9862,0.9900,1.106740,0.000000,1.106740,0.004448,0.000000,0.004448
383955,100,4.0050,246.250,0.9862,0.9900,1.113580,0.000000,1.113580,0.004476,0.000000,0.004476
384055,100,4.0050,246.250,0.9862,0.9900,1.120420,0.000000,1.120420,0.004503,0.000000,0.004503
384155,100,4.0050,246.250,0.9862,0.9900,1.127261,0.000000,1.127261,0.004530,0.000000,0.004530
384255,100,4.0050,246.250,0.9862,0.9900,1.134101,0.000000,1.134101,0.004558,0.000000,0.004558
384355,100,4.0050,246.250,0.9862,0.9900,1.140941,0.000000,1.140941,0.004585,0.000000,0.004585
384455,100,4.0050,247.500,0.9912,1.0000,1.147816,0.000000,1.147816,0.004613,0.000000,0.004613
384555,100,4.0050,247.500,0.9912,0.9900,1.154691,0.000000,1.154691,0.004640,0.000000,0.004640
384655,100,4.0050,247.500,0.9912,0.9900,1.161566,0.000000,1.161566,0.004668,0.000000,0.004668
384755,100,4.0050,247.500,0.9912,0.9900,1.168441,0.000000,1.168441,0.004695,0.000000,0.004695
384855,100,4.0050,247.500,0.9912,0.9900,1.175316,0.000000,1.175316,0.004723,0.000000,0.004723
384955,100,4.0050,247.500,0.9912,0.9900,1.182191,0.000000,1.182191,0.004750,0.000000,0.004750
#MARK,384983,100,"seg_003_p01_b159_end",1.182191,0.000000,1.182191,0.004750,0.000000,0.004750
385055,100,3.9950,282.500,1.1286,1.1300,1.190039,0.000000,1.190039,0.004782,0.000000,0.004782
385251,100,3.9938,280.000,1.1183,1.1200,1.205283,0.000000,1.205283,0.004843,0.000000,0.004843
385351,100,3.9938,280.000,1.1183,1.1200,1.213061,0.000000,1.213061,0.004874,0.000000,0.004874
385451,100,3.9938,280.000,1.1183,1.1200,1.220839,0.000000,1.220839,0.004905,0.000000,0.004905
385551,100,3.9938,281.250,1.1232,1.1200,1.228651,0.000000,1.228651,0.004936,0.000000,0.004936
385651,100,3.9938,281.250,1.1232,1.1200,1.236464,0.000000,1.236464,0.004967,0.000000,0.004967
385760,100,3.9938,281.250,1.1232,1.1300,1.244979,0.000000,1.244979,0.005001,0.000000,0.005001
385860,100,3.9925,281.250,1.1229,1.1200,1.252792,0.000000,1.252792,0.005032,0.000000,0.005032
385960,100,3.9938,281.250,1.1232,1.1200,1.260604,0.000000,1.260604,0.005064,0.000000,0.005064
386060,100,3.9938,281.250,1.1232,1.1200,1.268417,0.000000,1.268417,0.005095,0.000000,0.005095
#MARK,386108,100,"seg_004_p01_b191_start",1.268417,0.000000,1.268417,0.005095,0.000000,0.005095
386160,100,3.9938,280.000,1.1183,1.1200,1.276194,0.000000,1.276194,0.005126,0.000000,0.005126
386273,100,3.9925,280.000,1.1179,1.1200,1.284983,0.000000,1.284983,0.005161,0.000000,0.005161
386373,100,3.9938,280.000,1.1183,1.1200,1.292761,0.000000,1.292761,0.005192,0.000000,0.005192
386473,100,3.9938,280.000,1.1183,1.1200,1.300539,0.000000,1.300539,0.005223,0.000000,0.005223
386573,100,3.9938,278.750,1.1133,1.1200,1.308282,0.000000,1.308282,0.005254,0.000000,0.005254
386673,100,3.9925,280.000,1.1179,1.1200,1.316060,0.000000,1.316060,0.005285,0.000000,0.005285
386773,100,3.9925,280.000,1.1179,1.1200,1.323838,0.000000,1.323838,0.005316,0.000000,0.005316
386873,100,3.9925,280.000,1.1179,1.1200,1.331615,0.000000,1.331615,0.005347,0.000000,0.005347
386973,100,3.9925,281.250,1.1229,1.1200,1.339428,0.000000,1.339428,0.005378,0.000000,0.005378
387073,100,3.9925,282.500,1.1279,1.1300,1.347275,0.000000,1.347275,0.005410,0.000000,0.005410
387173,100,3.9925,282.500,1.1279,1.1300,1.355122,0.000000,1.355122,0.005441,0.000000,0.005441
387273,100,3.9913,282.500,1.1275,1.1300,1.362969,0.000000,1.362969,0.005472,0.000000,0.005472
387373,100,3.9913,283.750,1.1325,1.1300,1.370851,0.000000,1.370851,0.005504,0.000000,0.005504
387473,100,3.9913,282.500,1.1275,1.1300,1.378699,0.000000,1.378699,0.005535,0.000000,0.005535
387573,100,3.9913,283.750,1.1325,1.1300,1.386581,0.000000,1.386581,0.005567,0.000000,0.005567
387673,100,3.9913,282.500,1.1275,1.1300,1.394428,0.000000,1.394428,0.005598,0.000000,0.005598
387773,100,3.9913,282.500,1.1275,1.1300,1.402275,0.000000,1.402275,0.005629,0.000000,0.005629
387873,100,3.9913,281.250,1.1225,1.1200,1.410088,0.000000,1.410088,0.005660,0.000000,0.005660
387973,100,3.9913,281.250,1.1225,1.1200,1.417900,0.000000,1.417900,0.005692,0.000000,0.005692
388073,100,3.9925,280.000,1.1179,1.1200,1.425678,0.000000,1.425678,0.005723,0.000000,0.005723
388173,100,3.9913,280.000,1.1176,1.1200,1.433456,0.000000,1.433456,0.005754,0.000000,0.005754
388273,100,3.9925,280.000,1.1179,1.1200,1.441233,0.000000,1.441233,0.005785,0.000000,0.005785
388373,100,3.9913,281.250,1.1225,1.1200,1.449046,0.000000,1.449046,0.005816,0.000000,0.005816
388473,100,3.9913,280.000,1.1176,1.1200,1.456824,0.000000,1.456824,0.005847,0.000000,0.005847
388573,100,3.9913,280.000,1.1176,1.1200,1.464601,0.000000,1.464601,0.005878,0.000000,0.005878
388673,100,3.9913,280.000,1.1176,1.1200,1.472379,0.000000,1.472379,0.005909,0.000000,0.005909
388773,100,3.9913,280.000,1.1176,1.1200,1.480157,0.000000,1.480157,0.005940,0.000000,0.005940
388873,100,3.9913,280.000,1.1176,1.1100,1.487935,0.000000,1.487935,0.005971,0.000000,0.005971
388973,100,3.9913,280.000,1.1176,1.1200,1.495713,0.000000,1.495713,0.006002,0.000000,0.006002
389073,100,3.9913,278.750,1.1126,1.1200,1.503456,0.000000,1.503456,0.006033,0.000000,0.006033
389173,100,3.9913,278.750,1.1126,1.1100,1.511199,0.000000,1.511199,0.006064,0.000000,0.006064
389273,100,3.9925,278.750,1.1129,1.1100,1.518942,0.000000,1.518942,0.006095,0.000000,0.006095
389373,100,3.9913,280.000,1.1176,1.1200,1.526719,0.000000,1.526719,0.006126,0.000000,0.006126
389473,100,3.9913,278.750,1.1126,1.1200,1.534463,0.000000,1.534463,0.006157,0.000000,0.006157
389573,100,3.9913,280.000,1.1176,1.1200,1.542240,0.000000,1.542240,0.006188,0.000000,0.006188
389673,100,3.9913,280.000,1.1176,1.1200,1.550018,0.000000,1.550018,0.006219,0.000000,0.006219
389773,100,3.9913,278.750,1.1126,1.1100,1.557761,0.000000,1.557761,0.006250,0.000000,0.006250
389873,100,3.9913,278.750,1.1126,1.1100,1.565504,0.000000,1.565504,0.006281,0.000000,0.006281
389973,100,3.9913,278.750,1.1126,1.1100,1.573247,0.000000,1.573247,0.006312,0.000000,0.006312
390073,100,3.9913,278.750,1.1126,1.1100,1.580990,0.000000,1.580990,0.006342,0.000000,0.006342
390173,100,3.9913,278.750,1.1126,1.1100,1.588733,0.000000,1.588733,0.006373,0.000000,0.006373
390273,100,3.9913,278.750,1.1126,1.1100,1.596476,0.000000,1.596476,0.006404,0.000000,0.006404
390373,100,3.9913,278.750,1.1126,1.1100,1.604219,0.000000,1.604219,0.006435,0.000000,0.006435
390473,100,3.9913,278.750,1.1126,1.1100,1.611963,0.000000,1.611963,0.006466,0.000000,0.006466
390573,100,3.9913,278.750,1.1126,1.1100,1.619706,0.000000,1.619706,0.006497,0.000000,0.006497
390673,100,3.9913,278.750,1.1126,1.1200,1.627449,0.000000,1.627449,0.006528,0.000000,0.006528
390773,100,3.9913,278.750,1.1126,1.1100,1.635192,0.000000,1.635192,0.006559,0.000000,0.006559
390873,100,3.9913,280.000,1.1176,1.1200,1.642969,0.000000,1.642969,0.006590,0.000000,0.006590
390973,100,3.9913,278.750,1.1126,1.1100,1.650713,0.000000,1.650713,0.006621,0.000000,0.006621
391073,100,3.9913,280.000,1.1176,1.1200,1.658490,0.000000,1.658490,0.006652,0.000000,0.006652
391173,100,3.9913,280.000,1.1176,1.1200,1.666268,0.000000,1.666268,0.006683,0.000000,0.006683
391273,100,3.9913,278.750,1.1126,1.1100,1.674011,0.000000,1.674011,0.006714,0.000000,0.006714
#MARK,391356,100,"seg_004_p01_b191_end",1.674011,0.000000,1.674011,0.006714,0.000000,0.006714
391373,100,3.9913,278.750,1.1126,1.1100,1.681754,0.000000,1.681754,0.006745,0.000000,0.006745
391561,100,3.9800,311.250,1.2388,1.2400,1.698008,0.000000,1.698008,0.006809,0.000000,0.006809
391661,100,3.9813,311.250,1.2392,1.2400,1.706654,0.000000,1.706654,0.006844,0.000000,0.006844
391761,100,3.9800,311.250,1.2388,1.2400,1.715300,0.000000,1.715300,0.006878,0.000000,0.006878
391861,100,3.9800,311.250,1.2388,1.2400,1.723946,0.000000,1.723946,0.006913,0.000000,0.006913
391961,100,3.9800,311.250,1.2388,1.2400,1.732592,0.000000,1.732592,0.006947,0.000000,0.006947
392061,100,3.9800,311.250,1.2388,1.2400,1.741238,0.000000,1.741238,0.006981,0.000000,0.006981
392161,100,3.9800,311.250,1.2388,1.2400,1.749883,0.000000,1.749883,0.007016,0.000000,0.007016
392261,100,3.9800,311.250,1.2388,1.2400,1.758529,0.000000,1.758529,0.007050,0.000000,0.007050
392361,100,3.9787,311.250,1.2384,1.2400,1.767175,0.000000,1.767175,0.007085,0.000000,0.007085
392461,100,3.9800,311.250,1.2388,1.2400,1.775821,0.000000,1.775821,0.007119,0.000000,0.007119
#MARK,392490,100,"seg_005_p01_b223_start",1.775821,0.000000,1.775821,0.007119,0.000000,0.007119
392561,100,3.9787,311.250,1.2384,1.2400,1.784467,0.000000,1.784467,0.007153,0.000000,0.007153
392758,100,3.9800,310.000,1.2338,1.2300,1.801431,0.000000,1.801431,0.007221,0.000000,0.007221
392858,100,3.9800,310.000,1.2338,1.2300,1.810042,0.000000,1.810042,0.007255,0.000000,0.007255
392958,100,3.9800,310.000,1.2338,1.2300,1.818653,0.000000,1.818653,0.007290,0.000000,0.007290
393058,100,3.9800,310.000,1.2338,1.2300,1.827264,0.000000,1.827264,0.007324,0.000000,0.007324
393158,100,3.9787,310.000,1.2334,1.2400,1.835875,0.000000,1.835875,0.007358,0.000000,0.007358
393258,100,3.9787,311.250,1.2384,1.2400,1.844521,0.000000,1.844521,0.007392,0.000000,0.007392
393358,100,3.9787,312.500,1.2434,1.2400,1.853201,0.000000,1.853201,0.007427,0.000000,0.007427
393458,100,3.9787,312.500,1.2434,1.2400,1.861882,0.000000,1.861882,0.007462,0.000000,0.007462
393558,100,3.9775,313.750,1.2479,1.2400,1.870597,0.000000,1.870597,0.007496,0.000000,0.007496
393658,100,3.9775,313.750,1.2479,1.2500,1.879313,0.000000,1.879313,0.007531,0.000000,0.007531
393758,100,3.9775,313.750,1.2479,1.2400,1.888028,0.000000,1.888028,0.007566,0.000000,0.007566
393858,100,3.9775,313.750,1.2479,1.2400,1.896743,0.000000,1.896743,0.007600,0.000000,0.007600
393958,100,3.9775,313.750,1.2479,1.2400,1.905458,0.000000,1.905458,0.007635,0.000000,0.007635
394058,100,3.9775,313.750,1.2479,1.2400,1.914174,0.000000,1.914174,0.007670,0.000000,0.007670
394158,100,3.9775,311.250,1.2380,1.2400,1.922819,0.000000,1.922819,0.007704,0.000000,0.007704
394276,100,3.9775,312.500,1.2430,1.2400,1.933063,0.000000,1.933063,0.007745,0.000000,0.007745
394376,100,3.9775,311.250,1.2380,1.2400,1.941708,0.000000,1.941708,0.007779,0.000000,0.007779
394476,100,3.9775,311.250,1.2380,1.2400,1.950354,0.000000,1.950354,0.007813,0.000000,0.007813
394576,100,3.9775,311.250,1.2380,1.2300,1.959000,0.000000,1.959000,0.007848,0.000000,0.007848
394676,100,3.9775,311.250,1.2380,1.2400,1.967646,0.000000,1.967646,0.007882,0.000000,0.007882
394776,100,3.9775,311.250,1.2380,1.2400,1.976292,0.000000,1.976292,0.007917,0.000000,0.007917
394876,100,3.9775,311.250,1.2380,1.2300,1.984938,0.000000,1.984938,0.007951,0.000000,0.007951
394976,100,3.9775,310.000,1.2330,1.2300,1.993549,0.000000,1.993549,0.007985,0.000000,0.007985
395076,100,3.9775,310.000,1.2330,1.2300,2.002160,0.000000,2.002160,0.008019,0.000000,0.008019
395176,100,3.9775,310.000,1.2330,1.2400,2.010771,0.000000,2.010771,0.008054,0.000000,0.008054
395276,100,3.9775,310.000,1.2330,1.2300,2.019382,0.000000,2.019382,0.008088,0.000000,0.008088
395376,100,3.9775,310.000,1.2330,1.2300,2.027993,0.000000,2.027993,0.008122,0.000000,0.008122
395476,100,3.9775,310.000,1.2330,1.2300,2.036604,0.000000,2.036604,0.008156,0.000000,0.008156
395576,100,3.9775,310.000,1.2330,1.2300,2.045215,0.000000,2.045215,0.008191,0.000000,0.008191
395676,100,3.9775,310.000,1.2330,1.2300,2.053826,0.000000,2.053826,0.008225,0.000000,0.008225
395776,100,3.9775,310.000,1.2330,1.2300,2.062438,0.000000,2.062438,0.008259,0.000000,0.008259
395876,100,3.9775,308.750,1.2281,1.2300,2.071014,0.000000,2.071014,0.008293,0.000000,0.008293
395976,100,3.9775,310.000,1.2330,1.2300,2.079625,0.000000,2.079625,0.008328,0.000000,0.008328
396076,100,3.9775,308.750,1.2281,1.2300,2.088201,0.000000,2.088201,0.008362,0.000000,0.008362
396176,100,3.9775,308.750,1.2281,1.2300,2.096778,0.000000,2.096778,0.008396,0.000000,0.008396
396276,100,3.9775,310.000,1.2330,1.2300,2.105389,0.000000,2.105389,0.008430,0.000000,0.008430
396376,100,3.9775,310.000,1.2330,1.2300,2.114000,0.000000,2.114000,0.008464,0.000000,0.008464
396476,100,3.9775,308.750,1.2281,1.2300,2.122576,0.000000,2.122576,0.008498,0.000000,0.008498
396576,100,3.9775,308.750,1.2281,1.2300,2.131153,0.000000,2.131153,0.008533,0.000000,0.008533
396676,100,3.9775,308.750,1.2281,1.2300,2.139729,0.000000,2.139729,0.008567,0.000000,0.008567
396776,100,3.9775,308.750,1.2281,1.2300,2.148306,0.000000,2.148306,0.008601,0.000000,0.008601
396876,100,3.9775,308.750,1.2281,1.2300,2.156882,0.000000,2.156882,0.008635,0.000000,0.008635
396976,100,3.9775,308.750,1.2281,1.2300,2.165458,0.000000,2.165458,0.008669,0.000000,0.008669
397076,100,3.9775,308.750,1.2281,1.2300,2.174035,0.000000,2.174035,0.008703,0.000000,0.008703
397176,100,3.9775,310.000,1.2330,1.2300,2.182646,0.000000,2.182646,0.008737,0.000000,0.008737
397276,100,3.9775,310.000,1.2330,1.2300,2.191257,0.000000,2.191257,0.008772,0.000000,0.008772
397376,100,3.9762,310.000,1.2326,1.2300,2.199868,0.000000,2.199868,0.008806,0.000000,0.008806
397476,100,3.9775,310.000,1.2330,1.2300,2.208479,0.000000,2.208479,0.008840,0.000000,0.008840
397576,100,3.9762,310.000,1.2326,1.2300,2.217090,0.000000,2.217090,0.008874,0.000000,0.008874
397676,100,3.9762,310.000,1.2326,1.2300,2.225701,0.000000,2.225701,0.008909,0.000000,0.008909
#MARK,397734,100,"seg_005_p01_b223_end",2.225701,0.000000,2.225701,0.008909,0.000000,0.008909
397776,100,3.9775,308.750,1.2281,1.2300,2.234278,0.000000,2.234278,0.008943,0.000000,0.008943
397932,100,3.9662,340.000,1.3485,1.3500,2.249011,0.000000,2.249011,0.009001,0.000000,0.009001
398032,100,3.9662,341.250,1.3535,1.3500,2.258490,0.000000,2.258490,0.009039,0.000000,0.009039
398132,100,3.9662,341.250,1.3535,1.3500,2.267969,0.000000,2.267969,0.009076,0.000000,0.009076
398232,100,3.9662,340.000,1.3485,1.3500,2.277414,0.000000,2.277414,0.009114,0.000000,0.009114
398332,100,3.9662,341.250,1.3535,1.3500,2.286893,0.000000,2.286893,0.009151,0.000000,0.009151
398432,100,3.9650,341.250,1.3531,1.3500,2.296372,0.000000,2.296372,0.009189,0.000000,0.009189
398532,100,3.9662,342.500,1.3584,1.3500,2.305886,0.000000,2.305886,0.009227,0.000000,0.009227
398632,100,3.9650,341.250,1.3531,1.3500,2.315365,0.000000,2.315365,0.009264,0.000000,0.009264
398732,100,3.9662,341.250,1.3535,1.3500,2.324844,0.000000,2.324844,0.009302,0.000000,0.009302
398832,100,3.9662,341.250,1.3535,1.3500,2.334324,0.000000,2.334324,0.009339,0.000000,0.009339
#MARK,398872,100,"seg_006_p01_b255_start",2.334324,0.000000,2.334324,0.009339,0.000000,0.009339
398932,100,3.9650,340.000,1.3481,1.3500,2.343768,0.000000,2.343768,0.009377,0.000000,0.009377
399096,100,3.9650,341.250,1.3531,1.3500,2.359314,0.000000,2.359314,0.009439,0.000000,0.009439
399196,100,3.9650,340.000,1.3481,1.3500,2.368758,0.000000,2.368758,0.009476,0.000000,0.009476
399296,100,3.9650,340.000,1.3481,1.3500,2.378203,0.000000,2.378203,0.009513,0.000000,0.009513
399396,100,3.9650,340.000,1.3481,1.3500,2.387647,0.000000,2.387647,0.009551,0.000000,0.009551
399496,100,3.9650,340.000,1.3481,1.3400,2.397092,0.000000,2.397092,0.009588,0.000000,0.009588
399596,100,3.9650,340.000,1.3481,1.3500,2.406536,0.000000,2.406536,0.009626,0.000000,0.009626
399696,100,3.9650,341.250,1.3531,1.3500,2.416015,0.000000,2.416015,0.009663,0.000000,0.009663
399796,100,3.9637,342.500,1.3576,1.3600,2.425529,0.000000,2.425529,0.009701,0.000000,0.009701
399896,100,3.9637,342.500,1.3576,1.3600,2.435043,0.000000,2.435043,0.009739,0.000000,0.009739
399996,100,3.9637,343.750,1.3625,1.3600,2.444592,0.000000,2.444592,0.009777,0.000000,0.009777
400096,100,3.9637,343.750,1.3625,1.3600,2.454140,0.000000,2.454140,0.009815,0.000000,0.009815
400196,100,3.9637,345.000,1.3675,1.3700,2.463724,0.000000,2.463724,0.009852,0.000000,0.009852
400296,100,3.9637,343.750,1.3625,1.3700,2.473272,0.000000,2.473272,0.009890,0.000000,0.009890
400396,100,3.9637,343.750,1.3625,1.3600,2.482821,0.000000,2.482821,0.009928,0.000000,0.009928
400496,100,3.9637,343.750,1.3625,1.3600,2.492369,0.000000,2.492369,0.009966,0.000000,0.009966
400596,100,3.9637,342.500,1.3576,1.3600,2.501883,0.000000,2.501883,0.010004,0.000000,0.010004
400696,100,3.9637,342.500,1.3576,1.3600,2.511397,0.000000,2.511397,0.010041,0.000000,0.010041
400796,100,3.9637,341.250,1.3526,1.3500,2.520876,0.000000,2.520876,0.010079,0.000000,0.010079
400896,100,3.9637,341.250,1.3526,1.3500,2.530356,0.000000,2.530356,0.010117,0.000000,0.010117
400996,100,3.9637,341.250,1.3526,1.3500,2.539835,0.000000,2.539835,0.010154,0.000000,0.010154
401096,100,3.9637,341.250,1.3526,1.3500,2.549314,0.000000,2.549314,0.010192,0.000000,0.010192
401196,100,3.9637,340.000,1.3477,1.3500,2.558758,0.000000,2.558758,0.010229,0.000000,0.010229
401296,100,3.9637,340.000,1.3477,1.3500,2.568203,0.000000,2.568203,0.010267,0.000000,0.010267
401396,100,3.9637,340.000,1.3477,1.3500,2.577647,0.000000,2.577647,0.010304,0.000000,0.010304
401496,100,3.9637,340.000,1.3477,1.3500,2.587092,0.000000,2.587092,0.010341,0.000000,0.010341
401596,100,3.9637,340.000,1.3477,1.3500,2.596536,0.000000,2.596536,0.010379,0.000000,0.010379
401696,100,3.9637,340.000,1.3477,1.3500,2.605981,0.000000,2.605981,0.010416,0.000000,0.010416
401796,100,3.9637,340.000,1.3477,1.3500,2.615425,0.000000,2.615425,0.010454,0.000000,0.010454
401896,100,3.9637,340.000,1.3477,1.3500,2.624869,0.000000,2.624869,0.010491,0.000000,0.010491
401996,100,3.9637,338.750,1.3427,1.3400,2.634279,0.000000,2.634279,0.010529,0.000000,0.010529
402096,100,3.9637,340.000,1.3477,1.3500,2.643724,0.000000,2.643724,0.010566,0.000000,0.010566
402196,100,3.9637,338.750,1.3427,1.3400,2.653133,0.000000,2.653133,0.010603,0.000000,0.010603
402296,100,3.9637,340.000,1.3477,1.3400,2.662578,0.000000,2.662578,0.010641,0.000000,0.010641
402396,100,3.9637,340.000,1.3477,1.3500,2.672022,0.000000,2.672022,0.010678,0.000000,0.010678
402496,100,3.9637,340.000,1.3477,1.3500,2.681467,0.000000,2.681467,0.010716,0.000000,0.010716
402596,100,3.9637,340.000,1.3477,1.3500,2.690911,0.000000,2.690911,0.010753,0.000000,0.010753
402696,100,3.9637,340.000,1.3477,1.3400,2.700356,0.000000,2.700356,0.010790,0.000000,0.010790
402802,100,3.9637,338.750,1.3427,1.3400,2.710330,0.000000,2.710330,0.010830,0.000000,0.010830
402902,100,3.9637,340.000,1.3477,1.3500,2.719774,0.000000,2.719774,0.010867,0.000000,0.010867
403002,100,3.9625,338.750,1.3423,1.3400,2.729184,0.000000,2.729184,0.010905,0.000000,0.010905
403102,100,3.9625,338.750,1.3423,1.3400,2.738594,0.000000,2.738594,0.010942,0.000000,0.010942
403202,100,3.9625,338.750,1.3423,1.3400,2.748003,0.000000,2.748003,0.010979,0.000000,0.010979
403302,100,3.9625,338.750,1.3423,1.3400,2.757413,0.000000,2.757413,0.011017,0.000000,0.011017
403402,100,3.9625,338.750,1.3423,1.3400,2.766823,0.000000,2.766823,0.011054,0.000000,0.011054
403502,100,3.9625,338.750,1.3423,1.3400,2.776233,0.000000,2.776233,0.011091,0.000000,0.011091
403602,100,3.9625,340.000,1.3473,1.3400,2.785677,0.000000,2.785677,0.011129,0.000000,0.011129
403702,100,3.9625,338.750,1.3423,1.3400,2.795087,0.000000,2.795087,0.011166,0.000000,0.011166
403802,100,3.9625,338.750,1.3423,1.3400,2.804497,0.000000,2.804497,0.011203,0.000000,0.011203
403902,100,3.9625,340.000,1.3473,1.3500,2.813941,0.000000,2.813941,0.011241,0.000000,0.011241
404002,100,3.9625,340.000,1.3473,1.3400,2.823385,0.000000,2.823385,0.011278,0.000000,0.011278
404102,100,3.9625,338.750,1.3423,1.3400,2.832795,0.000000,2.832795,0.011315,0.000000,0.011315
#MARK,404131,100,"seg_006_p01_b255_end",2.832795,0.000000,2.832795,0.011315,0.000000,0.011315
404202,100,4.0163,161.250,0.6476,0.6500,2.837274,0.000000,2.837274,0.011333,0.000000,0.011333
404326,100,4.0188,160.000,0.6430,0.6400,2.842785,0.000000,2.842785,0.011355,0.000000,0.011355
404426,100,4.0188,160.000,0.6430,0.6400,2.847230,0.000000,2.847230,0.011373,0.000000,0.011373
404526,100,4.0200,160.000,0.6432,0.6400,2.851674,0.000000,2.851674,0.011391,0.000000,0.011391
404626,100,4.0200,160.000,0.6432,0.6400,2.856119,0.000000,2.856119,0.011409,0.000000,0.011409
404726,100,4.0200,160.000,0.6432,0.6400,2.860563,0.000000,2.860563,0.011427,0.000000,0.011427
404826,100,4.0200,160.000,0.6432,0.6400,2.865008,0.000000,2.865008,0.011445,0.000000,0.011445
404926,100,4.0200,160.000,0.6432,0.6400,2.869452,0.000000,2.869452,0.011463,0.000000,0.011463
405026,100,4.0212,160.000,0.6434,0.6400,2.873897,0.000000,2.873897,0.011480,0.000000,0.011480
405126,100,4.0212,160.000,0.6434,0.6400,2.878341,0.000000,2.878341,0.011498,0.000000,0.011498
405226,100,4.0212,161.250,0.6484,0.6500,2.882820,0.000000,2.882820,0.011516,0.000000,0.011516
#MARK,405256,100,"seg_007_p02_b095_start",2.882820,0.000000,2.882820,0.011516,0.000000,0.011516
405326,100,4.0212,160.000,0.6434,0.6400,2.887265,0.000000,2.887265,0.011534,0.000000,0.011534
405463,100,4.0212,160.000,0.6434,0.6400,2.893353,0.000000,2.893353,0.011559,0.000000,0.011559
405563,100,4.0212,160.000,0.6434,0.6400,2.897798,0.000000,2.897798,0.011577,0.000000,0.011577
405663,100,4.0212,158.750,0.6384,0.6400,2.902208,0.000000,2.902208,0.011594,0.000000,0.011594
405763,100,4.0212,160.000,0.6434,0.6400,2.906652,0.000000,2.906652,0.011612,0.000000,0.011612
405863,100,4.0212,158.750,0.6384,0.6400,2.911062,0.000000,2.911062,0.011630,0.000000,0.011630
405963,100,4.0212,160.000,0.6434,0.6400,2.915506,0.000000,2.915506,0.011648,0.000000,0.011648
406063,100,4.0212,160.000,0.6434,0.6400,2.919951,0.000000,2.919951,0.011666,0.000000,0.011666
406163,100,4.0212,160.000,0.6434,0.6400,2.924395,0.000000,2.924395,0.011684,0.000000,0.011684
406263,100,4.0212,161.250,0.6484,0.6400,2.928874,0.000000,2.928874,0.011702,0.000000,0.011702
406363,100,4.0225,160.000,0.6436,0.6400,2.933319,0.000000,2.933319,0.011719,0.000000,0.011719
406463,100,4.0225,160.000,0.6436,0.6400,2.937763,0.000000,2.937763,0.011737,0.000000,0.011737
406563,100,4.0212,160.000,0.6434,0.6500,2.942208,0.000000,2.942208,0.011755,0.000000,0.011755
406663,100,4.0225,160.000,0.6436,0.6400,2.946652,0.000000,2.946652,0.011773,0.000000,0.011773
406763,100,4.0225,160.000,0.6436,0.6400,2.951097,0.000000,2.951097,0.011791,0.000000,0.011791
406863,100,4.0225,158.750,0.6386,0.6400,2.955506,0.000000,2.955506,0.011809,0.000000,0.011809
406963,100,4.0225,158.750,0.6386,0.6400,2.959916,0.000000,2.959916,0.011826,0.000000,0.011826
407063,100,4.0225,158.750,0.6386,0.6400,2.964326,0.000000,2.964326,0.011844,0.000000,0.011844
407163,100,4.0225,157.500,0.6335,0.6400,2.968701,0.000000,2.968701,0.011862,0.000000,0.011862
407263,100,4.0225,158.750,0.6386,0.6400,2.973110,0.000000,2.973110,0.011879,0.000000,0.011879
407363,100,4.0225,158.750,0.6386,0.6400,2.977520,0.000000,2.977520,0.011897,0.000000,0.011897
407463,100,4.0225,160.000,0.6436,0.6400,2.981965,0.000000,2.981965,0.011915,0.000000,0.011915
407563,100,4.0225,158.750,0.6386,0.6400,2.986374,0.000000,2.986374,0.011933,0.000000,0.011933
407663,100,4.0237,158.750,0.6388,0.6400,2.990784,0.000000,2.990784,0.011951,0.000000,0.011951
407763,100,4.0225,158.750,0.6386,0.6400,2.995194,0.000000,2.995194,0.011968,0.000000,0.011968
407863,100,4.0225,158.750,0.6386,0.6400,2.999603,0.000000,2.999603,0.011986,0.000000,0.011986
407963,100,4.0225,158.750,0.6386,0.6400,3.004013,0.000000,3.004013,0.012004,0.000000,0.012004
408063,100,4.0237,158.750,0.6388,0.6400,3.008423,0.000000,3.008423,0.012022,0.000000,0.012022
408163,100,4.0225,158.750,0.6386,0.6400,3.012833,0.000000,3.012833,0.012039,0.000000,0.012039
408263,100,4.0237,158.750,0.6388,0.6400,3.017242,0.000000,3.017242,0.012057,0.000000,0.012057
408363,100,4.0237,157.500,0.6337,0.6400,3.021617,0.000000,3.021617,0.012075,0.000000,0.012075
408463,100,4.0237,158.750,0.6388,0.6400,3.026027,0.000000,3.026027,0.012092,0.000000,0.012092
408563,100,4.0237,158.750,0.6388,0.6400,3.030437,0.000000,3.030437,0.012110,0.000000,0.012110
408663,100,4.0237,158.750,0.6388,0.6400,3.034847,0.000000,3.034847,0.012128,0.000000,0.012128
408763,100,4.0237,158.750,0.6388,0.6400,3.039256,0.000000,3.039256,0.012146,0.000000,0.012146
408863,100,4.0237,158.750,0.6388,0.6400,3.043666,0.000000,3.043666,0.012163,0.000000,0.012163
408963,100,4.0237,158.750,0.6388,0.6400,3.048076,0.000000,3.048076,0.012181,0.000000,0.012181
409063,100,4.0237,158.750,0.6388,0.6400,3.052485,0.000000,3.052485,0.012199,0.000000,0.012199
409163,100,4.0237,157.500,0.6337,0.6400,3.056860,0.000000,3.056860,0.012216,0.000000,0.012216
409263,100,4.0237,158.750,0.6388,0.6400,3.061270,0.000000,3.061270,0.012234,0.000000,0.012234
409363,100,4.0237,158.750,0.6388,0.6400,3.065680,0.000000,3.065680,0.012252,0.000000,0.012252
409463,100,4.0237,158.750,0.6388,0.6400,3.070090,0.000000,3.070090,0.012270,0.000000,0.012270
409563,100,4.0237,158.750,0.6388,0.6400,3.074499,0.000000,3.074499,0.012287,0.000000,0.012287
409663,100,4.0237,158.750,0.6388,0.6400,3.078909,0.000000,3.078909,0.012305,0.000000,0.012305
409763,100,4.0237,158.750,0.6388,0.6400,3.083319,0.000000,3.083319,0.012323,0.000000,0.012323
409863,100,4.0237,160.000,0.6438,0.6400,3.087763,0.000000,3.087763,0.012341,0.000000,0.012341
409963,100,4.0237,158.750,0.6388,0.6400,3.092173,0.000000,3.092173,0.012359,0.000000,0.012359
410063,100,4.0237,158.750,0.6388,0.6400,3.096583,0.000000,3.096583,0.012376,0.000000,0.012376
410163,100,4.0237,158.750,0.6388,0.6400,3.100992,0.000000,3.100992,0.012394,0.000000,0.012394
410263,100,4.0237,157.500,0.6337,0.6400,3.105367,0.000000,3.105367,0.012412,0.000000,0.012412
410363,100,4.0237,158.750,0.6388,0.6400,3.109777,0.000000,3.109777,0.012429,0.000000,0.012429
410463,100,4.0237,158.750,0.6388,0.6400,3.114187,0.000000,3.114187,0.012447,0.000000,0.012447
#MARK,410493,100,"seg_007_p02_b095_end",3.114187,0.000000,3.114187,0.012447,0.000000,0.012447
410563,100,4.0150,191.250,0.7679,0.7700,3.119499,0.000000,3.119499,0.012468,0.000000,0.012468
410777,100,4.0150,188.750,0.7578,0.7600,3.130719,0.000000,3.130719,0.012513,0.000000,0.012513
410877,100,4.0150,188.750,0.7578,0.7600,3.135963,0.000000,3.135963,0.012535,0.000000,0.012535
410977,100,4.0150,188.750,0.7578,0.7600,3.141206,0.000000,3.141206,0.012556,0.000000,0.012556
411077,100,4.0150,188.750,0.7578,0.7600,3.146449,0.000000,3.146449,0.012577,0.000000,0.012577
411177,100,4.0138,188.750,0.7576,0.7600,3.151692,0.000000,3.151692,0.012598,0.000000,0.012598
411291,100,4.0150,188.750,0.7578,0.7600,3.157669,0.000000,3.157669,0.012622,0.000000,0.012622
411391,100,4.0150,188.750,0.7578,0.7600,3.162912,0.000000,3.162912,0.012643,0.000000,0.012643
411491,100,4.0150,190.000,0.7628,0.7600,3.168190,0.000000,3.168190,0.012664,0.000000,0.012664
411591,100,4.0150,188.750,0.7578,0.7600,3.173433,0.000000,3.173433,0.012685,0.000000,0.012685
#MARK,411621,100,"seg_008_p02_b127_start",3.173433,0.000000,3.173433,0.012685,0.000000,0.012685
411691,100,4.0150,188.750,0.7578,0.7600,3.178676,0.000000,3.178676,0.012706,0.000000,0.012706
411814,100,4.0150,188.750,0.7578,0.7600,3.185125,0.000000,3.185125,0.012732,0.000000,0.012732
411914,100,4.0150,188.750,0.7578,0.7600,3.190368,0.000000,3.190368,0.012753,0.000000,0.012753
412014,100,4.0138,188.750,0.7576,0.7600,3.195611,0.000000,3.195611,0.012774,0.000000,0.012774
412114,100,4.0150,190.000,0.7628,0.7600,3.200889,0.000000,3.200889,0.012795,0.000000,0.012795
412214,100,4.0150,190.000,0.7628,0.7700,3.206166,0.000000,3.206166,0.012816,0.000000,0.012816
412314,100,4.0150,188.750,0.7578,0.7600,3.211409,0.000000,3.211409,0.012837,0.000000,0.012837
412414,100,4.0150,190.000,0.7628,0.7600,3.216687,0.000000,3.216687,0.012859,0.000000,0.012859
412514,100,4.0150,188.750,0.7578,0.7600,3.221930,0.000000,3.221930,0.012880,0.000000,0.012880
412614,100,4.0150,188.750,0.7578,0.7600,3.227173,0.000000,3.227173,0.012901,0.000000,0.012901
412714,100,4.0150,188.750,0.7578,0.7600,3.232416,0.000000,3.232416,0.012922,0.000000,0.012922
412814,100,4.0138,188.750,0.7576,0.7600,3.237659,0.000000,3.237659,0.012943,0.000000,0.012943
412914,100,4.0138,188.750,0.7576,0.7600,3.242902,0.000000,3.242902,0.012964,0.000000,0.012964
413014,100,4.0150,188.750,0.7578,0.7600,3.248145,0.000000,3.248145,0.012985,0.000000,0.012985
413114,100,4.0150,188.750,0.7578,0.7600,3.253389,0.000000,3.253389,0.013006,0.000000,0.013006
413214,100,4.0150,188.750,0.7578,0.7600,3.258632,0.000000,3.258632,0.013027,0.000000,0.013027
413314,100,4.0150,187.500,0.7528,0.7600,3.263840,0.000000,3.263840,0.013048,0.000000,0.013048
413414,100,4.0150,187.500,0.7528,0.7500,3.269048,0.000000,3.269048,0.013069,0.000000,0.013069
413514,100,4.0150,187.500,0.7528,0.7500,3.274257,0.000000,3.274257,0.013090,0.000000,0.013090
413614,100,4.0150,187.500,0.7528,0.7500,3.279465,0.000000,3.279465,0.013111,0.000000,0.013111
413714,100,4.0150,187.500,0.7528,0.7500,3.284673,0.000000,3.284673,0.013132,0.000000,0.013132
413814,100,4.0150,186.250,0.7478,0.7500,3.289847,0.000000,3.289847,0.013152,0.000000,0.013152
413914,100,4.0150,187.500,0.7528,0.7500,3.295055,0.000000,3.295055,0.013173,0.000000,0.013173
414014,100,4.0163,187.500,0.7530,0.7500,3.300264,0.000000,3.300264,0.013194,0.000000,0.013194
414114,100,4.0150,187.500,0.7528,0.7500,3.305472,0.000000,3.305472,0.013215,0.000000,0.013215
414214,100,4.0150,187.500,0.7528,0.7500,3.310680,0.000000,3.310680,0.013236,0.000000,0.013236
414314,100,4.0150,187.500,0.7528,0.7500,3.315889,0.000000,3.315889,0.013257,0.000000,0.013257
414414,100,4.0150,187.500,0.7528,0.7500,3.321097,0.000000,3.321097,0.013278,0.000000,0.013278
414514,100,4.0150,187.500,0.7528,0.7500,3.326305,0.000000,3.326305,0.013299,0.000000,0.013299
414614,100,4.0150,187.500,0.7528,0.7500,3.331514,0.000000,3.331514,0.013320,0.000000,0.013320
414714,100,4.0150,187.500,0.7528,0.7500,3.336722,0.000000,3.336722,0.013341,0.000000,0.013341
414814,100,4.0150,187.500,0.7528,0.7600,3.341930,0.000000,3.341930,0.013361,0.000000,0.013361
414914,100,4.0150,187.500,0.7528,0.7500,3.347139,0.000000,3.347139,0.013382,0.000000,0.013382
415014,100,4.0150,187.500,0.7528,0.7500,3.352347,0.000000,3.352347,0.013403,0.000000,0.013403
415114,100,4.0150,187.500,0.7528,0.7500,3.357555,0.000000,3.357555,0.013424,0.000000,0.013424
415214,100,4.0150,186.250,0.7478,0.7500,3.362729,0.000000,3.362729,0.013445,0.000000,0.013445
415314,100,4.0150,187.500,0.7528,0.7500,3.367937,0.000000,3.367937,0.013466,0.000000,0.013466
415414,100,4.0150,187.500,0.7528,0.7500,3.373145,0.000000,3.373145,0.013487,0.000000,0.013487
415514,100,4.0150,188.750,0.7578,0.7600,3.378389,0.000000,3.378389,0.013508,0.000000,0.013508
415614,100,4.0150,187.500,0.7528,0.7500,3.383597,0.000000,3.383597,0.013529,0.000000,0.013529
415714,100,4.0150,187.500,0.7528,0.7500,3.388805,0.000000,3.388805,0.013550,0.000000,0.013550
415814,100,4.0150,187.500,0.7528,0.7500,3.394014,0.000000,3.394014,0.013571,0.000000,0.013571
415914,100,4.0150,187.500,0.7528,0.7500,3.399222,0.000000,3.399222,0.013591,0.000000,0.013591
416014,100,4.0150,187.500,0.7528,0.7500,3.404430,0.000000,3.404430,0.013612,0.000000,0.013612
416114,100,4.0150,188.750,0.7578,0.7600,3.409673,0.000000,3.409673,0.013633,0.000000,0.013633
416214,100,4.0150,187.500,0.7528,0.7500,3.414882,0.000000,3.414882,0.013654,0.000000,0.013654
416314,100,4.0150,187.500,0.7528,0.7500,3.420090,0.000000,3.420090,0.013675,0.000000,0.013675
416414,100,4.0150,188.750,0.7578,0.7600,3.425333,0.000000,3.425333,0.013696,0.000000,0.013696
416514,100,4.0150,187.500,0.7528,0.7500,3.430541,0.000000,3.430541,0.013717,0.000000,0.013717
416614,100,4.0150,187.500,0.7528,0.7600,3.435750,0.000000,3.435750,0.013738,0.000000,0.013738
416714,100,4.0150,187.500,0.7528,0.7500,3.440958,0.000000,3.440958,0.013759,0.000000,0.013759
416814,100,4.0150,187.500,0.7528,0.7500,3.446166,0.000000,3.446166,0.013780,0.000000,0.013780
#MARK,416863,100,"seg_008_p02_b127_end",3.446166,0.000000,3.446166,0.013780,0.000000,0.013780
416914,100,4.0138,191.250,0.7676,0.7700,3.451479,0.000000,3.451479,0.013801,0.000000,0.013801
417099,100,4.0062,217.500,0.8714,0.8700,3.462656,0.000000,3.462656,0.013846,0.000000,0.013846
417199,100,4.0062,217.500,0.8714,0.8700,3.468698,0.000000,3.468698,0.013870,0.000000,0.013870
417299,100,4.0050,217.500,0.8711,0.8700,3.474739,0.000000,3.474739,0.013894,0.000000,0.013894
417399,100,4.0050,217.500,0.8711,0.8700,3.480781,0.000000,3.480781,0.013919,0.000000,0.013919
417499,100,4.0050,216.250,0.8661,0.8700,3.486788,0.000000,3.486788,0.013943,0.000000,0.013943
417599,100,4.0050,216.250,0.8661,0.8700,3.492795,0.000000,3.492795,0.013967,0.000000,0.013967
417699,100,4.0062,217.500,0.8714,0.8700,3.498836,0.000000,3.498836,0.013991,0.000000,0.013991
417799,100,4.0050,217.500,0.8711,0.8700,3.504878,0.000000,3.504878,0.014015,0.000000,0.014015
417899,100,4.0050,217.500,0.8711,0.8700,3.510920,0.000000,3.510920,0.014039,0.000000,0.014039
#MARK,417966,100,"seg_009_p02_b159_start",3.510920,0.000000,3.510920,0.014039,0.000000,0.014039
417999,100,4.0050,216.250,0.8661,0.8700,3.516927,0.000000,3.516927,0.014063,0.000000,0.014063
418192,100,4.0050,216.250,0.8661,0.8700,3.528520,0.000000,3.528520,0.014110,0.000000,0.014110
418292,100,4.0050,217.500,0.8711,0.8700,3.534562,0.000000,3.534562,0.014134,0.000000,0.014134
418392,100,4.0050,217.500,0.8711,0.8700,3.540603,0.000000,3.540603,0.014158,0.000000,0.014158
418492,100,4.0050,217.500,0.8711,0.8700,3.546645,0.000000,3.546645,0.014182,0.000000,0.014182
418592,100,4.0050,216.250,0.8661,0.8700,3.552652,0.000000,3.552652,0.014207,0.000000,0.014207
418692,100,4.0050,216.250,0.8661,0.8700,3.558659,0.000000,3.558659,0.014231,0.000000,0.014231
418792,100,4.0050,217.500,0.8711,0.8700,3.564701,0.000000,3.564701,0.014255,0.000000,0.014255
418892,100,4.0050,216.250,0.8661,0.8700,3.570708,0.000000,3.570708,0.014279,0.000000,0.014279
418992,100,4.0050,216.250,0.8661,0.8700,3.576715,0.000000,3.576715,0.014303,0.000000,0.014303
419092,100,4.0050,216.250,0.8661,0.8700,3.582722,0.000000,3.582722,0.014327,0.000000,0.014327
419192,100,4.0050,217.500,0.8711,0.8700,3.588763,0.000000,3.588763,0.014351,0.000000,0.014351
419292,100,4.0050,216.250,0.8661,0.8700,3.594770,0.000000,3.594770,0.014375,0.000000,0.014375
419392,100,4.0050,217.500,0.8711,0.8700,3.600812,0.000000,3.600812,0.014399,0.000000,0.014399
419492,100,4.0050,217.500,0.8711,0.8700,3.606853,0.000000,3.606853,0.014424,0.000000,0.014424
419592,100,4.0050,215.000,0.8611,0.8600,3.612826,0.000000,3.612826,0.014448,0.000000,0.014448
419692,100,4.0050,215.000,0.8611,0.8600,3.618798,0.000000,3.618798,0.014471,0.000000,0.014471
419803,100,4.0050,216.250,0.8661,0.8700,3.625466,0.000000,3.625466,0.014498,0.000000,0.014498
419903,100,4.0062,215.000,0.8613,0.8600,3.631438,0.000000,3.631438,0.014522,0.000000,0.014522
420003,100,4.0050,216.250,0.8661,0.8700,3.637445,0.000000,3.637445,0.014546,0.000000,0.014546
420103,100,4.0050,216.250,0.8661,0.8700,3.643452,0.000000,3.643452,0.014570,0.000000,0.014570
420203,100,4.0012,223.750,0.8953,0.9100,3.649667,0.000000,3.649667,0.014595,0.000000,0.014595
420303,100,4.0062,213.750,0.8563,0.8500,3.655605,0.000000,3.655605,0.014619,0.000000,0.014619
420403,100,4.0050,215.000,0.8611,0.8600,3.661577,0.000000,3.661577,0.014643,0.000000,0.014643
420503,100,4.0050,215.000,0.8611,0.8600,3.667549,0.000000,3.667549,0.014667,0.000000,0.014667
420603,100,4.0050,216.250,0.8661,0.8600,3.673556,0.000000,3.673556,0.014691,0.000000,0.014691
420703,100,4.0050,216.250,0.8661,0.8700,3.679563,0.000000,3.679563,0.014715,0.000000,0.014715
420803,100,4.0050,215.000,0.8611,0.8600,3.685535,0.000000,3.685535,0.014739,0.000000,0.014739
420903,100,4.0050,215.000,0.8611,0.8600,3.691507,0.000000,3.691507,0.014763,0.000000,0.014763
421003,100,4.0050,215.000,0.8611,0.8600,3.697480,0.000000,3.697480,0.014787,0.000000,0.014787
421103,100,4.0050,216.250,0.8661,0.8700,3.703486,0.000000,3.703486,0.014811,0.000000,0.014811
421203,100,4.0050,215.000,0.8611,0.8700,3.709459,0.000000,3.709459,0.014835,0.000000,0.014835
421303,100,4.0050,215.000,0.8611,0.8600,3.715431,0.000000,3.715431,0.014858,0.000000,0.014858
421403,100,4.0050,215.000,0.8611,0.8600,3.721403,0.000000,3.721403,0.014882,0.000000,0.014882
421503,100,4.0050,215.000,0.8611,0.8600,3.727375,0.000000,3.727375,0.014906,0.000000,0.014906
421603,100,4.0050,215.000,0.8611,0.8600,3.733348,0.000000,3.733348,0.014930,0.000000,0.014930
421703,100,4.0050,215.000,0.8611,0.8600,3.739320,0.000000,3.739320,0.014954,0.000000,0.014954
421803,100,4.0050,216.250,0.8661,0.8600,3.745327,0.000000,3.745327,0.014978,0.000000,0.014978
421903,100,4.0050,216.250,0.8661,0.8600,3.751334,0.000000,3.751334,0.015002,0.000000,0.015002
422003,100,4.0050,216.250,0.8661,0.8600,3.757341,0.000000,3.757341,0.015026,0.000000,0.015026
422103,100,4.0050,215.000,0.8611,0.8600,3.763313,0.000000,3.763313,0.015050,0.000000,0.015050
422203,100,4.0050,216.250,0.8661,0.8700,3.769320,0.000000,3.769320,0.015074,0.000000,0.015074
422303,100,4.0050,216.250,0.8661,0.8600,3.775327,0.000000,3.775327,0.015098,0.000000,0.015098
422403,100,4.0050,215.000,0.8611,0.8600,3.781299,0.000000,3.781299,0.015122,0.000000,0.015122
422503,100,4.0050,215.000,0.8611,0.8600,3.787271,0.000000,3.787271,0.015146,0.000000,0.015146
422603,100,4.0050,215.000,0.8611,0.8600,3.793243,0.000000,3.793243,0.015170,0.000000,0.015170
422703,100,4.0050,215.000,0.8611,0.8600,3.799216,0.000000,3.799216,0.015194,0.000000,0.015194
422803,100,4.0050,215.000,0.8611,0.8600,3.805188,0.000000,3.805188,0.015218,0.000000,0.015218
422903,100,4.0050,215.000,0.8611,0.8600,3.811160,0.000000,3.811160,0.015242,0.000000,0.015242
423003,100,4.0050,215.000,0.8611,0.8600,3.817132,0.000000,3.817132,0.015266,0.000000,0.015266
423103,100,4.0050,215.000,0.8611,0.8600,3.823105,0.000000,3.823105,0.015290,0.000000,0.015290
423203,100,4.0050,215.000,0.8611,0.8600,3.829077,0.000000,3.829077,0.015314,0.000000,0.015314
#MARK,423234,100,"seg_009_p02_b159_end",3.829077,0.000000,3.829077,0.015314,0.000000,0.015314
423303,100,3.9950,248.750,0.9938,0.9900,3.835986,0.000000,3.835986,0.015341,0.000000,0.015341
423452,100,3.9962,245.000,0.9791,0.9800,3.846127,0.000000,3.846127,0.015382,0.000000,0.015382
423552,100,3.9950,245.000,0.9788,0.9800,3.852932,0.000000,3.852932,0.015409,0.000000,0.015409
423652,100,3.9950,245.000,0.9788,0.9800,3.859738,0.000000,3.859738,0.015436,0.000000,0.015436
423752,100,3.9950,245.000,0.9788,0.9700,3.866543,0.000000,3.866543,0.015463,0.000000,0.015463
423852,100,3.9950,245.000,0.9788,0.9800,3.873349,0.000000,3.873349,0.015490,0.000000,0.015490
423952,100,3.9950,245.000,0.9788,0.9800,3.880155,0.000000,3.880155,0.015518,0.000000,0.015518
424052,100,3.9950,245.000,0.9788,0.9800,3.886960,0.000000,3.886960,0.015545,0.000000,0.015545
424152,100,3.9950,245.000,0.9788,0.9700,3.893766,0.000000,3.893766,0.015572,0.000000,0.015572
424252,100,3.9950,245.000,0.9788,0.9800,3.900571,0.000000,3.900571,0.015599,0.000000,0.015599
#MARK,424344,100,"seg_010_p02_b191_start",3.900571,0.000000,3.900571,0.015599,0.000000,0.015599
424617,100,3.9950,245.000,0.9788,0.9700,3.925411,0.000000,3.925411,0.015698,0.000000,0.015698
424771,100,3.9950,245.000,0.9788,0.9800,3.935892,0.000000,3.935892,0.015740,0.000000,0.015740
424871,100,3.9950,243.750,0.9738,0.9700,3.942663,0.000000,3.942663,0.015767,0.000000,0.015767
424971,100,3.9950,245.000,0.9788,0.9800,3.949468,0.000000,3.949468,0.015795,0.000000,0.015795
425071,100,3.9950,245.000,0.9788,0.9800,3.956274,0.000000,3.956274,0.015822,0.000000,0.015822
425171,100,3.9950,245.000,0.9788,0.9800,3.963080,0.000000,3.963080,0.015849,0.000000,0.015849
425271,100,3.9950,245.000,0.9788,0.9800,3.969885,0.000000,3.969885,0.015876,0.000000,0.015876
425371,100,3.9950,245.000,0.9788,0.9800,3.976691,0.000000,3.976691,0.015903,0.000000,0.015903
425471,100,3.9950,245.000,0.9788,0.9800,3.983496,0.000000,3.983496,0.015931,0.000000,0.015931
425571,100,3.9950,245.000,0.9788,0.9800,3.990302,0.000000,3.990302,0.015958,0.000000,0.015958
425671,100,3.9950,245.000,0.9788,0.9800,3.997107,0.000000,3.997107,0.015985,0.000000,0.015985
425771,100,3.9938,245.000,0.9785,0.9700,4.003913,0.000000,4.003913,0.016012,0.000000,0.016012
425871,100,3.9950,245.000,0.9788,0.9800,4.010718,0.000000,4.010718,0.016039,0.000000,0.016039
425971,100,3.9950,243.750,0.9738,0.9700,4.017489,0.000000,4.017489,0.016066,0.000000,0.016066
426071,100,3.9950,243.750,0.9738,0.9700,4.024260,0.000000,4.024260,0.016093,0.000000,0.016093
426171,100,3.9950,243.750,0.9738,0.9700,4.031031,0.000000,4.031031,0.016120,0.000000,0.016120
426271,100,3.9950,242.500,0.9688,0.9700,4.037767,0.000000,4.037767,0.016147,0.000000,0.016147
426371,100,3.9950,243.750,0.9738,0.9700,4.044538,0.000000,4.044538,0.016174,0.000000,0.016174
426471,100,3.9950,243.750,0.9738,0.9700,4.051309,0.000000,4.051309,0.016201,0.000000,0.016201
426571,100,3.9938,243.750,0.9735,0.9700,4.058080,0.000000,4.058080,0.016228,0.000000,0.016228
426671,100,3.9950,243.750,0.9738,0.9700,4.064850,0.000000,4.064850,0.016256,0.000000,0.016256
426771,100,3.9950,243.750,0.9738,0.9700,4.071621,0.000000,4.071621,0.016283,0.000000,0.016283
426871,100,3.9950,243.750,0.9738,0.9700,4.078392,0.000000,4.078392,0.016310,0.000000,0.016310
426971,100,3.9938,243.750,0.9735,0.9700,4.085163,0.000000,4.085163,0.016337,0.000000,0.016337
427071,100,3.9950,243.750,0.9738,0.9700,4.091934,0.000000,4.091934,0.016364,0.000000,0.016364
427171,100,3.9950,243.750,0.9738,0.9700,4.098705,0.000000,4.098705,0.016391,0.000000,0.016391
427271,100,3.9950,243.750,0.9738,0.9700,4.105475,0.000000,4.105475,0.016418,0.000000,0.016418
427371,100,3.9938,242.500,0.9685,0.9700,4.112211,0.000000,4.112211,0.016445,0.000000,0.016445
427471,100,3.9950,243.750,0.9738,0.9700,4.118982,0.000000,4.118982,0.016472,0.000000,0.016472
427571,100,3.9938,243.750,0.9735,0.9700,4.125753,0.000000,4.125753,0.016499,0.000000,0.016499
427671,100,3.9938,242.500,0.9685,0.9700,4.132489,0.000000,4.132489,0.016526,0.000000,0.016526
427771,100,3.9938,242.500,0.9685,0.9700,4.139225,0.000000,4.139225,0.016553,0.000000,0.016553
427871,100,3.9938,243.750,0.9735,0.9700,4.145996,0.000000,4.145996,0.016580,0.000000,0.016580
427971,100,3.9950,242.500,0.9688,0.9700,4.152732,0.000000,4.152732,0.016607,0.000000,0.016607
428071,100,3.9938,243.750,0.9735,0.9700,4.159503,0.000000,4.159503,0.016634,0.000000,0.016634
428171,100,3.9938,243.750,0.9735,0.9700,4.166274,0.000000,4.166274,0.016661,0.000000,0.016661
428271,100,3.9938,243.750,0.9735,0.9700,4.173045,0.000000,4.173045,0.016688,0.000000,0.016688
428371,100,3.9938,243.750,0.9735,0.9700,4.179816,0.000000,4.179816,0.016715,0.000000,0.016715
428471,100,3.9938,243.750,0.9735,0.9700,4.186586,0.000000,4.186586,0.016742,0.000000,0.016742
428571,100,3.9938,242.500,0.9685,0.9700,4.193323,0.000000,4.193323,0.016769,0.000000,0.016769
428671,100,3.9938,242.500,0.9685,0.9700,4.200059,0.000000,4.200059,0.016796,0.000000,0.016796
428771,100,3.9938,242.500,0.9685,0.9700,4.206795,0.000000,4.206795,0.016822,0.000000,0.016822
428871,100,3.9938,242.500,0.9685,0.9700,4.213531,0.000000,4.213531,0.016849,0.000000,0.016849
428971,100,3.9938,243.750,0.9735,0.9700,4.220302,0.000000,4.220302,0.016876,0.000000,0.016876
429071,100,3.9950,242.500,0.9688,0.9700,4.227038,0.000000,4.227038,0.016903,0.000000,0.016903
429171,100,3.9938,243.750,0.9735,0.9700,4.233809,0.000000,4.233809,0.016930,0.000000,0.016930
429271,100,3.9938,242.500,0.9685,0.9700,4.240545,0.000000,4.240545,0.016957,0.000000,0.016957
429371,100,3.9938,243.750,0.9735,0.9700,4.247316,0.000000,4.247316,0.016984,0.000000,0.016984
429471,100,3.9938,243.750,0.9735,0.9700,4.254086,0.000000,4.254086,0.017011,0.000000,0.017011
429571,100,3.9938,242.500,0.9685,0.9700,4.260823,0.000000,4.260823,0.017038,0.000000,0.017038
#MARK,429595,100,"seg_010_p02_b191_end",4.260823,0.000000,4.260823,0.017038,0.000000,0.017038
429671,100,3.9875,261.250,1.0417,1.0400,4.268080,0.000000,4.268080,0.017067,0.000000,0.017067
429782,100,3.9850,271.250,1.0809,1.0800,4.276443,0.000000,4.276443,0.017101,0.000000,0.017101
429882,100,3.9850,271.250,1.0809,1.0900,4.283978,0.000000,4.283978,0.017131,0.000000,0.017131
429982,100,3.9850,271.250,1.0809,1.0800,4.291513,0.000000,4.291513,0.017161,0.000000,0.017161
430082,100,3.9850,271.250,1.0809,1.0800,4.299047,0.000000,4.299047,0.017191,0.000000,0.017191
430182,100,3.9850,271.250,1.0809,1.0800,4.306582,0.000000,4.306582,0.017221,0.000000,0.017221
430282,100,3.9850,271.250,1.0809,1.0800,4.314117,0.000000,4.314117,0.017251,0.000000,0.017251
430382,100,3.9850,271.250,1.0809,1.0800,4.321651,0.000000,4.321651,0.017281,0.000000,0.017281
430482,100,3.9850,271.250,1.0809,1.0800,4.329186,0.000000,4.329186,0.017311,0.000000,0.017311
430582,100,3.9850,271.250,1.0809,1.0800,4.336721,0.000000,4.336721,0.017341,0.000000,0.017341
430682,100,3.9850,271.250,1.0809,1.0800,4.344256,0.000000,4.344256,0.017371,0.000000,0.017371
#MARK,430735,100,"seg_011_p02_b223_start",4.344256,0.000000,4.344256,0.017371,0.000000,0.017371
430782,100,3.9850,271.250,1.0809,1.0800,4.351790,0.000000,4.351790,0.017401,0.000000,0.017401
430905,100,3.9850,271.250,1.0809,1.0800,4.361058,0.000000,4.361058,0.017438,0.000000,0.017438
431005,100,3.9838,271.250,1.0806,1.0800,4.368593,0.000000,4.368593,0.017468,0.000000,0.017468
431105,100,3.9838,271.250,1.0806,1.0800,4.376127,0.000000,4.376127,0.017498,0.000000,0.017498
431205,100,3.9838,271.250,1.0806,1.0800,4.383662,0.000000,4.383662,0.017528,0.000000,0.017528
431305,100,3.9838,271.250,1.0806,1.0800,4.391197,0.000000,4.391197,0.017558,0.000000,0.017558
431405,100,3.9838,271.250,1.0806,1.0800,4.398732,0.000000,4.398732,0.017588,0.000000,0.017588
431505,100,3.9838,271.250,1.0806,1.0800,4.406266,0.000000,4.406266,0.017618,0.000000,0.017618
431605,100,3.9838,271.250,1.0806,1.0800,4.413801,0.000000,4.413801,0.017648,0.000000,0.017648
431705,100,3.9838,270.000,1.0756,1.0800,4.421301,0.000000,4.421301,0.017678,0.000000,0.017678
431805,100,3.9838,271.250,1.0806,1.0800,4.428836,0.000000,4.428836,0.017708,0.000000,0.017708
431905,100,3.9838,271.250,1.0806,1.0800,4.436370,0.000000,4.436370,0.017738,0.000000,0.017738
432005,100,3.9838,270.000,1.0756,1.0800,4.443870,0.000000,4.443870,0.017768,0.000000,0.017768
432105,100,3.9838,270.000,1.0756,1.0800,4.451370,0.000000,4.451370,0.017797,0.000000,0.017797
432205,100,3.9838,271.250,1.0806,1.0800,4.458905,0.000000,4.458905,0.017827,0.000000,0.017827
432305,100,3.9838,270.000,1.0756,1.0800,4.466405,0.000000,4.466405,0.017857,0.000000,0.017857
432405,100,3.9838,270.000,1.0756,1.0800,4.473905,0.000000,4.473905,0.017887,0.000000,0.017887
432505,100,3.9838,268.750,1.0706,1.0800,4.481370,0.000000,4.481370,0.017917,0.000000,0.017917
432605,100,3.9838,268.750,1.0706,1.0700,4.488836,0.000000,4.488836,0.017947,0.000000,0.017947
432705,100,3.9838,270.000,1.0756,1.0800,4.496336,0.000000,4.496336,0.017977,0.000000,0.017977
432805,100,3.9838,268.750,1.0706,1.0700,4.503801,0.000000,4.503801,0.018006,0.000000,0.018006
432905,100,3.9838,268.750,1.0706,1.0700,4.511266,0.000000,4.511266,0.018036,0.000000,0.018036
433005,100,3.9838,268.750,1.0706,1.0700,4.518732,0.000000,4.518732,0.018066,0.000000,0.018066
433105,100,3.9838,268.750,1.0706,1.0800,4.526197,0.000000,4.526197,0.018096,0.000000,0.018096
433205,100,3.9838,268.750,1.0706,1.0800,4.533662,0.000000,4.533662,0.018125,0.000000,0.018125
433305,100,3.9838,268.750,1.0706,1.0700,4.541127,0.000000,4.541127,0.018155,0.000000,0.018155
433405,100,3.9838,268.750,1.0706,1.0700,4.548593,0.000000,4.548593,0.018185,0.000000,0.018185
433505,100,3.9838,270.000,1.0756,1.0800,4.556093,0.000000,4.556093,0.018215,0.000000,0.018215
433605,100,3.9838,268.750,1.0706,1.0800,4.563558,0.000000,4.563558,0.018244,0.000000,0.018244
433705,100,3.9838,268.750,1.0706,1.0700,4.571023,0.000000,4.571023,0.018274,0.000000,0.018274
433805,100,3.9838,268.750,1.0706,1.0800,4.578489,0.000000,4.578489,0.018304,0.000000,0.018304
433905,100,3.9838,268.750,1.0706,1.0700,4.585954,0.000000,4.585954,0.018334,0.000000,0.018334
434005,100,3.9838,268.750,1.0706,1.0700,4.593419,0.000000,4.593419,0.018363,0.000000,0.018363
434105,100,3.9838,270.000,1.0756,1.0800,4.600919,0.000000,4.600919,0.018393,0.000000,0.018393
434205,100,3.9838,268.750,1.0706,1.0700,4.608384,0.000000,4.608384,0.018423,0.000000,0.018423
434305,100,3.9838,268.750,1.0706,1.0700,4.615850,0.000000,4.615850,0.018453,0.000000,0.018453
434405,100,3.9825,268.750,1.0703,1.0800,4.623315,0.000000,4.623315,0.018482,0.000000,0.018482
434505,100,3.9838,268.750,1.0706,1.0700,4.630780,0.000000,4.630780,0.018512,0.000000,0.018512
434605,100,3.9838,268.750,1.0706,1.0700,4.638245,0.000000,4.638245,0.018542,0.000000,0.018542
434705,100,3.9838,270.000,1.0756,1.0700,4.645745,0.000000,4.645745,0.018572,0.000000,0.018572
434805,100,3.9825,270.000,1.0753,1.0800,4.653245,0.000000,4.653245,0.018602,0.000000,0.018602
434905,100,3.9838,268.750,1.0706,1.0800,4.660711,0.000000,4.660711,0.018631,0.000000,0.018631
435005,100,3.9838,270.000,1.0756,1.0700,4.668211,0.000000,4.668211,0.018661,0.000000,0.018661
435105,100,3.9825,268.750,1.0703,1.0700,4.675676,0.000000,4.675676,0.018691,0.000000,0.018691
435205,100,3.9825,270.000,1.0753,1.0800,4.683176,0.000000,4.683176,0.018721,0.000000,0.018721
435305,100,3.9825,268.750,1.0703,1.0700,4.690641,0.000000,4.690641,0.018751,0.000000,0.018751
435405,100,3.9825,268.750,1.0703,1.0700,4.698107,0.000000,4.698107,0.018780,0.000000,0.018780
435505,100,3.9825,268.750,1.0703,1.0700,4.705572,0.000000,4.705572,0.018810,0.000000,0.018810
435605,100,3.9838,268.750,1.0706,1.0700,4.713037,0.000000,4.713037,0.018840,0.000000,0.018840
435705,100,3.9825,268.750,1.0703,1.0700,4.720502,0.000000,4.720502,0.018870,0.000000,0.018870
435805,100,3.9825,268.750,1.0703,1.0700,4.727968,0.000000,4.727968,0.018899,0.000000,0.018899
435905,100,3.9825,268.750,1.0703,1.0700,4.735433,0.000000,4.735433,0.018929,0.000000,0.018929
#MARK,435970,100,"seg_011_p02_b223_end",4.735433,0.000000,4.735433,0.018929,0.000000,0.018929
436005,100,3.9825,270.000,1.0753,1.0800,4.742933,0.000000,4.742933,0.018959,0.000000,0.018959
436184,100,3.9738,296.250,1.1772,1.1800,4.757663,0.000000,4.757663,0.019017,0.000000,0.019017
436284,100,3.9738,296.250,1.1772,1.1800,4.765892,0.000000,4.765892,0.019050,0.000000,0.019050
436384,100,3.9738,296.250,1.1772,1.1800,4.774122,0.000000,4.774122,0.019083,0.000000,0.019083
436484,100,3.9738,296.250,1.1772,1.1800,4.782351,0.000000,4.782351,0.019116,0.000000,0.019116
436584,100,3.9738,296.250,1.1772,1.1800,4.790580,0.000000,4.790580,0.019148,0.000000,0.019148
436684,100,3.9738,296.250,1.1772,1.1800,4.798809,0.000000,4.798809,0.019181,0.000000,0.019181
436784,100,3.9738,296.250,1.1772,1.1800,4.807038,0.000000,4.807038,0.019214,0.000000,0.019214
436884,100,3.9738,296.250,1.1772,1.1800,4.815267,0.000000,4.815267,0.019246,0.000000,0.019246
436984,100,3.9738,296.250,1.1772,1.1800,4.823497,0.000000,4.823497,0.019279,0.000000,0.019279
437084,100,3.9738,296.250,1.1772,1.1800,4.831726,0.000000,4.831726,0.019312,0.000000,0.019312
#MARK,437093,100,"seg_012_p02_b255_start",4.831726,0.000000,4.831726,0.019312,0.000000,0.019312
437184,100,3.9738,296.250,1.1772,1.1800,4.839955,0.000000,4.839955,0.019344,0.000000,0.019344
437284,100,3.9725,296.250,1.1769,1.1800,4.848184,0.000000,4.848184,0.019377,0.000000,0.019377
437384,100,3.9725,297.500,1.1818,1.1800,4.856448,0.000000,4.856448,0.019410,0.000000,0.019410
437484,100,3.9725,296.250,1.1769,1.1800,4.864677,0.000000,4.864677,0.019443,0.000000,0.019443
437584,100,3.9725,296.250,1.1769,1.1800,4.872906,0.000000,4.872906,0.019475,0.000000,0.019475
437684,100,3.9725,296.250,1.1769,1.1800,4.881135,0.000000,4.881135,0.019508,0.000000,0.019508
437784,100,3.9725,296.250,1.1769,1.1800,4.889365,0.000000,4.889365,0.019541,0.000000,0.019541
437884,100,3.9725,296.250,1.1769,1.1800,4.897594,0.000000,4.897594,0.019573,0.000000,0.019573
437984,100,3.9725,296.250,1.1769,1.1800,4.905823,0.000000,4.905823,0.019606,0.000000,0.019606
438084,100,3.9725,296.250,1.1769,1.1800,4.914052,0.000000,4.914052,0.019639,0.000000,0.019639
438184,100,3.9725,296.250,1.1769,1.1800,4.922281,0.000000,4.922281,0.019671,0.000000,0.019671
438284,100,3.9725,296.250,1.1769,1.1800,4.930510,0.000000,4.930510,0.019704,0.000000,0.019704
438384,100,3.9725,296.250,1.1769,1.1800,4.938740,0.000000,4.938740,0.019737,0.000000,0.019737
438484,100,3.9725,296.250,1.1769,1.1800,4.946969,0.000000,4.946969,0.019770,0.000000,0.019770
438584,100,3.9725,296.250,1.1769,1.1800,4.955198,0.000000,4.955198,0.019802,0.000000,0.019802
438684,100,3.9725,296.250,1.1769,1.1800,4.963427,0.000000,4.963427,0.019835,0.000000,0.019835
438784,100,3.9725,295.000,1.1719,1.1700,4.971622,0.000000,4.971622,0.019867,0.000000,0.019867
438884,100,3.9738,295.000,1.1723,1.1700,4.979816,0.000000,4.979816,0.019900,0.000000,0.019900
438984,100,3.9725,295.000,1.1719,1.1700,4.988010,0.000000,4.988010,0.019933,0.000000,0.019933
439084,100,3.9725,295.000,1.1719,1.1700,4.996205,0.000000,4.996205,0.019965,0.000000,0.019965
439184,100,3.9725,295.000,1.1719,1.1700,5.004399,0.000000,5.004399,0.019998,0.000000,0.019998
439284,100,3.9725,293.750,1.1669,1.1700,5.012559,0.000000,5.012559,0.020030,0.000000,0.020030
439384,100,3.9725,295.000,1.1719,1.1700,5.020753,0.000000,5.020753,0.020063,0.000000,0.020063
439484,100,3.9725,295.000,1.1719,1.1700,5.028948,0.000000,5.028948,0.020095,0.000000,0.020095
439584,100,3.9725,295.000,1.1719,1.1700,5.037142,0.000000,5.037142,0.020128,0.000000,0.020128
439684,100,3.9725,295.000,1.1719,1.1700,5.045337,0.000000,5.045337,0.020160,0.000000,0.020160
439784,100,3.9725,295.000,1.1719,1.1700,5.053531,0.000000,5.053531,0.020193,0.000000,0.020193
439884,100,3.9725,295.000,1.1719,1.1700,5.061726,0.000000,5.061726,0.020225,0.000000,0.020225
439984,100,3.9725,293.750,1.1669,1.1700,5.069885,0.000000,5.069885,0.020258,0.000000,0.020258
440084,100,3.9725,295.000,1.1719,1.1700,5.078080,0.000000,5.078080,0.020290,0.000000,0.020290
440184,100,3.9713,295.000,1.1715,1.1700,5.086274,0.000000,5.086274,0.020323,0.000000,0.020323
440284,100,3.9725,295.000,1.1719,1.1700,5.094469,0.000000,5.094469,0.020355,0.000000,0.020355
440384,100,3.9725,295.000,1.1719,1.1700,5.102663,0.000000,5.102663,0.020388,0.000000,0.020388
440484,100,3.9725,295.000,1.1719,1.1700,5.110858,0.000000,5.110858,0.020421,0.000000,0.020421
440584,100,3.9725,295.000,1.1719,1.1700,5.119052,0.000000,5.119052,0.020453,0.000000,0.020453
440684,100,3.9713,295.000,1.1715,1.1700,5.127247,0.000000,5.127247,0.020486,0.000000,0.020486
440784,100,3.9725,295.000,1.1719,1.1700,5.135441,0.000000,5.135441,0.020518,0.000000,0.020518
440884,100,3.9713,295.000,1.1715,1.1700,5.143635,0.000000,5.143635,0.020551,0.000000,0.020551
440984,100,3.9713,295.000,1.1715,1.1700,5.151830,0.000000,5.151830,0.020583,0.000000,0.020583
441084,100,3.9725,295.000,1.1719,1.1700,5.160024,0.000000,5.160024,0.020616,0.000000,0.020616
441184,100,3.9713,295.000,1.1715,1.1700,5.168219,0.000000,5.168219,0.020648,0.000000,0.020648
441284,100,3.9713,295.000,1.1715,1.1700,5.176413,0.000000,5.176413,0.020681,0.000000,0.020681
441384,100,3.9713,295.000,1.1715,1.1700,5.184608,0.000000,5.184608,0.020713,0.000000,0.020713
441484,100,3.9713,295.000,1.1715,1.1700,5.192802,0.000000,5.192802,0.020746,0.000000,0.020746
441584,100,3.9713,295.000,1.1715,1.1700,5.200997,0.000000,5.200997,0.020779,0.000000,0.020779
441684,100,3.9713,295.000,1.1715,1.1700,5.209191,0.000000,5.209191,0.020811,0.000000,0.020811
441784,100,3.9713,295.000,1.1715,1.1700,5.217385,0.000000,5.217385,0.020844,0.000000,0.020844
441884,100,3.9713,295.000,1.1715,1.1700,5.225580,0.000000,5.225580,0.020876,0.000000,0.020876
441984,100,3.9713,295.000,1.1715,1.1700,5.233774,0.000000,5.233774,0.020909,0.000000,0.020909
442084,100,3.9713,295.000,1.1715,1.1700,5.241969,0.000000,5.241969,0.020941,0.000000,0.020941
442184,100,3.9713,295.000,1.1715,1.1700,5.250163,0.000000,5.250163,0.020974,0.000000,0.020974
#MARK,442269,100,"seg_012_p02_b255_end",5.250163,0.000000,5.250163,0.020974,0.000000,0.020974
442284,100,3.9713,295.000,1.1715,1.1700,5.258358,0.000000,5.258358,0.021006,0.000000,0.021006
442434,100,4.0325,98.750,0.3982,0.4000,5.262472,0.000000,5.262472,0.021023,0.000000,0.021023
442534,100,4.0325,98.750,0.3982,0.4000,5.265215,0.000000,5.265215,0.021034,0.000000,0.021034
442634,100,4.0325,98.750,0.3982,0.4000,5.267958,0.000000,5.267958,0.021045,0.000000,0.021045
442734,100,4.0338,100.000,0.4034,0.4000,5.270736,0.000000,5.270736,0.021056,0.000000,0.021056
442834,100,4.0338,100.000,0.4034,0.4000,5.273514,0.000000,5.273514,0.021067,0.000000,0.021067
442934,100,4.0338,100.000,0.4034,0.4000,5.276292,0.000000,5.276292,0.021079,0.000000,0.021079
443034,100,4.0338,100.000,0.4034,0.4000,5.279069,0.000000,5.279069,0.021090,0.000000,0.021090
443134,100,4.0350,100.000,0.4035,0.4000,5.281847,0.000000,5.281847,0.021101,0.000000,0.021101
443234,100,4.0350,100.000,0.4035,0.4000,5.284625,0.000000,5.284625,0.021112,0.000000,0.021112
443334,100,4.0350,100.000,0.4035,0.4000,5.287403,0.000000,5.287403,0.021124,0.000000,0.021124
#MARK,443369,100,"seg_013_p03_b095_start",5.287403,0.000000,5.287403,0.021124,0.000000,0.021124
443434,100,4.0350,100.000,0.4035,0.4000,5.290181,0.000000,5.290181,0.021135,0.000000,0.021135
443611,100,4.0350,98.750,0.3985,0.4000,5.295036,0.000000,5.295036,0.021154,0.000000,0.021154
443711,100,4.0350,100.000,0.4035,0.4000,5.297814,0.000000,5.297814,0.021166,0.000000,0.021166
443811,100,4.0350,100.000,0.4035,0.4000,5.300591,0.000000,5.300591,0.021177,0.000000,0.021177
443911,100,4.0363,100.000,0.4036,0.4000,5.303369,0.000000,5.303369,0.021188,0.000000,0.021188
444011,100,4.0350,100.000,0.4035,0.4100,5.306147,0.000000,5.306147,0.021199,0.000000,0.021199
444111,100,4.0350,100.000,0.4035,0.4100,5.308925,0.000000,5.308925,0.021210,0.000000,0.021210
444211,100,4.0350,100.000,0.4035,0.4100,5.311702,0.000000,5.311702,0.021222,0.000000,0.021222
444311,100,4.0363,100.000,0.4036,0.4100,5.314480,0.000000,5.314480,0.021233,0.000000,0.021233
444411,100,4.0363,100.000,0.4036,0.4000,5.317258,0.000000,5.317258,0.021244,0.000000,0.021244
444511,100,4.0363,100.000,0.4036,0.4000,5.320036,0.000000,5.320036,0.021255,0.000000,0.021255
444611,100,4.0363,100.000,0.4036,0.4000,5.322814,0.000000,5.322814,0.021266,0.000000,0.021266
444711,100,4.0363,100.000,0.4036,0.4000,5.325591,0.000000,5.325591,0.021278,0.000000,0.021278
444811,100,4.0363,98.750,0.3986,0.4000,5.328334,0.000000,5.328334,0.021289,0.000000,0.021289
444911,100,4.0375,100.000,0.4038,0.4000,5.331112,0.000000,5.331112,0.021300,0.000000,0.021300
445011,100,4.0363,100.000,0.4036,0.4000,5.333890,0.000000,5.333890,0.021311,0.000000,0.021311
445111,100,4.0375,97.500,0.3937,0.3900,5.336598,0.000000,5.336598,0.021322,0.000000,0.021322
445211,100,4.0375,98.750,0.3987,0.4000,5.339341,0.000000,5.339341,0.021333,0.000000,0.021333
445311,100,4.0375,98.750,0.3987,0.4000,5.342084,0.000000,5.342084,0.021344,0.000000,0.021344
445411,100,4.0375,97.500,0.3937,0.4000,5.344793,0.000000,5.344793,0.021355,0.000000,0.021355
445511,100,4.0375,97.500,0.3937,0.3900,5.347501,0.000000,5.347501,0.021366,0.000000,0.021366
445611,100,4.0375,98.750,0.3987,0.4000,5.350244,0.000000,5.350244,0.021377,0.000000,0.021377
445711,100,4.0375,98.750,0.3987,0.4000,5.352987,0.000000,5.352987,0.021388,0.000000,0.021388
445811,100,4.0375,97.500,0.3937,0.3900,5.355695,0.000000,5.355695,0.021399,0.000000,0.021399
445911,100,4.0375,97.500,0.3937,0.4000,5.358404,0.000000,5.358404,0.021410,0.000000,0.021410
446011,100,4.0388,97.500,0.3938,0.3900,5.361112,0.000000,5.361112,0.021421,0.000000,0.021421
446111,100,4.0375,97.500,0.3937,0.3900,5.363820,0.000000,5.363820,0.021432,0.000000,0.021432
446211,100,4.0388,98.750,0.3988,0.4000,5.366564,0.000000,5.366564,0.021443,0.000000,0.021443
446311,100,4.0388,98.750,0.3988,0.4000,5.369307,0.000000,5.369307,0.021454,0.000000,0.021454
446411,100,4.0388,98.750,0.3988,0.4000,5.372050,0.000000,5.372050,0.021465,0.000000,0.021465
446511,100,4.0388,98.750,0.3988,0.4000,5.374793,0.000000,5.374793,0.021476,0.000000,0.021476
446611,100,4.0388,97.500,0.3938,0.3900,5.377501,0.000000,5.377501,0.021487,0.000000,0.021487
446711,100,4.0388,98.750,0.3988,0.4000,5.380244,0.000000,5.380244,0.021498,0.000000,0.021498
446811,100,4.0388,98.750,0.3988,0.4000,5.382987,0.000000,5.382987,0.021509,0.000000,0.021509
446911,100,4.0388,97.500,0.3938,0.4000,5.385695,0.000000,5.385695,0.021520,0.000000,0.021520
447011,100,4.0388,97.500,0.3938,0.4000,5.388404,0.000000,5.388404,0.021531,0.000000,0.021531
447111,100,4.0388,97.500,0.3938,0.4000,5.391112,0.000000,5.391112,0.021542,0.000000,0.021542
447211,100,4.0388,97.500,0.3938,0.3900,5.393820,0.000000,5.393820,0.021553,0.000000,0.021553
447311,100,4.0388,97.500,0.3938,0.3900,5.396529,0.000000,5.396529,0.021564,0.000000,0.021564
447411,100,4.0388,97.500,0.3938,0.4000,5.399237,0.000000,5.399237,0.021575,0.000000,0.021575
447511,100,4.0388,98.750,0.3988,0.4000,5.401980,0.000000,5.401980,0.021586,0.000000,0.021586
447611,100,4.0388,98.750,0.3988,0.4000,5.404723,0.000000,5.404723,0.021597,0.000000,0.021597
447711,100,4.0388,98.750,0.3988,0.3900,5.407466,0.000000,5.407466,0.021608,0.000000,0.021608
447811,100,4.0388,100.000,0.4039,0.4000,5.410244,0.000000,5.410244,0.021619,0.000000,0.021619
447911,100,4.0400,97.500,0.3939,0.4000,5.412952,0.000000,5.412952,0.021630,0.000000,0.021630
448011,100,4.0388,98.750,0.3988,0.4000,5.415695,0.000000,5.415695,0.021642,0.000000,0.021642
448111,100,4.0388,98.750,0.3988,0.4000,5.418439,0.000000,5.418439,0.021653,0.000000,0.021653
448211,100,4.0400,97.500,0.3939,0.4000,5.421147,0.000000,5.421147,0.021664,0.000000,0.021664
448311,100,4.0388,97.500,0.3938,0.3900,5.423855,0.000000,5.423855,0.021674,0.000000,0.021674
448411,100,4.0388,97.500,0.3938,0.3900,5.426564,0.000000,5.426564,0.021685,0.000000,0.021685
448511,100,4.0400,97.500,0.3939,0.3900,5.429272,0.000000,5.429272,0.021696,0.000000,0.021696
#MARK,448608,100,"seg_013_p03_b095_end",5.429272,0.000000,5.429272,0.021696,0.000000,0.021696
448613,100,4.0400,98.750,0.3990,0.4000,5.432070,0.000000,5.432070,0.021708,0.000000,0.021708
448749,100,4.0388,100.000,0.4039,0.4100,5.435848,0.000000,5.435848,0.021723,0.000000,0.021723
448849,100,4.0388,100.000,0.4039,0.4100,5.438625,0.000000,5.438625,0.021734,0.000000,0.021734
448949,100,4.0400,98.750,0.3990,0.4000,5.441368,0.000000,5.441368,0.021745,0.000000,0.021745
449049,100,4.0400,100.000,0.4040,0.4000,5.444146,0.000000,5.444146,0.021756,0.000000,0.021756
449149,100,4.0400,100.000,0.4040,0.4000,5.446924,0.000000,5.446924,0.021768,0.000000,0.021768
449249,100,4.0388,100.000,0.4039,0.4100,5.449702,0.000000,5.449702,0.021779,0.000000,0.021779
449349,100,4.0400,98.750,0.3990,0.4100,5.452445,0.000000,5.452445,0.021790,0.000000,0.021790
449449,100,4.0400,100.000,0.4040,0.4100,5.455223,0.000000,5.455223,0.021801,0.000000,0.021801
449549,100,4.0400,100.000,0.4040,0.4100,5.458000,0.000000,5.458000,0.021812,0.000000,0.021812
449649,100,4.0400,100.000,0.4040,0.4100,5.460778,0.000000,5.460778,0.021824,0.000000,0.021824
449749,100,4.0400,100.000,0.4040,0.4100,5.463556,0.000000,5.463556,0.021835,0.000000,0.021835
#MARK,449783,100,"seg_014_p03_b127_start",5.463556,0.000000,5.463556,0.021835,0.000000,0.021835
449849,100,4.0400,100.000,0.4040,0.4100,5.466334,0.000000,5.466334,0.021846,0.000000,0.021846
449999,100,4.0400,100.000,0.4040,0.4100,5.470500,0.000000,5.470500,0.021863,0.000000,0.021863
450099,100,4.0400,100.000,0.4040,0.4100,5.473278,0.000000,5.473278,0.021874,0.000000,0.021874
450199,100,4.0400,100.000,0.4040,0.4000,5.476056,0.000000,5.476056,0.021885,0.000000,0.021885
450299,100,4.0400,100.000,0.4040,0.4100,5.478834,0.000000,5.478834,0.021897,0.000000,0.021897
450399,100,4.0400,100.000,0.4040,0.4000,5.481611,0.000000,5.481611,0.021908,0.000000,0.021908
450499,100,4.0400,100.000,0.4040,0.4000,5.484389,0.000000,5.484389,0.021919,0.000000,0.021919
450599,100,4.0400,100.000,0.4040,0.4100,5.487167,0.000000,5.487167,0.021930,0.000000,0.021930
450699,100,4.0400,100.000,0.4040,0.4000,5.489945,0.000000,5.489945,0.021941,0.000000,0.021941
450799,100,4.0400,100.000,0.4040,0.4000,5.492723,0.000000,5.492723,0.021953,0.000000,0.021953
450899,100,4.0400,98.750,0.3990,0.4000,5.495466,0.000000,5.495466,0.021964,0.000000,0.021964
450999,100,4.0400,100.000,0.4040,0.4000,5.498243,0.000000,5.498243,0.021975,0.000000,0.021975
451099,100,4.0400,100.000,0.4040,0.4100,5.501021,0.000000,5.501021,0.021986,0.000000,0.021986
451199,100,4.0400,100.000,0.4040,0.4000,5.503799,0.000000,5.503799,0.021997,0.000000,0.021997
451299,100,4.0400,100.000,0.4040,0.4100,5.506577,0.000000,5.506577,0.022009,0.000000,0.022009
451399,100,4.0400,101.250,0.4090,0.4100,5.509389,0.000000,5.509389,0.022020,0.000000,0.022020
451499,100,4.0413,98.750,0.3991,0.4000,5.512132,0.000000,5.512132,0.022031,0.000000,0.022031
451599,100,4.0400,98.750,0.3990,0.4000,5.514875,0.000000,5.514875,0.022042,0.000000,0.022042
451699,100,4.0413,98.750,0.3991,0.4000,5.517618,0.000000,5.517618,0.022053,0.000000,0.022053
451799,100,4.0413,98.750,0.3991,0.3900,5.520361,0.000000,5.520361,0.022064,0.000000,0.022064
451899,100,4.0413,98.750,0.3991,0.4000,5.523105,0.000000,5.523105,0.022075,0.000000,0.022075
451999,100,4.0413,98.750,0.3991,0.4000,5.525848,0.000000,5.525848,0.022087,0.000000,0.022087
452099,100,4.0413,98.750,0.3991,0.4000,5.528591,0.000000,5.528591,0.022098,0.000000,0.022098
452199,100,4.0413,97.500,0.3940,0.4000,5.531299,0.000000,5.531299,0.022109,0.000000,0.022109
452299,100,4.0413,97.500,0.3940,0.4000,5.534007,0.000000,5.534007,0.022119,0.000000,0.022119
452399,100,4.0413,98.750,0.3991,0.4000,5.536750,0.000000,5.536750,0.022131,0.000000,0.022131
452499,100,4.0413,98.750,0.3991,0.4000,5.539493,0.000000,5.539493,0.022142,0.000000,0.022142
452599,100,4.0413,97.500,0.3940,0.3900,5.542202,0.000000,5.542202,0.022153,0.000000,0.022153
452699,100,4.0413,97.500,0.3940,0.4000,5.544910,0.000000,5.544910,0.022164,0.000000,0.022164
452799,100,4.0413,98.750,0.3991,0.4000,5.547653,0.000000,5.547653,0.022175,0.000000,0.022175
452899,100,4.0413,98.750,0.3991,0.4000,5.550396,0.000000,5.550396,0.022186,0.000000,0.022186
452999,100,4.0413,97.500,0.3940,0.4000,5.553105,0.000000,5.553105,0.022197,0.000000,0.022197
453099,100,4.0413,98.750,0.3991,0.4000,5.555848,0.000000,5.555848,0.022208,0.000000,0.022208
453199,100,4.0413,97.500,0.3940,0.3900,5.558556,0.000000,5.558556,0.022219,0.000000,0.022219
453299,100,4.0413,98.750,0.3991,0.4000,5.561299,0.000000,5.561299,0.022230,0.000000,0.022230
453399,100,4.0413,97.500,0.3940,0.3900,5.564007,0.000000,5.564007,0.022241,0.000000,0.022241
453499,100,4.0413,97.500,0.3940,0.3900,5.566716,0.000000,5.566716,0.022252,0.000000,0.022252
453599,100,4.0413,97.500,0.3940,0.4000,5.569424,0.000000,5.569424,0.022263,0.000000,0.022263
453699,100,4.0413,98.750,0.3991,0.4000,5.572167,0.000000,5.572167,0.022274,0.000000,0.022274
453799,100,4.0413,98.750,0.3991,0.4000,5.574910,0.000000,5.574910,0.022285,0.000000,0.022285
453899,100,4.0413,98.750,0.3991,0.4000,5.577653,0.000000,5.577653,0.022296,0.000000,0.022296
453999,100,4.0413,97.500,0.3940,0.3900,5.580361,0.000000,5.580361,0.022307,0.000000,0.022307
454099,100,4.0413,97.500,0.3940,0.4000,5.583070,0.000000,5.583070,0.022318,0.000000,0.022318
454199,100,4.0425,97.500,0.3941,0.4000,5.585778,0.000000,5.585778,0.022329,0.000000,0.022329
454299,100,4.0425,98.750,0.3992,0.4000,5.588521,0.000000,5.588521,0.022340,0.000000,0.022340
454399,100,4.0413,98.750,0.3991,0.4000,5.591264,0.000000,5.591264,0.022351,0.000000,0.022351
454499,100,4.0413,97.500,0.3940,0.3900,5.593973,0.000000,5.593973,0.022362,0.000000,0.022362
454599,100,4.0413,98.750,0.3991,0.4000,5.596716,0.000000,5.596716,0.022373,0.000000,0.022373
454699,100,4.0425,97.500,0.3941,0.4000,5.599424,0.000000,5.599424,0.022384,0.000000,0.022384
454799,100,4.0425,98.750,0.3992,0.4000,5.602167,0.000000,5.602167,0.022395,0.000000,0.022395
454899,100,4.0425,98.750,0.3992,0.4000,5.604910,0.000000,5.604910,0.022406,0.000000,0.022406
454999,100,4.0425,98.750,0.3992,0.4000,5.607653,0.000000,5.607653,0.022417,0.000000,0.022417
#MARK,455027,100,"seg_014_p03_b127_end",5.607653,0.000000,5.607653,0.022417,0.000000,0.022417
455099,100,4.0413,102.500,0.4142,0.4200,5.610500,0.000000,5.610500,0.022429,0.000000,0.022429
455206,100,4.0425,100.000,0.4042,0.4100,5.613473,0.000000,5.613473,0.022441,0.000000,0.022441
455306,100,4.0413,100.000,0.4041,0.4000,5.616250,0.000000,5.616250,0.022452,0.000000,0.022452
455406,100,4.0413,100.000,0.4041,0.4100,5.619028,0.000000,5.619028,0.022463,0.000000,0.022463
455506,100,4.0413,100.000,0.4041,0.4100,5.621806,0.000000,5.621806,0.022474,0.000000,0.022474
455606,100,4.0425,100.000,0.4042,0.4100,5.624584,0.000000,5.624584,0.022486,0.000000,0.022486
455706,100,4.0425,100.000,0.4042,0.4100,5.627361,0.000000,5.627361,0.022497,0.000000,0.022497
455806,100,4.0425,100.000,0.4042,0.4000,5.630139,0.000000,5.630139,0.022508,0.000000,0.022508
455906,100,4.0425,100.000,0.4042,0.4000,5.632917,0.000000,5.632917,0.022519,0.000000,0.022519
456006,100,4.0425,100.000,0.4042,0.4000,5.635695,0.000000,5.635695,0.022530,0.000000,0.022530
456106,100,4.0425,100.000,0.4042,0.4100,5.638473,0.000000,5.638473,0.022542,0.000000,0.022542
#MARK,456141,100,"seg_015_p03_b159_start",5.638473,0.000000,5.638473,0.022542,0.000000,0.022542
456206,100,4.0425,100.000,0.4042,0.4000,5.641250,0.000000,5.641250,0.022553,0.000000,0.022553
456317,100,4.0425,98.750,0.3992,0.4000,5.644295,0.000000,5.644295,0.022565,0.000000,0.022565
456417,100,4.0425,98.750,0.3992,0.4000,5.647038,0.000000,5.647038,0.022576,0.000000,0.022576
456517,100,4.0425,100.000,0.4042,0.4000,5.649816,0.000000,5.649816,0.022588,0.000000,0.022588
456617,100,4.0425,100.000,0.4042,0.4100,5.652594,0.000000,5.652594,0.022599,0.000000,0.022599
456717,100,4.0425,100.000,0.4042,0.4100,5.655372,0.000000,5.655372,0.022610,0.000000,0.022610
456817,100,4.0425,100.000,0.4042,0.4100,5.658149,0.000000,5.658149,0.022621,0.000000,0.022621
456917,100,4.0425,100.000,0.4042,0.4100,5.660927,0.000000,5.660927,0.022632,0.000000,0.022632
457017,100,4.0425,100.000,0.4042,0.4100,5.663705,0.000000,5.663705,0.022644,0.000000,0.022644
457117,100,4.0425,100.000,0.4042,0.4100,5.666483,0.000000,5.666483,0.022655,0.000000,0.022655
457217,100,4.0425,100.000,0.4042,0.4100,5.669260,0.000000,5.669260,0.022666,0.000000,0.022666
457317,100,4.0425,100.000,0.4042,0.4000,5.672038,0.000000,5.672038,0.022677,0.000000,0.022677
457417,100,4.0425,100.000,0.4042,0.4100,5.674816,0.000000,5.674816,0.022689,0.000000,0.022689
457517,100,4.0425,100.000,0.4042,0.4100,5.677594,0.000000,5.677594,0.022700,0.000000,0.022700
457617,100,4.0425,100.000,0.4042,0.4100,5.680372,0.000000,5.680372,0.022711,0.000000,0.022711
457717,100,4.0425,100.000,0.4042,0.4100,5.683149,0.000000,5.683149,0.022722,0.000000,0.022722
457817,100,4.0425,98.750,0.3992,0.4000,5.685892,0.000000,5.685892,0.022733,0.000000,0.022733
457917,100,4.0425,98.750,0.3992,0.4000,5.688635,0.000000,5.688635,0.022744,0.000000,0.022744
458017,100,4.0437,98.750,0.3993,0.4000,5.691378,0.000000,5.691378,0.022756,0.000000,0.022756
458117,100,4.0425,98.750,0.3992,0.4000,5.694122,0.000000,5.694122,0.022767,0.000000,0.022767
458217,100,4.0437,98.750,0.3993,0.4000,5.696865,0.000000,5.696865,0.022778,0.000000,0.022778
458317,100,4.0425,97.500,0.3941,0.4000,5.699573,0.000000,5.699573,0.022789,0.000000,0.022789
458417,100,4.0425,98.750,0.3992,0.4000,5.702316,0.000000,5.702316,0.022800,0.000000,0.022800
458517,100,4.0437,98.750,0.3993,0.4000,5.705059,0.000000,5.705059,0.022811,0.000000,0.022811
458617,100,4.0437,97.500,0.3943,0.4000,5.707767,0.000000,5.707767,0.022822,0.000000,0.022822
458717,100,4.0437,97.500,0.3943,0.4000,5.710476,0.000000,5.710476,0.022833,0.000000,0.022833
458817,100,4.0437,97.500,0.3943,0.4000,5.713184,0.000000,5.713184,0.022844,0.000000,0.022844
458917,100,4.0437,98.750,0.3993,0.4000,5.715927,0.000000,5.715927,0.022855,0.000000,0.022855
459017,100,4.0425,97.500,0.3941,0.4000,5.718635,0.000000,5.718635,0.022866,0.000000,0.022866
459117,100,4.0437,97.500,0.3943,0.4000,5.721344,0.000000,5.721344,0.022877,0.000000,0.022877
459217,100,4.0437,98.750,0.3993,0.4000,5.724087,0.000000,5.724087,0.022888,0.000000,0.022888
459317,100,4.0437,98.750,0.3993,0.3900,5.726830,0.000000,5.726830,0.022899,0.000000,0.022899
459417,100,4.0437,98.750,0.3993,0.4000,5.729573,0.000000,5.729573,0.022910,0.000000,0.022910
459517,100,4.0437,98.750,0.3993,0.4000,5.732316,0.000000,5.732316,0.022921,0.000000,0.022921
459617,100,4.0437,98.750,0.3993,0.4000,5.735059,0.000000,5.735059,0.022932,0.000000,0.022932
459717,100,4.0437,98.750,0.3993,0.4000,5.737802,0.000000,5.737802,0.022943,0.000000,0.022943
459817,100,4.0437,98.750,0.3993,0.4000,5.740545,0.000000,5.740545,0.022954,0.000000,0.022954
459917,100,4.0437,98.750,0.3993,0.4000,5.743288,0.000000,5.743288,0.022965,0.000000,0.022965
460017,100,4.0437,97.500,0.3943,0.4000,5.745997,0.000000,5.745997,0.022976,0.000000,0.022976
460117,100,4.0437,97.500,0.3943,0.4000,5.748705,0.000000,5.748705,0.022987,0.000000,0.022987
460217,100,4.0437,97.500,0.3943,0.4000,5.751413,0.000000,5.751413,0.022998,0.000000,0.022998
460317,100,4.0437,98.750,0.3993,0.4000,5.754156,0.000000,5.754156,0.023009,0.000000,0.023009
460417,100,4.0437,98.750,0.3993,0.4000,5.756899,0.000000,5.756899,0.023021,0.000000,0.023021
460517,100,4.0437,97.500,0.3943,0.3900,5.759608,0.000000,5.759608,0.023031,0.000000,0.023031
460617,100,4.0437,98.750,0.3993,0.4000,5.762351,0.000000,5.762351,0.023043,0.000000,0.023043
460717,100,4.0437,98.750,0.3993,0.4000,5.765094,0.000000,5.765094,0.023054,0.000000,0.023054
460817,100,4.0437,98.750,0.3993,0.4000,5.767837,0.000000,5.767837,0.023065,0.000000,0.023065
460917,100,4.0437,98.750,0.3993,0.4000,5.770580,0.000000,5.770580,0.023076,0.000000,0.023076
461017,100,4.0437,98.750,0.3993,0.4000,5.773323,0.000000,5.773323,0.023087,0.000000,0.023087
461117,100,4.0437,98.750,0.3993,0.4000,5.776066,0.000000,5.776066,0.023098,0.000000,0.023098
461217,100,4.0437,98.750,0.3993,0.4000,5.778809,0.000000,5.778809,0.023109,0.000000,0.023109
461317,100,4.0437,97.500,0.3943,0.3900,5.781517,0.000000,5.781517,0.023120,0.000000,0.023120
#MARK,461391,100,"seg_015_p03_b159_end",5.781517,0.000000,5.781517,0.023120,0.000000,0.023120
461417,100,4.0437,97.500,0.3943,0.4000,5.784226,0.000000,5.784226,0.023131,0.000000,0.023131
461593,100,4.0437,101.250,0.4094,0.4100,5.789176,0.000000,5.789176,0.023151,0.000000,0.023151
461693,100,4.0437,100.000,0.4044,0.4100,5.791953,0.000000,5.791953,0.023162,0.000000,0.023162
461793,100,4.0437,100.000,0.4044,0.4100,5.794731,0.000000,5.794731,0.023174,0.000000,0.023174
461893,100,4.0437,98.750,0.3993,0.4000,5.797474,0.000000,5.797474,0.023185,0.000000,0.023185
461993,100,4.0437,100.000,0.4044,0.4100,5.800252,0.000000,5.800252,0.023196,0.000000,0.023196
462093,100,4.0437,100.000,0.4044,0.4100,5.803030,0.000000,5.803030,0.023207,0.000000,0.023207
462193,100,4.0437,98.750,0.3993,0.4000,5.805773,0.000000,5.805773,0.023218,0.000000,0.023218
462293,100,4.0437,100.000,0.4044,0.4100,5.808551,0.000000,5.808551,0.023229,0.000000,0.023229
462393,100,4.0437,100.000,0.4044,0.4000,5.811328,0.000000,5.811328,0.023241,0.000000,0.023241
462497,100,4.0437,100.000,0.4044,0.4100,5.814217,0.000000,5.814217,0.023252,0.000000,0.023252
#MARK,462533,100,"seg_016_p03_b191_start",5.814217,0.000000,5.814217,0.023252,0.000000,0.023252
462597,100,4.0437,100.000,0.4044,0.4000,5.816995,0.000000,5.816995,0.023264,0.000000,0.023264
462697,100,4.0437,100.000,0.4044,0.4100,5.819773,0.000000,5.819773,0.023275,0.000000,0.023275
462797,100,4.0437,100.000,0.4044,0.4100,5.822551,0.000000,5.822551,0.023286,0.000000,0.023286
462897,100,4.0437,100.000,0.4044,0.4100,5.825328,0.000000,5.825328,0.023297,0.000000,0.023297
462997,100,4.0437,100.000,0.4044,0.4100,5.828106,0.000000,5.828106,0.023308,0.000000,0.023308
463097,100,4.0437,100.000,0.4044,0.4100,5.830884,0.000000,5.830884,0.023320,0.000000,0.023320
463197,100,4.0437,100.000,0.4044,0.4100,5.833662,0.000000,5.833662,0.023331,0.000000,0.023331
463297,100,4.0437,100.000,0.4044,0.4100,5.836440,0.000000,5.836440,0.023342,0.000000,0.023342
463397,100,4.0437,100.000,0.4044,0.4100,5.839217,0.000000,5.839217,0.023353,0.000000,0.023353
463497,100,4.0437,100.000,0.4044,0.4100,5.841995,0.000000,5.841995,0.023365,0.000000,0.023365
463597,100,4.0437,100.000,0.4044,0.4000,5.844773,0.000000,5.844773,0.023376,0.000000,0.023376
463697,100,4.0437,100.000,0.4044,0.4000,5.847551,0.000000,5.847551,0.023387,0.000000,0.023387
463797,100,4.0437,100.000,0.4044,0.4100,5.850328,0.000000,5.850328,0.023398,0.000000,0.023398
463897,100,4.0437,100.000,0.4044,0.4100,5.853106,0.000000,5.853106,0.023410,0.000000,0.023410
463997,100,4.0437,100.000,0.4044,0.4000,5.855884,0.000000,5.855884,0.023421,0.000000,0.023421
464097,100,4.0437,100.000,0.4044,0.4100,5.858662,0.000000,5.858662,0.023432,0.000000,0.023432
464197,100,4.0437,100.000,0.4044,0.4100,5.861440,0.000000,5.861440,0.023443,0.000000,0.023443
464297,100,4.0450,98.750,0.3994,0.4000,5.864183,0.000000,5.864183,0.023454,0.000000,0.023454
464397,100,4.0450,98.750,0.3994,0.4000,5.866926,0.000000,5.866926,0.023465,0.000000,0.023465
464497,100,4.0437,98.750,0.3993,0.4000,5.869669,0.000000,5.869669,0.023477,0.000000,0.023477
464597,100,4.0450,97.500,0.3944,0.3900,5.872377,0.000000,5.872377,0.023487,0.000000,0.023487
464697,100,4.0450,98.750,0.3994,0.4000,5.875120,0.000000,5.875120,0.023499,0.000000,0.023499
464797,100,4.0450,98.750,0.3994,0.4000,5.877863,0.000000,5.877863,0.023510,0.000000,0.023510
464897,100,4.0450,98.750,0.3994,0.4000,5.880606,0.000000,5.880606,0.023521,0.000000,0.023521
464997,100,4.0450,98.750,0.3994,0.4000,5.883349,0.000000,5.883349,0.023532,0.000000,0.023532
465097,100,4.0450,98.750,0.3994,0.4000,5.886092,0.000000,5.886092,0.023543,0.000000,0.023543
465197,100,4.0450,98.750,0.3994,0.4000,5.888835,0.000000,5.888835,0.023554,0.000000,0.023554
465297,100,4.0450,98.750,0.3994,0.4000,5.891578,0.000000,5.891578,0.023565,0.000000,0.023565
465397,100,4.0450,97.500,0.3944,0.3900,5.894287,0.000000,5.894287,0.023576,0.000000,0.023576
465497,100,4.0450,98.750,0.3994,0.4000,5.897030,0.000000,5.897030,0.023587,0.000000,0.023587
465597,100,4.0450,98.750,0.3994,0.4000,5.899773,0.000000,5.899773,0.023598,0.000000,0.023598
465697,100,4.0450,98.750,0.3994,0.4000,5.902516,0.000000,5.902516,0.023609,0.000000,0.023609
465797,100,4.0450,98.750,0.3994,0.4000,5.905259,0.000000,5.905259,0.023620,0.000000,0.023620
465897,100,4.0450,97.500,0.3944,0.4000,5.907967,0.000000,5.907967,0.023631,0.000000,0.023631
465997,100,4.0450,98.750,0.3994,0.4000,5.910710,0.000000,5.910710,0.023643,0.000000,0.023643
466097,100,4.0450,97.500,0.3944,0.3900,5.913419,0.000000,5.913419,0.023654,0.000000,0.023654
466197,100,4.0450,98.750,0.3994,0.4000,5.916162,0.000000,5.916162,0.023665,0.000000,0.023665
466297,100,4.0450,98.750,0.3994,0.4000,5.918905,0.000000,5.918905,0.023676,0.000000,0.023676
466397,100,4.0450,97.500,0.3944,0.4000,5.921613,0.000000,5.921613,0.023687,0.000000,0.023687
466497,100,4.0450,98.750,0.3994,0.4000,5.924356,0.000000,5.924356,0.023698,0.000000,0.023698
466597,100,4.0450,98.750,0.3994,0.4000,5.927099,0.000000,5.927099,0.023709,0.000000,0.023709
466697,100,4.0450,98.750,0.3994,0.4000,5.929842,0.000000,5.929842,0.023720,0.000000,0.023720
466797,100,4.0450,98.750,0.3994,0.4000,5.932585,0.000000,5.932585,0.023731,0.000000,0.023731
466897,100,4.0450,98.750,0.3994,0.4000,5.935328,0.000000,5.935328,0.023742,0.000000,0.023742
466997,100,4.0450,98.750,0.3994,0.4000,5.938072,0.000000,5.938072,0.023753,0.000000,0.023753
467097,100,4.0450,98.750,0.3994,0.4000,5.940815,0.000000,5.940815,0.023764,0.000000,0.023764
467197,100,4.0450,98.750,0.3994,0.4000,5.943558,0.000000,5.943558,0.023775,0.000000,0.023775
467297,100,4.0450,98.750,0.3994,0.4000,5.946301,0.000000,5.946301,0.023787,0.000000,0.023787
467397,100,4.0450,98.750,0.3994,0.4000,5.949044,0.000000,5.949044,0.023798,0.000000,0.023798
467497,100,4.0450,97.500,0.3944,0.4000,5.951752,0.000000,5.951752,0.023809,0.000000,0.023809
467597,100,4.0450,98.750,0.3994,0.4000,5.954495,0.000000,5.954495,0.023820,0.000000,0.023820
467697,100,4.0450,98.750,0.3994,0.4000,5.957238,0.000000,5.957238,0.023831,0.000000,0.023831
#MARK,467768,100,"seg_016_p03_b191_end",5.957238,0.000000,5.957238,0.023831,0.000000,0.023831
467797,100,4.0450,98.750,0.3994,0.4000,5.959981,0.000000,5.959981,0.023842,0.000000,0.023842
467959,100,4.0450,100.000,0.4045,0.4100,5.964481,0.000000,5.964481,0.023860,0.000000,0.023860
468059,100,4.0450,100.000,0.4045,0.4000,5.967259,0.000000,5.967259,0.023871,0.000000,0.023871
468159,100,4.0450,100.000,0.4045,0.4100,5.970037,0.000000,5.970037,0.023883,0.000000,0.023883
468259,100,4.0450,100.000,0.4045,0.4100,5.972815,0.000000,5.972815,0.023894,0.000000,0.023894
468359,100,4.0450,98.750,0.3994,0.4000,5.975558,0.000000,5.975558,0.023905,0.000000,0.023905
468459,100,4.0450,100.000,0.4045,0.4100,5.978335,0.000000,5.978335,0.023916,0.000000,0.023916
468559,100,4.0450,100.000,0.4045,0.4100,5.981113,0.000000,5.981113,0.023927,0.000000,0.023927
468659,100,4.0450,100.000,0.4045,0.4100,5.983891,0.000000,5.983891,0.023939,0.000000,0.023939
468759,100,4.0450,100.000,0.4045,0.4100,5.986669,0.000000,5.986669,0.023950,0.000000,0.023950
468859,100,4.0450,100.000,0.4045,0.4100,5.989447,0.000000,5.989447,0.023961,0.000000,0.023961
#MARK,468891,100,"seg_017_p03_b223_start",5.989447,0.000000,5.989447,0.023961,0.000000,0.023961
468959,100,4.0450,100.000,0.4045,0.4000,5.992224,0.000000,5.992224,0.023972,0.000000,0.023972
469133,100,4.0450,100.000,0.4045,0.4100,5.997058,0.000000,5.997058,0.023992,0.000000,0.023992
469233,100,4.0450,100.000,0.4045,0.4100,5.999835,0.000000,5.999835,0.024003,0.000000,0.024003
469333,100,4.0450,100.000,0.4045,0.4100,6.002613,0.000000,6.002613,0.024014,0.000000,0.024014
469433,100,4.0450,100.000,0.4045,0.4100,6.005391,0.000000,6.005391,0.024026,0.000000,0.024026
469533,100,4.0450,100.000,0.4045,0.4100,6.008169,0.000000,6.008169,0.024037,0.000000,0.024037
469633,100,4.0450,100.000,0.4045,0.4100,6.010947,0.000000,6.010947,0.024048,0.000000,0.024048
469733,100,4.0450,100.000,0.4045,0.4100,6.013724,0.000000,6.013724,0.024059,0.000000,0.024059
469833,100,4.0450,100.000,0.4045,0.4100,6.016502,0.000000,6.016502,0.024070,0.000000,0.024070
469933,100,4.0450,100.000,0.4045,0.4100,6.019280,0.000000,6.019280,0.024082,0.000000,0.024082
470033,100,4.0450,100.000,0.4045,0.4100,6.022058,0.000000,6.022058,0.024093,0.000000,0.024093
470133,100,4.0450,98.750,0.3994,0.4000,6.024801,0.000000,6.024801,0.024104,0.000000,0.024104
470233,100,4.0450,100.000,0.4045,0.4100,6.027578,0.000000,6.027578,0.024115,0.000000,0.024115
470333,100,4.0450,98.750,0.3994,0.4000,6.030322,0.000000,6.030322,0.024126,0.000000,0.024126
470433,100,4.0450,100.000,0.4045,0.4000,6.033099,0.000000,6.033099,0.024138,0.000000,0.024138
470533,100,4.0450,100.000,0.4045,0.4100,6.035877,0.000000,6.035877,0.024149,0.000000,0.024149
470633,100,4.0462,97.500,0.3945,0.3900,6.038585,0.000000,6.038585,0.024160,0.000000,0.024160
470733,100,4.0462,97.500,0.3945,0.3900,6.041294,0.000000,6.041294,0.024171,0.000000,0.024171
470833,100,4.0462,97.500,0.3945,0.3900,6.044002,0.000000,6.044002,0.024182,0.000000,0.024182
470933,100,4.0450,98.750,0.3994,0.4000,6.046745,0.000000,6.046745,0.024193,0.000000,0.024193
471033,100,4.0462,97.500,0.3945,0.4000,6.049453,0.000000,6.049453,0.024204,0.000000,0.024204
471133,100,4.0462,98.750,0.3996,0.4000,6.052197,0.000000,6.052197,0.024215,0.000000,0.024215
471233,100,4.0450,98.750,0.3994,0.4000,6.054940,0.000000,6.054940,0.024226,0.000000,0.024226
471333,100,4.0462,98.750,0.3996,0.4000,6.057683,0.000000,6.057683,0.024237,0.000000,0.024237
471433,100,4.0462,98.750,0.3996,0.4000,6.060426,0.000000,6.060426,0.024248,0.000000,0.024248
471533,100,4.0462,97.500,0.3945,0.4000,6.063134,0.000000,6.063134,0.024259,0.000000,0.024259
471633,100,4.0462,98.750,0.3996,0.4000,6.065877,0.000000,6.065877,0.024270,0.000000,0.024270
471733,100,4.0462,97.500,0.3945,0.4000,6.068585,0.000000,6.068585,0.024281,0.000000,0.024281
471833,100,4.0462,98.750,0.3996,0.4000,6.071328,0.000000,6.071328,0.024292,0.000000,0.024292
471933,100,4.0462,97.500,0.3945,0.4000,6.074037,0.000000,6.074037,0.024303,0.000000,0.024303
472033,100,4.0462,98.750,0.3996,0.4000,6.076780,0.000000,6.076780,0.024314,0.000000,0.024314
472133,100,4.0462,98.750,0.3996,0.4000,6.079523,0.000000,6.079523,0.024325,0.000000,0.024325
472233,100,4.0462,98.750,0.3996,0.4000,6.082266,0.000000,6.082266,0.024337,0.000000,0.024337
472333,100,4.0462,97.500,0.3945,0.3900,6.084974,0.000000,6.084974,0.024348,0.000000,0.024348
472433,100,4.0462,98.750,0.3996,0.4000,6.087717,0.000000,6.087717,0.024359,0.000000,0.024359
472533,100,4.0462,98.750,0.3996,0.4000,6.090460,0.000000,6.090460,0.024370,0.000000,0.024370
472633,100,4.0462,98.750,0.3996,0.4000,6.093203,0.000000,6.093203,0.024381,0.000000,0.024381
472733,100,4.0462,98.750,0.3996,0.4000,6.095947,0.000000,6.095947,0.024392,0.000000,0.024392
472833,100,4.0462,97.500,0.3945,0.3900,6.098655,0.000000,6.098655,0.024403,0.000000,0.024403
472933,100,4.0462,98.750,0.3996,0.4000,6.101398,0.000000,6.101398,0.024414,0.000000,0.024414
473033,100,4.0462,97.500,0.3945,0.4000,6.104106,0.000000,6.104106,0.024425,0.000000,0.024425
473133,100,4.0462,98.750,0.3996,0.4000,6.106849,0.000000,6.106849,0.024436,0.000000,0.024436
473233,100,4.0462,98.750,0.3996,0.4000,6.109592,0.000000,6.109592,0.024447,0.000000,0.024447
473333,100,4.0462,97.500,0.3945,0.4000,6.112301,0.000000,6.112301,0.024458,0.000000,0.024458
473433,100,4.0462,98.750,0.3996,0.4000,6.115044,0.000000,6.115044,0.024469,0.000000,0.024469
473533,100,4.0462,98.750,0.3996,0.4000,6.117787,0.000000,6.117787,0.024480,0.000000,0.024480
473633,100,4.0462,97.500,0.3945,0.4000,6.120495,0.000000,6.120495,0.024491,0.000000,0.024491
473733,100,4.0462,98.750,0.3996,0.4000,6.123238,0.000000,6.123238,0.024502,0.000000,0.024502
473833,100,4.0462,98.750,0.3996,0.4000,6.125981,0.000000,6.125981,0.024513,0.000000,0.024513
473933,100,4.0462,98.750,0.3996,0.4000,6.128724,0.000000,6.128724,0.024525,0.000000,0.024525
474033,100,4.0462,98.750,0.3996,0.4000,6.131467,0.000000,6.131467,0.024536,0.000000,0.024536
474133,100,4.0462,98.750,0.3996,0.4000,6.134210,0.000000,6.134210,0.024547,0.000000,0.024547
#MARK,474145,100,"seg_017_p03_b223_end",6.134210,0.000000,6.134210,0.024547,0.000000,0.024547
474233,100,4.0462,97.500,0.3945,0.4000,6.136919,0.000000,6.136919,0.024558,0.000000,0.024558
474365,100,4.0462,100.000,0.4046,0.4100,6.140585,0.000000,6.140585,0.024573,0.000000,0.024573
474465,100,4.0462,100.000,0.4046,0.4000,6.143363,0.000000,6.143363,0.024584,0.000000,0.024584
474565,100,4.0450,100.000,0.4045,0.4100,6.146141,0.000000,6.146141,0.024595,0.000000,0.024595
474665,100,4.0462,100.000,0.4046,0.4000,6.148919,0.000000,6.148919,0.024606,0.000000,0.024606
474765,100,4.0462,100.000,0.4046,0.4000,6.151697,0.000000,6.151697,0.024617,0.000000,0.024617
474865,100,4.0450,98.750,0.3994,0.4000,6.154440,0.000000,6.154440,0.024629,0.000000,0.024629
474965,100,4.0462,100.000,0.4046,0.4100,6.157217,0.000000,6.157217,0.024640,0.000000,0.024640
475065,100,4.0462,100.000,0.4046,0.4000,6.159995,0.000000,6.159995,0.024651,0.000000,0.024651
475165,100,4.0462,100.000,0.4046,0.4100,6.162773,0.000000,6.162773,0.024662,0.000000,0.024662
475265,100,4.0462,100.000,0.4046,0.4100,6.165551,0.000000,6.165551,0.024674,0.000000,0.024674
#MARK,475277,100,"seg_018_p03_b255_start",6.165551,0.000000,6.165551,0.024674,0.000000,0.024674
475365,100,4.0462,100.000,0.4046,0.4100,6.168328,0.000000,6.168328,0.024685,0.000000,0.024685
475510,100,4.0462,100.000,0.4046,0.4100,6.172356,0.000000,6.172356,0.024701,0.000000,0.024701
475610,100,4.0462,98.750,0.3996,0.4100,6.175099,0.000000,6.175099,0.024712,0.000000,0.024712
475710,100,4.0462,100.000,0.4046,0.4100,6.177877,0.000000,6.177877,0.024723,0.000000,0.024723
475810,100,4.0462,100.000,0.4046,0.4100,6.180655,0.000000,6.180655,0.024735,0.000000,0.024735
475910,100,4.0462,100.000,0.4046,0.4100,6.183433,0.000000,6.183433,0.024746,0.000000,0.024746
476010,100,4.0462,100.000,0.4046,0.4100,6.186210,0.000000,6.186210,0.024757,0.000000,0.024757
476110,100,4.0462,100.000,0.4046,0.4100,6.188988,0.000000,6.188988,0.024768,0.000000,0.024768
476210,100,4.0462,100.000,0.4046,0.4100,6.191766,0.000000,6.191766,0.024780,0.000000,0.024780
476310,100,4.0462,100.000,0.4046,0.4100,6.194544,0.000000,6.194544,0.024791,0.000000,0.024791
476410,100,4.0462,100.000,0.4046,0.4100,6.197322,0.000000,6.197322,0.024802,0.000000,0.024802
476510,100,4.0462,100.000,0.4046,0.4100,6.200099,0.000000,6.200099,0.024813,0.000000,0.024813
476610,100,4.0462,100.000,0.4046,0.4100,6.202877,0.000000,6.202877,0.024825,0.000000,0.024825
476710,100,4.0462,100.000,0.4046,0.4000,6.205655,0.000000,6.205655,0.024836,0.000000,0.024836
476810,100,4.0462,100.000,0.4046,0.4000,6.208433,0.000000,6.208433,0.024847,0.000000,0.024847
476910,100,4.0462,100.000,0.4046,0.4100,6.211210,0.000000,6.211210,0.024858,0.000000,0.024858
477010,100,4.0462,98.750,0.3996,0.4000,6.213953,0.000000,6.213953,0.024869,0.000000,0.024869
477110,100,4.0462,98.750,0.3996,0.4000,6.216697,0.000000,6.216697,0.024880,0.000000,0.024880
477210,100,4.0462,98.750,0.3996,0.4000,6.219440,0.000000,6.219440,0.024892,0.000000,0.024892
477310,100,4.0462,98.750,0.3996,0.4000,6.222183,0.000000,6.222183,0.024903,0.000000,0.024903
477410,100,4.0462,98.750,0.3996,0.4000,6.224926,0.000000,6.224926,0.024914,0.000000,0.024914
477510,100,4.0462,97.500,0.3945,0.3900,6.227634,0.000000,6.227634,0.024925,0.000000,0.024925
477610,100,4.0462,98.750,0.3996,0.4000,6.230377,0.000000,6.230377,0.024936,0.000000,0.024936
477710,100,4.0462,98.750,0.3996,0.4000,6.233120,0.000000,6.233120,0.024947,0.000000,0.024947
477810,100,4.0462,98.750,0.3996,0.4000,6.235863,0.000000,6.235863,0.024958,0.000000,0.024958
477910,100,4.0462,98.750,0.3996,0.4000,6.238606,0.000000,6.238606,0.024969,0.000000,0.024969
478010,100,4.0462,97.500,0.3945,0.3900,6.241315,0.000000,6.241315,0.024980,0.000000,0.024980
478110,100,4.0475,98.750,0.3997,0.4000,6.244058,0.000000,6.244058,0.024991,0.000000,0.024991
478210,100,4.0475,98.750,0.3997,0.4000,6.246801,0.000000,6.246801,0.025002,0.000000,0.025002
478310,100,4.0475,98.750,0.3997,0.4000,6.249544,0.000000,6.249544,0.025013,0.000000,0.025013
478410,100,4.0462,97.500,0.3945,0.4000,6.252252,0.000000,6.252252,0.025024,0.000000,0.025024
478510,100,4.0475,98.750,0.3997,0.4000,6.254995,0.000000,6.254995,0.025035,0.000000,0.025035
478610,100,4.0475,98.750,0.3997,0.4000,6.257738,0.000000,6.257738,0.025047,0.000000,0.025047
478710,100,4.0475,98.750,0.3997,0.4000,6.260481,0.000000,6.260481,0.025058,0.000000,0.025058
478810,100,4.0462,98.750,0.3996,0.4000,6.263224,0.000000,6.263224,0.025069,0.000000,0.025069
478910,100,4.0462,98.750,0.3996,0.3900,6.265967,0.000000,6.265967,0.025080,0.000000,0.025080
479010,100,4.0462,98.750,0.3996,0.4000,6.268710,0.000000,6.268710,0.025091,0.000000,0.025091
479110,100,4.0475,98.750,0.3997,0.4000,6.271453,0.000000,6.271453,0.025102,0.000000,0.025102
479210,100,4.0475,98.750,0.3997,0.4000,6.274197,0.000000,6.274197,0.025113,0.000000,0.025113
479310,100,4.0462,98.750,0.3996,0.4000,6.276940,0.000000,6.276940,0.025124,0.000000,0.025124
479410,100,4.0475,98.750,0.3997,0.4000,6.279683,0.000000,6.279683,0.025135,0.000000,0.025135
479510,100,4.0475,97.500,0.3946,0.4000,6.282391,0.000000,6.282391,0.025146,0.000000,0.025146
479610,100,4.0475,98.750,0.3997,0.4000,6.285134,0.000000,6.285134,0.025157,0.000000,0.025157
479710,100,4.0475,98.750,0.3997,0.4000,6.287877,0.000000,6.287877,0.025169,0.000000,0.025169
479810,100,4.0475,98.750,0.3997,0.4000,6.290620,0.000000,6.290620,0.025180,0.000000,0.025180
479910,100,4.0475,98.750,0.3997,0.4000,6.293363,0.000000,6.293363,0.025191,0.000000,0.025191
480010,100,4.0475,98.750,0.3997,0.4000,6.296106,0.000000,6.296106,0.025202,0.000000,0.025202
480110,100,4.0475,98.750,0.3997,0.4000,6.298849,0.000000,6.298849,0.025213,0.000000,0.025213
480210,100,4.0462,98.750,0.3996,0.4000,6.301592,0.000000,6.301592,0.025224,0.000000,0.025224
480310,100,4.0475,98.750,0.3997,0.4000,6.304335,0.000000,6.304335,0.025235,0.000000,0.025235
480410,100,4.0475,98.750,0.3997,0.4000,6.307078,0.000000,6.307078,0.025246,0.000000,0.025246
480510,100,4.0462,97.500,0.3945,0.4000,6.309787,0.000000,6.309787,0.025257,0.000000,0.025257
#MARK,480522,100,"seg_018_p03_b255_end",6.309787,0.000000,6.309787,0.025257,0.000000,0.025257
480610,100,4.0538,77.500,0.3142,0.3100,6.311940,0.000000,6.311940,0.025266,0.000000,0.025266
480727,100,4.0525,78.750,0.3191,0.3200,6.314499,0.000000,6.314499,0.025276,0.000000,0.025276
480827,100,4.0525,81.250,0.3293,0.3300,6.316756,0.000000,6.316756,0.025285,0.000000,0.025285
480927,100,4.0525,81.250,0.3293,0.3300,6.319013,0.000000,6.319013,0.025295,0.000000,0.025295
481027,100,4.0525,81.250,0.3293,0.3300,6.321270,0.000000,6.321270,0.025304,0.000000,0.025304
481127,100,4.0525,82.500,0.3343,0.3300,6.323561,0.000000,6.323561,0.025313,0.000000,0.025313
481227,100,4.0525,82.500,0.3343,0.3300,6.325853,0.000000,6.325853,0.025322,0.000000,0.025322
481327,100,4.0525,82.500,0.3343,0.3400,6.328145,0.000000,6.328145,0.025332,0.000000,0.025332
481427,100,4.0525,82.500,0.3343,0.3400,6.330436,0.000000,6.330436,0.025341,0.000000,0.025341
481527,100,4.0525,82.500,0.3343,0.3300,6.332728,0.000000,6.332728,0.025350,0.000000,0.025350
481627,100,4.0525,82.500,0.3343,0.3300,6.335020,0.000000,6.335020,0.025359,0.000000,0.025359
#MARK,481651,100,"seg_019_p04_b095_start",6.335020,0.000000,6.335020,0.025359,0.000000,0.025359
481727,100,4.0525,82.500,0.3343,0.3400,6.337311,0.000000,6.337311,0.025369,0.000000,0.025369
481861,100,4.0525,81.250,0.3293,0.3300,6.340336,0.000000,6.340336,0.025381,0.000000,0.025381
481961,100,4.0525,82.500,0.3343,0.3300,6.342627,0.000000,6.342627,0.025390,0.000000,0.025390
482061,100,4.0525,81.250,0.3293,0.3300,6.344884,0.000000,6.344884,0.025399,0.000000,0.025399
482161,100,4.0525,82.500,0.3343,0.3400,6.347176,0.000000,6.347176,0.025409,0.000000,0.025409
482261,100,4.0525,82.500,0.3343,0.3300,6.349468,0.000000,6.349468,0.025418,0.000000,0.025418
482361,100,4.0525,81.250,0.3293,0.3300,6.351725,0.000000,6.351725,0.025427,0.000000,0.025427
482461,100,4.0525,81.250,0.3293,0.3300,6.353982,0.000000,6.353982,0.025436,0.000000,0.025436
482561,100,4.0525,81.250,0.3293,0.3300,6.356239,0.000000,6.356239,0.025445,0.000000,0.025445
482661,100,4.0525,82.500,0.3343,0.3300,6.358530,0.000000,6.358530,0.025455,0.000000,0.025455
482761,100,4.0525,82.500,0.3343,0.3400,6.360822,0.000000,6.360822,0.025464,0.000000,0.025464
482861,100,4.0525,82.500,0.3343,0.3400,6.363114,0.000000,6.363114,0.025473,0.000000,0.025473
482961,100,4.0525,82.500,0.3343,0.3300,6.365405,0.000000,6.365405,0.025483,0.000000,0.025483
483061,100,4.0525,82.500,0.3343,0.3300,6.367697,0.000000,6.367697,0.025492,0.000000,0.025492
483161,100,4.0525,81.250,0.3293,0.3300,6.369954,0.000000,6.369954,0.025501,0.000000,0.025501
483261,100,4.0525,82.500,0.3343,0.3400,6.372245,0.000000,6.372245,0.025510,0.000000,0.025510
483361,100,4.0538,80.000,0.3243,0.3200,6.374468,0.000000,6.374468,0.025519,0.000000,0.025519
483461,100,4.0538,80.000,0.3243,0.3200,6.376690,0.000000,6.376690,0.025528,0.000000,0.025528
483561,100,4.0538,80.000,0.3243,0.3300,6.378912,0.000000,6.378912,0.025537,0.000000,0.025537
483661,100,4.0538,81.250,0.3294,0.3300,6.381169,0.000000,6.381169,0.025546,0.000000,0.025546
483761,100,4.0538,80.000,0.3243,0.3200,6.383391,0.000000,6.383391,0.025556,0.000000,0.025556
483861,100,4.0538,80.000,0.3243,0.3300,6.385614,0.000000,6.385614,0.025565,0.000000,0.025565
483961,100,4.0538,81.250,0.3294,0.3300,6.387870,0.000000,6.387870,0.025574,0.000000,0.025574
484061,100,4.0538,80.000,0.3243,0.3300,6.390093,0.000000,6.390093,0.025583,0.000000,0.025583
484161,100,4.0538,81.250,0.3294,0.3300,6.392350,0.000000,6.392350,0.025592,0.000000,0.025592
484261,100,4.0538,81.250,0.3294,0.3300,6.394607,0.000000,6.394607,0.025601,0.000000,0.025601
484361,100,4.0538,81.250,0.3294,0.3300,6.396864,0.000000,6.396864,0.025610,0.000000,0.025610
484461,100,4.0538,81.250,0.3294,0.3300,6.399120,0.000000,6.399120,0.025619,0.000000,0.025619
484561,100,4.0538,81.250,0.3294,0.3300,6.401377,0.000000,6.401377,0.025628,0.000000,0.025628
484661,100,4.0538,80.000,0.3243,0.3300,6.403600,0.000000,6.403600,0.025637,0.000000,0.025637
484761,100,4.0538,80.000,0.3243,0.3300,6.405822,0.000000,6.405822,0.025646,0.000000,0.025646
484861,100,4.0538,80.000,0.3243,0.3300,6.408044,0.000000,6.408044,0.025655,0.000000,0.025655
484961,100,4.0538,80.000,0.3243,0.3300,6.410266,0.000000,6.410266,0.025664,0.000000,0.025664
485061,100,4.0538,80.000,0.3243,0.3300,6.412489,0.000000,6.412489,0.025673,0.000000,0.025673
485161,100,4.0538,81.250,0.3294,0.3300,6.414745,0.000000,6.414745,0.025683,0.000000,0.025683
485261,100,4.0538,80.000,0.3243,0.3200,6.416968,0.000000,6.416968,0.025692,0.000000,0.025692
485361,100,4.0538,81.250,0.3294,0.3300,6.419225,0.000000,6.419225,0.025701,0.000000,0.025701
485461,100,4.0538,81.250,0.3294,0.3300,6.421482,0.000000,6.421482,0.025710,0.000000,0.025710
485561,100,4.0538,81.250,0.3294,0.3300,6.423739,0.000000,6.423739,0.025719,0.000000,0.025719
485661,100,4.0538,81.250,0.3294,0.3300,6.425995,0.000000,6.425995,0.025728,0.000000,0.025728
485761,100,4.0538,80.000,0.3243,0.3300,6.428218,0.000000,6.428218,0.025737,0.000000,0.025737
485861,100,4.0538,80.000,0.3243,0.3300,6.430440,0.000000,6.430440,0.025746,0.000000,0.025746
485961,100,4.0538,81.250,0.3294,0.3300,6.432697,0.000000,6.432697,0.025755,0.000000,0.025755
486061,100,4.0538,80.000,0.3243,0.3200,6.434919,0.000000,6.434919,0.025764,0.000000,0.025764
486161,100,4.0538,81.250,0.3294,0.3300,6.437176,0.000000,6.437176,0.025774,0.000000,0.025774
486261,100,4.0538,80.000,0.3243,0.3200,6.439398,0.000000,6.439398,0.025783,0.000000,0.025783
486361,100,4.0538,80.000,0.3243,0.3300,6.441620,0.000000,6.441620,0.025792,0.000000,0.025792
486461,100,4.0538,80.000,0.3243,0.3200,6.443843,0.000000,6.443843,0.025801,0.000000,0.025801
486561,100,4.0550,80.000,0.3244,0.3200,6.446065,0.000000,6.446065,0.025810,0.000000,0.025810
486661,100,4.0538,80.000,0.3243,0.3200,6.448287,0.000000,6.448287,0.025819,0.000000,0.025819
486761,100,4.0538,81.250,0.3294,0.3300,6.450544,0.000000,6.450544,0.025828,0.000000,0.025828
486861,100,4.0538,81.250,0.3294,0.3300,6.452801,0.000000,6.452801,0.025837,0.000000,0.025837
#MARK,486899,100,"seg_019_p04_b095_end",6.452801,0.000000,6.452801,0.025837,0.000000,0.025837
486961,100,4.0538,81.250,0.3294,0.3300,6.455058,0.000000,6.455058,0.025846,0.000000,0.025846
487150,100,4.0538,83.750,0.3395,0.3400,6.459455,0.000000,6.459455,0.025864,0.000000,0.025864
487250,100,4.0525,85.000,0.3445,0.3500,6.461816,0.000000,6.461816,0.025873,0.000000,0.025873
487350,100,4.0525,85.000,0.3445,0.3500,6.464177,0.000000,6.464177,0.025883,0.000000,0.025883
487450,100,4.0525,86.250,0.3495,0.3500,6.466573,0.000000,6.466573,0.025893,0.000000,0.025893
487550,100,4.0525,86.250,0.3495,0.3500,6.468969,0.000000,6.468969,0.025902,0.000000,0.025902
487650,100,4.0525,86.250,0.3495,0.3500,6.471365,0.000000,6.471365,0.025912,0.000000,0.025912
487750,100,4.0525,85.000,0.3445,0.3500,6.473726,0.000000,6.473726,0.025922,0.000000,0.025922
487850,100,4.0525,86.250,0.3495,0.3500,6.476122,0.000000,6.476122,0.025931,0.000000,0.025931
487950,100,4.0525,85.000,0.3445,0.3500,6.478483,0.000000,6.478483,0.025941,0.000000,0.025941
#MARK,488048,100,"seg_020_p04_b127_start",6.478483,0.000000,6.478483,0.025941,0.000000,0.025941
488052,100,4.0525,86.250,0.3495,0.3500,6.480926,0.000000,6.480926,0.025951,0.000000,0.025951
488152,100,4.0525,86.250,0.3495,0.3500,6.483322,0.000000,6.483322,0.025961,0.000000,0.025961
488252,100,4.0525,85.000,0.3445,0.3500,6.485683,0.000000,6.485683,0.025970,0.000000,0.025970
488352,100,4.0525,85.000,0.3445,0.3500,6.488044,0.000000,6.488044,0.025980,0.000000,0.025980
488452,100,4.0525,86.250,0.3495,0.3500,6.490440,0.000000,6.490440,0.025989,0.000000,0.025989
488552,100,4.0525,85.000,0.3445,0.3500,6.492801,0.000000,6.492801,0.025999,0.000000,0.025999
488652,100,4.0525,85.000,0.3445,0.3500,6.495163,0.000000,6.495163,0.026009,0.000000,0.026009
488752,100,4.0525,85.000,0.3445,0.3500,6.497524,0.000000,6.497524,0.026018,0.000000,0.026018
488852,100,4.0538,85.000,0.3446,0.3500,6.499885,0.000000,6.499885,0.026028,0.000000,0.026028
488952,100,4.0525,86.250,0.3495,0.3500,6.502281,0.000000,6.502281,0.026037,0.000000,0.026037
489052,100,4.0525,85.000,0.3445,0.3500,6.504642,0.000000,6.504642,0.026047,0.000000,0.026047
489152,100,4.0525,86.250,0.3495,0.3500,6.507038,0.000000,6.507038,0.026057,0.000000,0.026057
489252,100,4.0525,86.250,0.3495,0.3500,6.509433,0.000000,6.509433,0.026066,0.000000,0.026066
489352,100,4.0525,86.250,0.3495,0.3500,6.511829,0.000000,6.511829,0.026076,0.000000,0.026076
489452,100,4.0525,85.000,0.3445,0.3500,6.514190,0.000000,6.514190,0.026086,0.000000,0.026086
489552,100,4.0525,85.000,0.3445,0.3500,6.516551,0.000000,6.516551,0.026095,0.000000,0.026095
489652,100,4.0525,85.000,0.3445,0.3500,6.518913,0.000000,6.518913,0.026105,0.000000,0.026105
489752,100,4.0538,83.750,0.3395,0.3400,6.521239,0.000000,6.521239,0.026114,0.000000,0.026114
489852,100,4.0538,83.750,0.3395,0.3400,6.523565,0.000000,6.523565,0.026124,0.000000,0.026124
489952,100,4.0538,83.750,0.3395,0.3400,6.525892,0.000000,6.525892,0.026133,0.000000,0.026133
490052,100,4.0538,83.750,0.3395,0.3400,6.528218,0.000000,6.528218,0.026143,0.000000,0.026143
490152,100,4.0538,83.750,0.3395,0.3400,6.530544,0.000000,6.530544,0.026152,0.000000,0.026152
490252,100,4.0538,83.750,0.3395,0.3400,6.532871,0.000000,6.532871,0.026161,0.000000,0.026161
490352,100,4.0538,83.750,0.3395,0.3500,6.535197,0.000000,6.535197,0.026171,0.000000,0.026171
490452,100,4.0538,85.000,0.3446,0.3500,6.537558,0.000000,6.537558,0.026180,0.000000,0.026180
490552,100,4.0538,83.750,0.3395,0.3400,6.539885,0.000000,6.539885,0.026190,0.000000,0.026190
490652,100,4.0538,85.000,0.3446,0.3500,6.542246,0.000000,6.542246,0.026199,0.000000,0.026199
490752,100,4.0538,83.750,0.3395,0.3400,6.544572,0.000000,6.544572,0.026209,0.000000,0.026209
490852,100,4.0538,83.750,0.3395,0.3400,6.546899,0.000000,6.546899,0.026218,0.000000,0.026218
490952,100,4.0538,83.750,0.3395,0.3400,6.549225,0.000000,6.549225,0.026228,0.000000,0.026228
491052,100,4.0538,83.750,0.3395,0.3400,6.551551,0.000000,6.551551,0.026237,0.000000,0.026237
491152,100,4.0538,83.750,0.3395,0.3400,6.553878,0.000000,6.553878,0.026247,0.000000,0.026247
491252,100,4.0538,85.000,0.3446,0.3500,6.556239,0.000000,6.556239,0.026256,0.000000,0.026256
491352,100,4.0538,83.750,0.3395,0.3400,6.558565,0.000000,6.558565,0.026266,0.000000,0.026266
491452,100,4.0538,83.750,0.3395,0.3400,6.560892,0.000000,6.560892,0.026275,0.000000,0.026275
491552,100,4.0538,83.750,0.3395,0.3500,6.563218,0.000000,6.563218,0.026284,0.000000,0.026284
491652,100,4.0538,85.000,0.3446,0.3500,6.565579,0.000000,6.565579,0.026294,0.000000,0.026294
491752,100,4.0538,83.750,0.3395,0.3400,6.567906,0.000000,6.567906,0.026303,0.000000,0.026303
491852,100,4.0538,85.000,0.3446,0.3500,6.570267,0.000000,6.570267,0.026313,0.000000,0.026313
491952,100,4.0538,83.750,0.3395,0.3400,6.572593,0.000000,6.572593,0.026322,0.000000,0.026322
492052,100,4.0538,85.000,0.3446,0.3400,6.574954,0.000000,6.574954,0.026332,0.000000,0.026332
492152,100,4.0538,85.000,0.3446,0.3500,6.577315,0.000000,6.577315,0.026342,0.000000,0.026342
492252,100,4.0538,85.000,0.3446,0.3500,6.579676,0.000000,6.579676,0.026351,0.000000,0.026351
492352,100,4.0538,83.750,0.3395,0.3400,6.582003,0.000000,6.582003,0.026361,0.000000,0.026361
492452,100,4.0538,83.750,0.3395,0.3500,6.584329,0.000000,6.584329,0.026370,0.000000,0.026370
492552,100,4.0538,83.750,0.3395,0.3400,6.586656,0.000000,6.586656,0.026379,0.000000,0.026379
492652,100,4.0538,83.750,0.3395,0.3400,6.588982,0.000000,6.588982,0.026389,0.000000,0.026389
492752,100,4.0538,83.750,0.3395,0.3400,6.591308,0.000000,6.591308,0.026398,0.000000,0.026398
492852,100,4.0538,83.750,0.3395,0.3400,6.593635,0.000000,6.593635,0.026408,0.000000,0.026408
492952,100,4.0538,85.000,0.3446,0.3500,6.595996,0.000000,6.595996,0.026417,0.000000,0.026417
493052,100,4.0538,83.750,0.3395,0.3400,6.598322,0.000000,6.598322,0.026427,0.000000,0.026427
493152,100,4.0538,85.000,0.3446,0.3500,6.600683,0.000000,6.600683,0.026436,0.000000,0.026436
493252,100,4.0538,83.750,0.3395,0.3400,6.603010,0.000000,6.603010,0.026446,0.000000,0.026446
#MARK,493282,100,"seg_020_p04_b127_end",6.603010,0.000000,6.603010,0.026446,0.000000,0.026446
493352,100,4.0538,85.000,0.3446,0.3400,6.605371,0.000000,6.605371,0.026455,0.000000,0.026455
493509,100,4.0538,85.000,0.3446,0.3500,6.609078,0.000000,6.609078,0.026470,0.000000,0.026470
493609,100,4.0525,87.500,0.3546,0.3600,6.611508,0.000000,6.611508,0.026480,0.000000,0.026480
493709,100,4.0525,88.750,0.3597,0.3600,6.613974,0.000000,6.613974,0.026490,0.000000,0.026490
493809,100,4.0525,88.750,0.3597,0.3600,6.616439,0.000000,6.616439,0.026500,0.000000,0.026500
493909,100,4.0525,90.000,0.3647,0.3700,6.618939,0.000000,6.618939,0.026510,0.000000,0.026510
494009,100,4.0525,88.750,0.3597,0.3600,6.621404,0.000000,6.621404,0.026520,0.000000,0.026520
494109,100,4.0525,88.750,0.3597,0.3600,6.623869,0.000000,6.623869,0.026530,0.000000,0.026530
494209,100,4.0512,88.750,0.3595,0.3600,6.626335,0.000000,6.626335,0.026540,0.000000,0.026540
494309,100,4.0525,88.750,0.3597,0.3600,6.628800,0.000000,6.628800,0.026550,0.000000,0.026550
494409,100,4.0525,88.750,0.3597,0.3600,6.631265,0.000000,6.631265,0.026560,0.000000,0.026560
#MARK,494426,100,"seg_021_p04_b159_start",6.631265,0.000000,6.631265,0.026560,0.000000,0.026560
494509,100,4.0525,90.000,0.3647,0.3600,6.633765,0.000000,6.633765,0.026570,0.000000,0.026570
494677,100,4.0525,88.750,0.3597,0.3600,6.637907,0.000000,6.637907,0.026587,0.000000,0.026587
494777,100,4.0525,90.000,0.3647,0.3600,6.640407,0.000000,6.640407,0.026597,0.000000,0.026597
494877,100,4.0525,90.000,0.3647,0.3600,6.642907,0.000000,6.642907,0.026607,0.000000,0.026607
494977,100,4.0525,88.750,0.3597,0.3600,6.645372,0.000000,6.645372,0.026617,0.000000,0.026617
495077,100,4.0525,88.750,0.3597,0.3600,6.647838,0.000000,6.647838,0.026627,0.000000,0.026627
495177,100,4.0525,90.000,0.3647,0.3600,6.650338,0.000000,6.650338,0.026638,0.000000,0.026638
495277,100,4.0525,88.750,0.3597,0.3600,6.652803,0.000000,6.652803,0.026648,0.000000,0.026648
495377,100,4.0525,90.000,0.3647,0.3600,6.655303,0.000000,6.655303,0.026658,0.000000,0.026658
495477,100,4.0525,88.750,0.3597,0.3600,6.657768,0.000000,6.657768,0.026668,0.000000,0.026668
495577,100,4.0525,88.750,0.3597,0.3600,6.660233,0.000000,6.660233,0.026678,0.000000,0.026678
495677,100,4.0525,88.750,0.3597,0.3600,6.662699,0.000000,6.662699,0.026688,0.000000,0.026688
495777,100,4.0525,90.000,0.3647,0.3600,6.665199,0.000000,6.665199,0.026698,0.000000,0.026698
495877,100,4.0525,88.750,0.3597,0.3600,6.667664,0.000000,6.667664,0.026708,0.000000,0.026708
495977,100,4.0525,90.000,0.3647,0.3600,6.670164,0.000000,6.670164,0.026718,0.000000,0.026718
496077,100,4.0525,88.750,0.3597,0.3600,6.672629,0.000000,6.672629,0.026728,0.000000,0.026728
496177,100,4.0525,87.500,0.3546,0.3600,6.675060,0.000000,6.675060,0.026738,0.000000,0.026738
496277,100,4.0525,87.500,0.3546,0.3600,6.677490,0.000000,6.677490,0.026748,0.000000,0.026748
496377,100,4.0525,87.500,0.3546,0.3600,6.679921,0.000000,6.679921,0.026757,0.000000,0.026757
496477,100,4.0525,88.750,0.3597,0.3600,6.682386,0.000000,6.682386,0.026767,0.000000,0.026767
496577,100,4.0538,86.250,0.3496,0.3500,6.684782,0.000000,6.684782,0.026777,0.000000,0.026777
496677,100,4.0525,87.500,0.3546,0.3600,6.687213,0.000000,6.687213,0.026787,0.000000,0.026787
496777,100,4.0525,87.500,0.3546,0.3600,6.689643,0.000000,6.689643,0.026797,0.000000,0.026797
496877,100,4.0525,87.500,0.3546,0.3600,6.692074,0.000000,6.692074,0.026807,0.000000,0.026807
496977,100,4.0525,88.750,0.3597,0.3600,6.694539,0.000000,6.694539,0.026817,0.000000,0.026817
497077,100,4.0525,87.500,0.3546,0.3600,6.696969,0.000000,6.696969,0.026826,0.000000,0.026826
497177,100,4.0538,87.500,0.3547,0.3600,6.699400,0.000000,6.699400,0.026836,0.000000,0.026836
497277,100,4.0538,87.500,0.3547,0.3600,6.701831,0.000000,6.701831,0.026846,0.000000,0.026846
497377,100,4.0525,87.500,0.3546,0.3600,6.704261,0.000000,6.704261,0.026856,0.000000,0.026856
497477,100,4.0538,88.750,0.3598,0.3600,6.706726,0.000000,6.706726,0.026866,0.000000,0.026866
497577,100,4.0538,88.750,0.3598,0.3600,6.709192,0.000000,6.709192,0.026876,0.000000,0.026876
497677,100,4.0525,87.500,0.3546,0.3600,6.711622,0.000000,6.711622,0.026886,0.000000,0.026886
497777,100,4.0538,86.250,0.3496,0.3500,6.714018,0.000000,6.714018,0.026896,0.000000,0.026896
497877,100,4.0525,87.500,0.3546,0.3600,6.716449,0.000000,6.716449,0.026905,0.000000,0.026905
497977,100,4.0525,87.500,0.3546,0.3600,6.718879,0.000000,6.718879,0.026915,0.000000,0.026915
498077,100,4.0525,87.500,0.3546,0.3600,6.721310,0.000000,6.721310,0.026925,0.000000,0.026925
498177,100,4.0538,87.500,0.3547,0.3600,6.723740,0.000000,6.723740,0.026935,0.000000,0.026935
498277,100,4.0525,87.500,0.3546,0.3600,6.726171,0.000000,6.726171,0.026945,0.000000,0.026945
498377,100,4.0525,87.500,0.3546,0.3600,6.728601,0.000000,6.728601,0.026955,0.000000,0.026955
498477,100,4.0525,88.750,0.3597,0.3600,6.731067,0.000000,6.731067,0.026965,0.000000,0.026965
498577,100,4.0538,87.500,0.3547,0.3600,6.733497,0.000000,6.733497,0.026975,0.000000,0.026975
498677,100,4.0525,88.750,0.3597,0.3600,6.735963,0.000000,6.735963,0.026985,0.000000,0.026985
498777,100,4.0538,87.500,0.3547,0.3600,6.738393,0.000000,6.738393,0.026994,0.000000,0.026994
498877,100,4.0525,87.500,0.3546,0.3600,6.740824,0.000000,6.740824,0.027004,0.000000,0.027004
498977,100,4.0525,87.500,0.3546,0.3600,6.743254,0.000000,6.743254,0.027014,0.000000,0.027014
499077,100,4.0538,87.500,0.3547,0.3600,6.745685,0.000000,6.745685,0.027024,0.000000,0.027024
499177,100,4.0538,87.500,0.3547,0.3600,6.748115,0.000000,6.748115,0.027034,0.000000,0.027034
499277,100,4.0538,87.500,0.3547,0.3600,6.750546,0.000000,6.750546,0.027044,0.000000,0.027044
499377,100,4.0538,87.500,0.3547,0.3600,6.752976,0.000000,6.752976,0.027053,0.000000,0.027053
499477,100,4.0525,87.500,0.3546,0.3600,6.755407,0.000000,6.755407,0.027063,0.000000,0.027063
499577,100,4.0525,88.750,0.3597,0.3600,6.757872,0.000000,6.757872,0.027073,0.000000,0.027073
#MARK,499675,100,"seg_021_p04_b159_end",6.757872,0.000000,6.757872,0.027073,0.000000,0.027073
499680,100,4.0538,87.500,0.3547,0.3600,6.760376,0.000000,6.760376,0.027083,0.000000,0.027083
499825,100,4.0550,82.500,0.3345,0.3400,6.763699,0.000000,6.763699,0.027097,0.000000,0.027097
499925,100,4.0525,90.000,0.3647,0.3600,6.766199,0.000000,6.766199,0.027107,0.000000,0.027107
500025,100,4.0525,91.250,0.3698,0.3700,6.768733,0.000000,6.768733,0.027117,0.000000,0.027117
500125,100,4.0512,92.500,0.3747,0.3700,6.771303,0.000000,6.771303,0.027128,0.000000,0.027128
500225,100,4.0512,93.750,0.3798,0.3800,6.773907,0.000000,6.773907,0.027138,0.000000,0.027138
500325,100,4.0512,93.750,0.3798,0.3800,6.776511,0.000000,6.776511,0.027149,0.000000,0.027149
500425,100,4.0512,92.500,0.3747,0.3800,6.779081,0.000000,6.779081,0.027159,0.000000,0.027159
500525,100,4.0512,93.750,0.3798,0.3800,6.781685,0.000000,6.781685,0.027170,0.000000,0.027170
500625,100,4.0512,93.750,0.3798,0.3800,6.784289,0.000000,6.784289,0.027180,0.000000,0.027180
500725,100,4.0512,92.500,0.3747,0.3700,6.786858,0.000000,6.786858,0.027191,0.000000,0.027191
#MARK,500812,100,"seg_022_p04_b191_start",6.786858,0.000000,6.786858,0.027191,0.000000,0.027191
500825,100,4.0512,92.500,0.3747,0.3700,6.789428,0.000000,6.789428,0.027201,0.000000,0.027201
500978,100,4.0512,92.500,0.3747,0.3700,6.793359,0.000000,6.793359,0.027217,0.000000,0.027217
501078,100,4.0512,92.500,0.3747,0.3700,6.795928,0.000000,6.795928,0.027228,0.000000,0.027228
501178,100,4.0512,93.750,0.3798,0.3800,6.798533,0.000000,6.798533,0.027238,0.000000,0.027238
501278,100,4.0512,92.500,0.3747,0.3700,6.801102,0.000000,6.801102,0.027248,0.000000,0.027248
501378,100,4.0512,93.750,0.3798,0.3800,6.803706,0.000000,6.803706,0.027259,0.000000,0.027259
501478,100,4.0512,92.500,0.3747,0.3700,6.806276,0.000000,6.806276,0.027269,0.000000,0.027269
501578,100,4.0512,92.500,0.3747,0.3700,6.808845,0.000000,6.808845,0.027280,0.000000,0.027280
501678,100,4.0512,93.750,0.3798,0.3700,6.811449,0.000000,6.811449,0.027290,0.000000,0.027290
501778,100,4.0512,93.750,0.3798,0.3800,6.814053,0.000000,6.814053,0.027301,0.000000,0.027301
501878,100,4.0512,92.500,0.3747,0.3800,6.816623,0.000000,6.816623,0.027311,0.000000,0.027311
501978,100,4.0512,92.500,0.3747,0.3700,6.819192,0.000000,6.819192,0.027322,0.000000,0.027322
502078,100,4.0512,93.750,0.3798,0.3800,6.821797,0.000000,6.821797,0.027332,0.000000,0.027332
502178,100,4.0512,92.500,0.3747,0.3700,6.824366,0.000000,6.824366,0.027343,0.000000,0.027343
502278,100,4.0512,92.500,0.3747,0.3800,6.826935,0.000000,6.826935,0.027353,0.000000,0.027353
502378,100,4.0512,93.750,0.3798,0.3800,6.829540,0.000000,6.829540,0.027364,0.000000,0.027364
502478,100,4.0525,92.500,0.3749,0.3700,6.832109,0.000000,6.832109,0.027374,0.000000,0.027374
502578,100,4.0525,91.250,0.3698,0.3700,6.834644,0.000000,6.834644,0.027384,0.000000,0.027384
502678,100,4.0525,91.250,0.3698,0.3700,6.837178,0.000000,6.837178,0.027395,0.000000,0.027395
502778,100,4.0512,91.250,0.3697,0.3700,6.839713,0.000000,6.839713,0.027405,0.000000,0.027405
502878,100,4.0525,90.000,0.3647,0.3700,6.842213,0.000000,6.842213,0.027415,0.000000,0.027415
502978,100,4.0525,92.500,0.3749,0.3700,6.844783,0.000000,6.844783,0.027425,0.000000,0.027425
503078,100,4.0525,91.250,0.3698,0.3700,6.847317,0.000000,6.847317,0.027436,0.000000,0.027436
503178,100,4.0525,91.250,0.3698,0.3700,6.849852,0.000000,6.849852,0.027446,0.000000,0.027446
503278,100,4.0525,91.250,0.3698,0.3700,6.852387,0.000000,6.852387,0.027456,0.000000,0.027456
503378,100,4.0525,92.500,0.3749,0.3700,6.854956,0.000000,6.854956,0.027467,0.000000,0.027467
503478,100,4.0525,91.250,0.3698,0.3700,6.857491,0.000000,6.857491,0.027477,0.000000,0.027477
503578,100,4.0525,91.250,0.3698,0.3700,6.860026,0.000000,6.860026,0.027487,0.000000,0.027487
503678,100,4.0525,92.500,0.3749,0.3700,6.862595,0.000000,6.862595,0.027498,0.000000,0.027498
503778,100,4.0525,92.500,0.3749,0.3700,6.865165,0.000000,6.865165,0.027508,0.000000,0.027508
503878,100,4.0525,91.250,0.3698,0.3700,6.867699,0.000000,6.867699,0.027518,0.000000,0.027518
503978,100,4.0525,91.250,0.3698,0.3700,6.870234,0.000000,6.870234,0.027529,0.000000,0.027529
504078,100,4.0525,91.250,0.3698,0.3700,6.872769,0.000000,6.872769,0.027539,0.000000,0.027539
504178,100,4.0525,91.250,0.3698,0.3700,6.875303,0.000000,6.875303,0.027549,0.000000,0.027549
504278,100,4.0525,91.250,0.3698,0.3700,6.877838,0.000000,6.877838,0.027559,0.000000,0.027559
504378,100,4.0525,91.250,0.3698,0.3700,6.880373,0.000000,6.880373,0.027570,0.000000,0.027570
504478,100,4.0525,92.500,0.3749,0.3700,6.882942,0.000000,6.882942,0.027580,0.000000,0.027580
504578,100,4.0525,91.250,0.3698,0.3700,6.885477,0.000000,6.885477,0.027590,0.000000,0.027590
504678,100,4.0525,92.500,0.3749,0.3700,6.888047,0.000000,6.888047,0.027601,0.000000,0.027601
504778,100,4.0525,90.000,0.3647,0.3700,6.890547,0.000000,6.890547,0.027611,0.000000,0.027611
504878,100,4.0525,92.500,0.3749,0.3700,6.893116,0.000000,6.893116,0.027621,0.000000,0.027621
504978,100,4.0525,92.500,0.3749,0.3700,6.895685,0.000000,6.895685,0.027632,0.000000,0.027632
505078,100,4.0525,91.250,0.3698,0.3700,6.898220,0.000000,6.898220,0.027642,0.000000,0.027642
505180,100,4.0525,91.250,0.3698,0.3700,6.900806,0.000000,6.900806,0.027653,0.000000,0.027653
505280,100,4.0512,92.500,0.3747,0.3700,6.903375,0.000000,6.903375,0.027663,0.000000,0.027663
505380,100,4.0525,91.250,0.3698,0.3700,6.905910,0.000000,6.905910,0.027673,0.000000,0.027673
505480,100,4.0525,91.250,0.3698,0.3700,6.908444,0.000000,6.908444,0.027683,0.000000,0.027683
505580,100,4.0525,91.250,0.3698,0.3700,6.910979,0.000000,6.910979,0.027694,0.000000,0.027694
505680,100,4.0525,91.250,0.3698,0.3700,6.913514,0.000000,6.913514,0.027704,0.000000,0.027704
505780,100,4.0525,91.250,0.3698,0.3700,6.916049,0.000000,6.916049,0.027714,0.000000,0.027714
505880,100,4.0525,92.500,0.3749,0.3700,6.918618,0.000000,6.918618,0.027725,0.000000,0.027725
505980,100,4.0525,91.250,0.3698,0.3700,6.921153,0.000000,6.921153,0.027735,0.000000,0.027735
#MARK,506061,100,"seg_022_p04_b191_end",6.921153,0.000000,6.921153,0.027735,0.000000,0.027735
506080,100,4.0525,91.250,0.3698,0.3700,6.923688,0.000000,6.923688,0.027745,0.000000,0.027745
506191,100,4.0550,83.750,0.3396,0.3400,6.926270,0.000000,6.926270,0.027756,0.000000,0.027756
506291,100,4.0525,91.250,0.3698,0.3700,6.928805,0.000000,6.928805,0.027766,0.000000,0.027766
506391,100,4.0512,95.000,0.3849,0.3800,6.931443,0.000000,6.931443,0.027777,0.000000,0.027777
506491,100,4.0512,96.250,0.3899,0.3900,6.934117,0.000000,6.934117,0.027787,0.000000,0.027787
506591,100,4.0500,97.500,0.3949,0.3900,6.936825,0.000000,6.936825,0.027798,0.000000,0.027798
506691,100,4.0500,97.500,0.3949,0.3900,6.939534,0.000000,6.939534,0.027809,0.000000,0.027809
506791,100,4.0500,96.250,0.3898,0.3900,6.942207,0.000000,6.942207,0.027820,0.000000,0.027820
506891,100,4.0500,96.250,0.3898,0.3900,6.944881,0.000000,6.944881,0.027831,0.000000,0.027831
506991,100,4.0500,97.500,0.3949,0.3900,6.947589,0.000000,6.947589,0.027842,0.000000,0.027842
507091,100,4.0512,95.000,0.3849,0.3800,6.950228,0.000000,6.950228,0.027853,0.000000,0.027853
507191,100,4.0500,96.250,0.3898,0.3900,6.952902,0.000000,6.952902,0.027864,0.000000,0.027864
#MARK,507205,100,"seg_023_p04_b223_start",6.952902,0.000000,6.952902,0.027864,0.000000,0.027864
507291,100,4.0500,96.250,0.3898,0.3900,6.955575,0.000000,6.955575,0.027874,0.000000,0.027874
507411,100,4.0512,96.250,0.3899,0.3900,6.958784,0.000000,6.958784,0.027887,0.000000,0.027887
507511,100,4.0500,96.250,0.3898,0.3900,6.961457,0.000000,6.961457,0.027898,0.000000,0.027898
507611,100,4.0512,96.250,0.3899,0.3900,6.964131,0.000000,6.964131,0.027909,0.000000,0.027909
507711,100,4.0500,97.500,0.3949,0.3900,6.966839,0.000000,6.966839,0.027920,0.000000,0.027920
507811,100,4.0500,96.250,0.3898,0.3900,6.969513,0.000000,6.969513,0.027931,0.000000,0.027931
507911,100,4.0500,97.500,0.3949,0.3900,6.972221,0.000000,6.972221,0.027942,0.000000,0.027942
508011,100,4.0512,95.000,0.3849,0.3900,6.974860,0.000000,6.974860,0.027953,0.000000,0.027953
508111,100,4.0500,97.500,0.3949,0.3900,6.977568,0.000000,6.977568,0.027963,0.000000,0.027963
508211,100,4.0512,97.500,0.3950,0.3900,6.980277,0.000000,6.980277,0.027974,0.000000,0.027974
508311,100,4.0500,97.500,0.3949,0.4000,6.982985,0.000000,6.982985,0.027985,0.000000,0.027985
508411,100,4.0500,96.250,0.3898,0.3900,6.985659,0.000000,6.985659,0.027996,0.000000,0.027996
508511,100,4.0500,96.250,0.3898,0.3900,6.988332,0.000000,6.988332,0.028007,0.000000,0.028007
508611,100,4.0500,96.250,0.3898,0.3900,6.991006,0.000000,6.991006,0.028018,0.000000,0.028018
508711,100,4.0500,97.500,0.3949,0.3900,6.993714,0.000000,6.993714,0.028029,0.000000,0.028029
508811,100,4.0512,95.000,0.3849,0.3800,6.996353,0.000000,6.996353,0.028040,0.000000,0.028040
508911,100,4.0512,95.000,0.3849,0.3900,6.998992,0.000000,6.998992,0.028050,0.000000,0.028050
509011,100,4.0512,95.000,0.3849,0.3800,7.001631,0.000000,7.001631,0.028061,0.000000,0.028061
509111,100,4.0512,95.000,0.3849,0.3800,7.004270,0.000000,7.004270,0.028072,0.000000,0.028072
509211,100,4.0512,95.000,0.3849,0.3800,7.006909,0.000000,7.006909,0.028082,0.000000,0.028082
509311,100,4.0512,95.000,0.3849,0.3800,7.009548,0.000000,7.009548,0.028093,0.000000,0.028093
509411,100,4.0512,95.000,0.3849,0.3900,7.012186,0.000000,7.012186,0.028104,0.000000,0.028104
509511,100,4.0512,95.000,0.3849,0.3800,7.014825,0.000000,7.014825,0.028114,0.000000,0.028114
509611,100,4.0512,95.000,0.3849,0.3800,7.017464,0.000000,7.017464,0.028125,0.000000,0.028125
509711,100,4.0512,93.750,0.3798,0.3800,7.020068,0.000000,7.020068,0.028136,0.000000,0.028136
509811,100,4.0512,96.250,0.3899,0.3900,7.022742,0.000000,7.022742,0.028146,0.000000,0.028146
509911,100,4.0512,95.000,0.3849,0.3800,7.025381,0.000000,7.025381,0.028157,0.000000,0.028157
510011,100,4.0512,96.250,0.3899,0.3900,7.028055,0.000000,7.028055,0.028168,0.000000,0.028168
510111,100,4.0512,95.000,0.3849,0.3800,7.030693,0.000000,7.030693,0.028179,0.000000,0.028179
510211,100,4.0512,96.250,0.3899,0.3900,7.033367,0.000000,7.033367,0.028190,0.000000,0.028190
510311,100,4.0512,93.750,0.3798,0.3800,7.035971,0.000000,7.035971,0.028200,0.000000,0.028200
510411,100,4.0512,96.250,0.3899,0.3900,7.038645,0.000000,7.038645,0.028211,0.000000,0.028211
510511,100,4.0512,95.000,0.3849,0.3900,7.041284,0.000000,7.041284,0.028222,0.000000,0.028222
510611,100,4.0512,95.000,0.3849,0.3800,7.043923,0.000000,7.043923,0.028232,0.000000,0.028232
510711,100,4.0512,95.000,0.3849,0.3800,7.046561,0.000000,7.046561,0.028243,0.000000,0.028243
510811,100,4.0512,96.250,0.3899,0.3900,7.049235,0.000000,7.049235,0.028254,0.000000,0.028254
510911,100,4.0512,95.000,0.3849,0.3800,7.051874,0.000000,7.051874,0.028265,0.000000,0.028265
511011,100,4.0512,95.000,0.3849,0.3800,7.054513,0.000000,7.054513,0.028275,0.000000,0.028275
511111,100,4.0512,95.000,0.3849,0.3800,7.057152,0.000000,7.057152,0.028286,0.000000,0.028286
511211,100,4.0512,93.750,0.3798,0.3800,7.059756,0.000000,7.059756,0.028296,0.000000,0.028296
511311,100,4.0512,95.000,0.3849,0.3800,7.062395,0.000000,7.062395,0.028307,0.000000,0.028307
511411,100,4.0512,96.250,0.3899,0.3900,7.065068,0.000000,7.065068,0.028318,0.000000,0.028318
511511,100,4.0512,95.000,0.3849,0.3800,7.067707,0.000000,7.067707,0.028329,0.000000,0.028329
511611,100,4.0512,95.000,0.3849,0.3800,7.070346,0.000000,7.070346,0.028339,0.000000,0.028339
511711,100,4.0512,96.250,0.3899,0.3900,7.073020,0.000000,7.073020,0.028350,0.000000,0.028350
511811,100,4.0512,93.750,0.3798,0.3800,7.075624,0.000000,7.075624,0.028361,0.000000,0.028361
511911,100,4.0512,95.000,0.3849,0.3800,7.078263,0.000000,7.078263,0.028371,0.000000,0.028371
512011,100,4.0512,95.000,0.3849,0.3800,7.080902,0.000000,7.080902,0.028382,0.000000,0.028382
512111,100,4.0512,95.000,0.3849,0.3800,7.083541,0.000000,7.083541,0.028393,0.000000,0.028393
512211,100,4.0512,93.750,0.3798,0.3800,7.086145,0.000000,7.086145,0.028403,0.000000,0.028403
512311,100,4.0512,95.000,0.3849,0.3800,7.088784,0.000000,7.088784,0.028414,0.000000,0.028414
512411,100,4.0512,95.000,0.3849,0.3800,7.091423,0.000000,7.091423,0.028425,0.000000,0.028425
#MARK,512452,100,"seg_023_p04_b223_end",7.091423,0.000000,7.091423,0.028425,0.000000,0.028425
512511,100,4.0512,92.500,0.3747,0.3800,7.093992,0.000000,7.093992,0.028435,0.000000,0.028435
512694,100,4.0512,95.000,0.3849,0.3800,7.098821,0.000000,7.098821,0.028455,0.000000,0.028455
512794,100,4.0500,98.750,0.3999,0.4000,7.101564,0.000000,7.101564,0.028466,0.000000,0.028466
512894,100,4.0500,100.000,0.4050,0.4000,7.104342,0.000000,7.104342,0.028477,0.000000,0.028477
512994,100,4.0500,100.000,0.4050,0.4100,7.107120,0.000000,7.107120,0.028488,0.000000,0.028488
513094,100,4.0500,98.750,0.3999,0.4000,7.109863,0.000000,7.109863,0.028499,0.000000,0.028499
513194,100,4.0487,101.250,0.4099,0.4100,7.112675,0.000000,7.112675,0.028511,0.000000,0.028511
513294,100,4.0500,100.000,0.4050,0.4100,7.115453,0.000000,7.115453,0.028522,0.000000,0.028522
513394,100,4.0487,101.250,0.4099,0.4100,7.118266,0.000000,7.118266,0.028533,0.000000,0.028533
513494,100,4.0500,98.750,0.3999,0.4000,7.121009,0.000000,7.121009,0.028545,0.000000,0.028545
#MARK,513590,100,"seg_024_p04_b255_start",7.121009,0.000000,7.121009,0.028545,0.000000,0.028545
513674,100,4.0487,100.000,0.4049,0.4100,7.126009,0.000000,7.126009,0.028565,0.000000,0.028565
513774,100,4.0500,101.250,0.4101,0.4100,7.128821,0.000000,7.128821,0.028576,0.000000,0.028576
513874,100,4.0500,100.000,0.4050,0.4100,7.131599,0.000000,7.131599,0.028587,0.000000,0.028587
513974,100,4.0487,101.250,0.4099,0.4100,7.134411,0.000000,7.134411,0.028599,0.000000,0.028599
514074,100,4.0500,98.750,0.3999,0.4000,7.137155,0.000000,7.137155,0.028610,0.000000,0.028610
514174,100,4.0487,101.250,0.4099,0.4100,7.139967,0.000000,7.139967,0.028621,0.000000,0.028621
514274,100,4.0500,100.000,0.4050,0.4100,7.142745,0.000000,7.142745,0.028633,0.000000,0.028633
514374,100,4.0500,100.000,0.4050,0.4000,7.145523,0.000000,7.145523,0.028644,0.000000,0.028644
514474,100,4.0500,100.000,0.4050,0.4100,7.148300,0.000000,7.148300,0.028655,0.000000,0.028655
514574,100,4.0487,101.250,0.4099,0.4100,7.151113,0.000000,7.151113,0.028666,0.000000,0.028666
514674,100,4.0487,100.000,0.4049,0.4000,7.153891,0.000000,7.153891,0.028678,0.000000,0.028678
514774,100,4.0500,101.250,0.4101,0.4100,7.156703,0.000000,7.156703,0.028689,0.000000,0.028689
514874,100,4.0500,101.250,0.4101,0.4100,7.159516,0.000000,7.159516,0.028700,0.000000,0.028700
514974,100,4.0500,101.250,0.4101,0.4100,7.162328,0.000000,7.162328,0.028712,0.000000,0.028712
515074,100,4.0500,101.250,0.4101,0.4100,7.165141,0.000000,7.165141,0.028723,0.000000,0.028723
515174,100,4.0487,100.000,0.4049,0.4100,7.167918,0.000000,7.167918,0.028735,0.000000,0.028735
515274,100,4.0500,100.000,0.4050,0.4000,7.170696,0.000000,7.170696,0.028746,0.000000,0.028746
515374,100,4.0500,98.750,0.3999,0.4000,7.173439,0.000000,7.173439,0.028757,0.000000,0.028757
515474,100,4.0500,98.750,0.3999,0.4000,7.176182,0.000000,7.176182,0.028768,0.000000,0.028768
515574,100,4.0500,98.750,0.3999,0.4000,7.178925,0.000000,7.178925,0.028779,0.000000,0.028779
515674,100,4.0500,98.750,0.3999,0.4000,7.181668,0.000000,7.181668,0.028790,0.000000,0.028790
515774,100,4.0500,98.750,0.3999,0.4000,7.184411,0.000000,7.184411,0.028801,0.000000,0.028801
515874,100,4.0500,100.000,0.4050,0.4000,7.187189,0.000000,7.187189,0.028813,0.000000,0.028813
515974,100,4.0500,97.500,0.3949,0.3900,7.189898,0.000000,7.189898,0.028824,0.000000,0.028824
516074,100,4.0500,100.000,0.4050,0.4000,7.192675,0.000000,7.192675,0.028835,0.000000,0.028835
516174,100,4.0500,98.750,0.3999,0.4000,7.195418,0.000000,7.195418,0.028846,0.000000,0.028846
516274,100,4.0500,98.750,0.3999,0.4000,7.198161,0.000000,7.198161,0.028857,0.000000,0.028857
516374,100,4.0500,98.750,0.3999,0.4000,7.200905,0.000000,7.200905,0.028868,0.000000,0.028868
516474,100,4.0500,100.000,0.4050,0.4000,7.203682,0.000000,7.203682,0.028879,0.000000,0.028879
516574,100,4.0500,97.500,0.3949,0.3900,7.206391,0.000000,7.206391,0.028890,0.000000,0.028890
516674,100,4.0500,97.500,0.3949,0.4000,7.209099,0.000000,7.209099,0.028901,0.000000,0.028901
516774,100,4.0500,98.750,0.3999,0.4000,7.211842,0.000000,7.211842,0.028912,0.000000,0.028912
516874,100,4.0500,98.750,0.3999,0.4000,7.214585,0.000000,7.214585,0.028924,0.000000,0.028924
516974,100,4.0500,97.500,0.3949,0.3900,7.217293,0.000000,7.217293,0.028934,0.000000,0.028934
517074,100,4.0500,98.750,0.3999,0.4000,7.220036,0.000000,7.220036,0.028946,0.000000,0.028946
517174,100,4.0500,100.000,0.4050,0.4000,7.222814,0.000000,7.222814,0.028957,0.000000,0.028957
517274,100,4.0500,98.750,0.3999,0.4000,7.225557,0.000000,7.225557,0.028968,0.000000,0.028968
517374,100,4.0500,100.000,0.4050,0.4000,7.228335,0.000000,7.228335,0.028979,0.000000,0.028979
517474,100,4.0500,98.750,0.3999,0.4000,7.231078,0.000000,7.231078,0.028990,0.000000,0.028990
517574,100,4.0500,98.750,0.3999,0.4000,7.233821,0.000000,7.233821,0.029001,0.000000,0.029001
517674,100,4.0500,98.750,0.3999,0.4000,7.236564,0.000000,7.236564,0.029013,0.000000,0.029013
517774,100,4.0500,100.000,0.4050,0.4000,7.239342,0.000000,7.239342,0.029024,0.000000,0.029024
517874,100,4.0500,98.750,0.3999,0.4000,7.242085,0.000000,7.242085,0.029035,0.000000,0.029035
517974,100,4.0500,98.750,0.3999,0.4000,7.244828,0.000000,7.244828,0.029046,0.000000,0.029046
518074,100,4.0500,98.750,0.3999,0.4000,7.247571,0.000000,7.247571,0.029057,0.000000,0.029057
518174,100,4.0500,98.750,0.3999,0.4000,7.250314,0.000000,7.250314,0.029068,0.000000,0.029068
518274,100,4.0500,97.500,0.3949,0.3900,7.253023,0.000000,7.253023,0.029079,0.000000,0.029079
518374,100,4.0500,98.750,0.3999,0.4000,7.255766,0.000000,7.255766,0.029090,0.000000,0.029090
518474,100,4.0500,97.500,0.3949,0.3900,7.258474,0.000000,7.258474,0.029101,0.000000,0.029101
518574,100,4.0500,98.750,0.3999,0.4000,7.261217,0.000000,7.261217,0.029112,0.000000,0.029112
518674,100,4.0500,98.750,0.3999,0.4000,7.263960,0.000000,7.263960,0.029123,0.000000,0.029123
518774,100,4.0500,98.750,0.3999,0.4000,7.266703,0.000000,7.266703,0.029135,0.000000,0.029135
#MARK,518817,100,"seg_024_p04_b255_end",7.266703,0.000000,7.266703,0.029135,0.000000,0.029135
518874,100,4.0538,87.500,0.3547,0.3500,7.269134,0.000000,7.269134,0.029144,0.000000,0.029144
519039,100,4.0575,76.250,0.3094,0.3100,7.272628,0.000000,7.272628,0.029159,0.000000,0.029159
519139,100,4.0563,78.750,0.3194,0.3200,7.274816,0.000000,7.274816,0.029167,0.000000,0.029167
519239,100,4.0563,80.000,0.3245,0.3200,7.277038,0.000000,7.277038,0.029177,0.000000,0.029177
519339,100,4.0550,81.250,0.3295,0.3300,7.279295,0.000000,7.279295,0.029186,0.000000,0.029186
519439,100,4.0550,82.500,0.3345,0.3400,7.281587,0.000000,7.281587,0.029195,0.000000,0.029195
519539,100,4.0550,83.750,0.3396,0.3400,7.283913,0.000000,7.283913,0.029204,0.000000,0.029204
519639,100,4.0550,85.000,0.3447,0.3500,7.286274,0.000000,7.286274,0.029214,0.000000,0.029214
519739,100,4.0538,86.250,0.3496,0.3500,7.288670,0.000000,7.288670,0.029224,0.000000,0.029224
519839,100,4.0538,86.250,0.3496,0.3500,7.291066,0.000000,7.291066,0.029233,0.000000,0.029233
519939,100,4.0538,87.500,0.3547,0.3600,7.293497,0.000000,7.293497,0.029243,0.000000,0.029243
#MARK,519954,100,"seg_025_p05_b095_start",7.293497,0.000000,7.293497,0.029243,0.000000,0.029243
520039,100,4.0538,87.500,0.3547,0.3600,7.295927,0.000000,7.295927,0.029253,0.000000,0.029253
520216,100,4.0538,88.750,0.3598,0.3600,7.300291,0.000000,7.300291,0.029271,0.000000,0.029271
520316,100,4.0525,90.000,0.3647,0.3600,7.302791,0.000000,7.302791,0.029281,0.000000,0.029281
520416,100,4.0525,90.000,0.3647,0.3600,7.305291,0.000000,7.305291,0.029291,0.000000,0.029291
520516,100,4.0525,90.000,0.3647,0.3600,7.307791,0.000000,7.307791,0.029301,0.000000,0.029301
520616,100,4.0525,90.000,0.3647,0.3600,7.310291,0.000000,7.310291,0.029311,0.000000,0.029311
520716,100,4.0525,90.000,0.3647,0.3700,7.312791,0.000000,7.312791,0.029321,0.000000,0.029321
520816,100,4.0525,90.000,0.3647,0.3700,7.315291,0.000000,7.315291,0.029332,0.000000,0.029332
520916,100,4.0525,90.000,0.3647,0.3600,7.317791,0.000000,7.317791,0.029342,0.000000,0.029342
521016,100,4.0525,90.000,0.3647,0.3700,7.320291,0.000000,7.320291,0.029352,0.000000,0.029352
521116,100,4.0525,90.000,0.3647,0.3700,7.322791,0.000000,7.322791,0.029362,0.000000,0.029362
521216,100,4.0525,90.000,0.3647,0.3700,7.325291,0.000000,7.325291,0.029372,0.000000,0.029372
521316,100,4.0525,90.000,0.3647,0.3600,7.327791,0.000000,7.327791,0.029382,0.000000,0.029382
521416,100,4.0525,90.000,0.3647,0.3700,7.330291,0.000000,7.330291,0.029392,0.000000,0.029392
521516,100,4.0525,90.000,0.3647,0.3600,7.332791,0.000000,7.332791,0.029402,0.000000,0.029402
521616,100,4.0538,88.750,0.3598,0.3600,7.335256,0.000000,7.335256,0.029412,0.000000,0.029412
521716,100,4.0538,88.750,0.3598,0.3600,7.337721,0.000000,7.337721,0.029422,0.000000,0.029422
521816,100,4.0538,88.750,0.3598,0.3600,7.340186,0.000000,7.340186,0.029432,0.000000,0.029432
521916,100,4.0525,88.750,0.3597,0.3600,7.342652,0.000000,7.342652,0.029442,0.000000,0.029442
522016,100,4.0538,88.750,0.3598,0.3600,7.345117,0.000000,7.345117,0.029452,0.000000,0.029452
522116,100,4.0538,88.750,0.3598,0.3600,7.347582,0.000000,7.347582,0.029462,0.000000,0.029462
522216,100,4.0538,88.750,0.3598,0.3600,7.350048,0.000000,7.350048,0.029472,0.000000,0.029472
522320,100,4.0538,88.750,0.3598,0.3600,7.352611,0.000000,7.352611,0.029483,0.000000,0.029483
522420,100,4.0538,88.750,0.3598,0.3600,7.355077,0.000000,7.355077,0.029493,0.000000,0.029493
522520,100,4.0538,88.750,0.3598,0.3600,7.357542,0.000000,7.357542,0.029503,0.000000,0.029503
522620,100,4.0538,88.750,0.3598,0.3600,7.360007,0.000000,7.360007,0.029513,0.000000,0.029513
522720,100,4.0538,88.750,0.3598,0.3600,7.362473,0.000000,7.362473,0.029523,0.000000,0.029523
522820,100,4.0538,88.750,0.3598,0.3600,7.364938,0.000000,7.364938,0.029533,0.000000,0.029533
522920,100,4.0538,88.750,0.3598,0.3600,7.367403,0.000000,7.367403,0.029543,0.000000,0.029543
523020,100,4.0525,88.750,0.3597,0.3600,7.369868,0.000000,7.369868,0.029553,0.000000,0.029553
523120,100,4.0538,88.750,0.3598,0.3600,7.372334,0.000000,7.372334,0.029563,0.000000,0.029563
523220,100,4.0538,88.750,0.3598,0.3600,7.374799,0.000000,7.374799,0.029573,0.000000,0.029573
523320,100,4.0538,88.750,0.3598,0.3600,7.377264,0.000000,7.377264,0.029583,0.000000,0.029583
523420,100,4.0538,88.750,0.3598,0.3600,7.379730,0.000000,7.379730,0.029593,0.000000,0.029593
523520,100,4.0538,90.000,0.3648,0.3600,7.382230,0.000000,7.382230,0.029603,0.000000,0.029603
523620,100,4.0538,88.750,0.3598,0.3600,7.384695,0.000000,7.384695,0.029613,0.000000,0.029613
523720,100,4.0538,88.750,0.3598,0.3600,7.387160,0.000000,7.387160,0.029623,0.000000,0.029623
523820,100,4.0538,88.750,0.3598,0.3600,7.389625,0.000000,7.389625,0.029633,0.000000,0.029633
523920,100,4.0525,88.750,0.3597,0.3600,7.392091,0.000000,7.392091,0.029643,0.000000,0.029643
524020,100,4.0538,88.750,0.3598,0.3600,7.394556,0.000000,7.394556,0.029653,0.000000,0.029653
524120,100,4.0538,88.750,0.3598,0.3600,7.397021,0.000000,7.397021,0.029663,0.000000,0.029663
524220,100,4.0538,90.000,0.3648,0.3600,7.399521,0.000000,7.399521,0.029673,0.000000,0.029673
524320,100,4.0538,88.750,0.3598,0.3600,7.401986,0.000000,7.401986,0.029683,0.000000,0.029683
524420,100,4.0538,88.750,0.3598,0.3600,7.404452,0.000000,7.404452,0.029693,0.000000,0.029693
524520,100,4.0538,88.750,0.3598,0.3600,7.406917,0.000000,7.406917,0.029703,0.000000,0.029703
524620,100,4.0538,88.750,0.3598,0.3600,7.409382,0.000000,7.409382,0.029713,0.000000,0.029713
524720,100,4.0538,88.750,0.3598,0.3600,7.411848,0.000000,7.411848,0.029723,0.000000,0.029723
524820,100,4.0538,88.750,0.3598,0.3600,7.414313,0.000000,7.414313,0.029733,0.000000,0.029733
524920,100,4.0538,88.750,0.3598,0.3600,7.416778,0.000000,7.416778,0.029743,0.000000,0.029743
525020,100,4.0538,88.750,0.3598,0.3600,7.419243,0.000000,7.419243,0.029753,0.000000,0.029753
525120,100,4.0538,88.750,0.3598,0.3600,7.421709,0.000000,7.421709,0.029763,0.000000,0.029763
#MARK,525202,100,"seg_025_p05_b095_end",7.421709,0.000000,7.421709,0.029763,0.000000,0.029763
525220,100,4.0538,88.750,0.3598,0.3600,7.424174,0.000000,7.424174,0.029773,0.000000,0.029773
525357,100,4.0575,73.750,0.2992,0.3000,7.426981,0.000000,7.426981,0.029784,0.000000,0.029784
525457,100,4.0575,77.500,0.3145,0.3200,7.429133,0.000000,7.429133,0.029793,0.000000,0.029793
525557,100,4.0563,80.000,0.3245,0.3300,7.431356,0.000000,7.431356,0.029802,0.000000,0.029802
525657,100,4.0563,83.750,0.3397,0.3400,7.433682,0.000000,7.433682,0.029811,0.000000,0.029811
525757,100,4.0550,83.750,0.3396,0.3400,7.436008,0.000000,7.436008,0.029821,0.000000,0.029821
525857,100,4.0538,86.250,0.3496,0.3500,7.438404,0.000000,7.438404,0.029831,0.000000,0.029831
525957,100,4.0538,87.500,0.3547,0.3600,7.440835,0.000000,7.440835,0.029840,0.000000,0.029840
526057,100,4.0525,88.750,0.3597,0.3600,7.443300,0.000000,7.443300,0.029850,0.000000,0.029850
526157,100,4.0525,91.250,0.3698,0.3700,7.445835,0.000000,7.445835,0.029861,0.000000,0.029861
526257,100,4.0525,91.250,0.3698,0.3700,7.448369,0.000000,7.448369,0.029871,0.000000,0.029871
#MARK,526340,100,"seg_026_p05_b127_start",7.448369,0.000000,7.448369,0.029871,0.000000,0.029871
526357,100,4.0525,92.500,0.3749,0.3700,7.450939,0.000000,7.450939,0.029881,0.000000,0.029881
526503,100,4.0525,93.750,0.3799,0.3700,7.454741,0.000000,7.454741,0.029897,0.000000,0.029897
526603,100,4.0512,95.000,0.3849,0.3800,7.457380,0.000000,7.457380,0.029908,0.000000,0.029908
526703,100,4.0525,95.000,0.3850,0.3800,7.460019,0.000000,7.460019,0.029918,0.000000,0.029918
526803,100,4.0512,95.000,0.3849,0.3800,7.462658,0.000000,7.462658,0.029929,0.000000,0.029929
526903,100,4.0512,96.250,0.3899,0.3900,7.465331,0.000000,7.465331,0.029940,0.000000,0.029940
527003,100,4.0512,96.250,0.3899,0.3900,7.468005,0.000000,7.468005,0.029951,0.000000,0.029951
527103,100,4.0512,96.250,0.3899,0.3900,7.470678,0.000000,7.470678,0.029961,0.000000,0.029961
527203,100,4.0512,96.250,0.3899,0.3900,7.473352,0.000000,7.473352,0.029972,0.000000,0.029972
527303,100,4.0512,96.250,0.3899,0.3900,7.476026,0.000000,7.476026,0.029983,0.000000,0.029983
527403,100,4.0512,96.250,0.3899,0.3800,7.478699,0.000000,7.478699,0.029994,0.000000,0.029994
527503,100,4.0512,96.250,0.3899,0.3900,7.481373,0.000000,7.481373,0.030005,0.000000,0.030005
527603,100,4.0512,96.250,0.3899,0.3900,7.484047,0.000000,7.484047,0.030016,0.000000,0.030016
527703,100,4.0512,97.500,0.3950,0.3900,7.486755,0.000000,7.486755,0.030027,0.000000,0.030027
527803,100,4.0500,97.500,0.3949,0.3900,7.489463,0.000000,7.489463,0.030038,0.000000,0.030038
527903,100,4.0512,97.500,0.3950,0.3900,7.492172,0.000000,7.492172,0.030048,0.000000,0.030048
528003,100,4.0512,95.000,0.3849,0.3800,7.494810,0.000000,7.494810,0.030059,0.000000,0.030059
528103,100,4.0512,96.250,0.3899,0.3900,7.497484,0.000000,7.497484,0.030070,0.000000,0.030070
528203,100,4.0512,96.250,0.3899,0.3900,7.500158,0.000000,7.500158,0.030081,0.000000,0.030081
528303,100,4.0512,96.250,0.3899,0.3900,7.502831,0.000000,7.502831,0.030092,0.000000,0.030092
528403,100,4.0512,95.000,0.3849,0.3900,7.505470,0.000000,7.505470,0.030102,0.000000,0.030102
528503,100,4.0512,95.000,0.3849,0.3800,7.508109,0.000000,7.508109,0.030113,0.000000,0.030113
528603,100,4.0512,96.250,0.3899,0.3900,7.510783,0.000000,7.510783,0.030124,0.000000,0.030124
528703,100,4.0512,95.000,0.3849,0.3800,7.513422,0.000000,7.513422,0.030135,0.000000,0.030135
528803,100,4.0512,96.250,0.3899,0.3900,7.516095,0.000000,7.516095,0.030145,0.000000,0.030145
528903,100,4.0512,95.000,0.3849,0.3800,7.518734,0.000000,7.518734,0.030156,0.000000,0.030156
529003,100,4.0512,95.000,0.3849,0.3800,7.521373,0.000000,7.521373,0.030167,0.000000,0.030167
529103,100,4.0512,95.000,0.3849,0.3800,7.524012,0.000000,7.524012,0.030177,0.000000,0.030177
529203,100,4.0512,95.000,0.3849,0.3900,7.526651,0.000000,7.526651,0.030188,0.000000,0.030188
529303,100,4.0512,95.000,0.3849,0.3800,7.529290,0.000000,7.529290,0.030199,0.000000,0.030199
529403,100,4.0512,95.000,0.3849,0.3800,7.531928,0.000000,7.531928,0.030210,0.000000,0.030210
529503,100,4.0512,95.000,0.3849,0.3900,7.534567,0.000000,7.534567,0.030220,0.000000,0.030220
529603,100,4.0512,95.000,0.3849,0.3900,7.537206,0.000000,7.537206,0.030231,0.000000,0.030231
529703,100,4.0512,95.000,0.3849,0.3800,7.539845,0.000000,7.539845,0.030242,0.000000,0.030242
529803,100,4.0512,95.000,0.3849,0.3800,7.542484,0.000000,7.542484,0.030252,0.000000,0.030252
529903,100,4.0512,95.000,0.3849,0.3800,7.545123,0.000000,7.545123,0.030263,0.000000,0.030263
530003,100,4.0512,95.000,0.3849,0.3800,7.547762,0.000000,7.547762,0.030274,0.000000,0.030274
530103,100,4.0512,95.000,0.3849,0.3800,7.550401,0.000000,7.550401,0.030284,0.000000,0.030284
530203,100,4.0512,95.000,0.3849,0.3900,7.553040,0.000000,7.553040,0.030295,0.000000,0.030295
530303,100,4.0512,95.000,0.3849,0.3800,7.555678,0.000000,7.555678,0.030306,0.000000,0.030306
530403,100,4.0512,95.000,0.3849,0.3800,7.558317,0.000000,7.558317,0.030316,0.000000,0.030316
530503,100,4.0512,96.250,0.3899,0.3900,7.560991,0.000000,7.560991,0.030327,0.000000,0.030327
530603,100,4.0512,95.000,0.3849,0.3800,7.563630,0.000000,7.563630,0.030338,0.000000,0.030338
530703,100,4.0512,95.000,0.3849,0.3900,7.566269,0.000000,7.566269,0.030349,0.000000,0.030349
530803,100,4.0512,96.250,0.3899,0.3900,7.568942,0.000000,7.568942,0.030360,0.000000,0.030360
530903,100,4.0512,95.000,0.3849,0.3800,7.571581,0.000000,7.571581,0.030370,0.000000,0.030370
531003,100,4.0512,95.000,0.3849,0.3800,7.574220,0.000000,7.574220,0.030381,0.000000,0.030381
531103,100,4.0512,95.000,0.3849,0.3800,7.576859,0.000000,7.576859,0.030392,0.000000,0.030392
531203,100,4.0512,95.000,0.3849,0.3800,7.579498,0.000000,7.579498,0.030402,0.000000,0.030402
531303,100,4.0512,95.000,0.3849,0.3800,7.582137,0.000000,7.582137,0.030413,0.000000,0.030413
531403,100,4.0512,95.000,0.3849,0.3800,7.584776,0.000000,7.584776,0.030424,0.000000,0.030424
531503,100,4.0512,95.000,0.3849,0.3800,7.587415,0.000000,7.587415,0.030434,0.000000,0.030434
#MARK,531590,100,"seg_026_p05_b127_end",7.587415,0.000000,7.587415,0.030434,0.000000,0.030434
531603,100,4.0512,95.000,0.3849,0.3800,7.590053,0.000000,7.590053,0.030445,0.000000,0.030445
531706,100,4.0563,78.750,0.3194,0.3200,7.592307,0.000000,7.592307,0.030454,0.000000,0.030454
531806,100,4.0563,80.000,0.3245,0.3300,7.594529,0.000000,7.594529,0.030463,0.000000,0.030463
531906,100,4.0550,82.500,0.3345,0.3400,7.596820,0.000000,7.596820,0.030472,0.000000,0.030472
532006,100,4.0538,86.250,0.3496,0.3500,7.599216,0.000000,7.599216,0.030482,0.000000,0.030482
532106,100,4.0538,88.750,0.3598,0.3600,7.601682,0.000000,7.601682,0.030492,0.000000,0.030492
532206,100,4.0525,90.000,0.3647,0.3700,7.604182,0.000000,7.604182,0.030502,0.000000,0.030502
532306,100,4.0525,92.500,0.3749,0.3700,7.606751,0.000000,7.606751,0.030513,0.000000,0.030513
532406,100,4.0525,93.750,0.3799,0.3800,7.609355,0.000000,7.609355,0.030523,0.000000,0.030523
532506,100,4.0512,95.000,0.3849,0.3900,7.611994,0.000000,7.611994,0.030534,0.000000,0.030534
532606,100,4.0512,96.250,0.3899,0.3900,7.614668,0.000000,7.614668,0.030545,0.000000,0.030545
532706,100,4.0512,97.500,0.3950,0.3900,7.617376,0.000000,7.617376,0.030556,0.000000,0.030556
#MARK,532757,100,"seg_027_p05_b159_start",7.617376,0.000000,7.617376,0.030556,0.000000,0.030556
532806,100,4.0500,98.750,0.3999,0.4000,7.620119,0.000000,7.620119,0.030567,0.000000,0.030567
532924,100,4.0500,98.750,0.3999,0.4000,7.623356,0.000000,7.623356,0.030580,0.000000,0.030580
533024,100,4.0500,101.250,0.4101,0.4100,7.626168,0.000000,7.626168,0.030591,0.000000,0.030591
533124,100,4.0500,101.250,0.4101,0.4100,7.628981,0.000000,7.628981,0.030603,0.000000,0.030603
533224,100,4.0500,101.250,0.4101,0.4100,7.631793,0.000000,7.631793,0.030614,0.000000,0.030614
533324,100,4.0487,102.500,0.4150,0.4200,7.634641,0.000000,7.634641,0.030626,0.000000,0.030626
533424,100,4.0487,102.500,0.4150,0.4200,7.637488,0.000000,7.637488,0.030637,0.000000,0.030637
533524,100,4.0487,102.500,0.4150,0.4200,7.640335,0.000000,7.640335,0.030649,0.000000,0.030649
533624,100,4.0487,103.750,0.4201,0.4200,7.643217,0.000000,7.643217,0.030660,0.000000,0.030660
533724,100,4.0487,102.500,0.4150,0.4200,7.646064,0.000000,7.646064,0.030672,0.000000,0.030672
533824,100,4.0487,103.750,0.4201,0.4200,7.648946,0.000000,7.648946,0.030684,0.000000,0.030684
533924,100,4.0487,103.750,0.4201,0.4200,7.651828,0.000000,7.651828,0.030695,0.000000,0.030695
534024,100,4.0487,103.750,0.4201,0.4200,7.654710,0.000000,7.654710,0.030707,0.000000,0.030707
534124,100,4.0487,103.750,0.4201,0.4200,7.657592,0.000000,7.657592,0.030719,0.000000,0.030719
534224,100,4.0487,103.750,0.4201,0.4200,7.660474,0.000000,7.660474,0.030730,0.000000,0.030730
534324,100,4.0475,103.750,0.4199,0.4200,7.663356,0.000000,7.663356,0.030742,0.000000,0.030742
534424,100,4.0487,103.750,0.4201,0.4200,7.666238,0.000000,7.666238,0.030754,0.000000,0.030754
534524,100,4.0487,102.500,0.4150,0.4100,7.669085,0.000000,7.669085,0.030765,0.000000,0.030765
534624,100,4.0487,102.500,0.4150,0.4100,7.671932,0.000000,7.671932,0.030777,0.000000,0.030777
534724,100,4.0487,102.500,0.4150,0.4100,7.674780,0.000000,7.674780,0.030788,0.000000,0.030788
534824,100,4.0487,102.500,0.4150,0.4200,7.677627,0.000000,7.677627,0.030800,0.000000,0.030800
534924,100,4.0487,102.500,0.4150,0.4100,7.680474,0.000000,7.680474,0.030811,0.000000,0.030811
535024,100,4.0487,102.500,0.4150,0.4100,7.683321,0.000000,7.683321,0.030823,0.000000,0.030823
535124,100,4.0487,102.500,0.4150,0.4100,7.686168,0.000000,7.686168,0.030834,0.000000,0.030834
535224,100,4.0487,101.250,0.4099,0.4100,7.688981,0.000000,7.688981,0.030846,0.000000,0.030846
535324,100,4.0487,101.250,0.4099,0.4100,7.691793,0.000000,7.691793,0.030857,0.000000,0.030857
535424,100,4.0487,101.250,0.4099,0.4100,7.694606,0.000000,7.694606,0.030868,0.000000,0.030868
535524,100,4.0487,101.250,0.4099,0.4100,7.697418,0.000000,7.697418,0.030880,0.000000,0.030880
535624,100,4.0487,101.250,0.4099,0.4100,7.700231,0.000000,7.700231,0.030891,0.000000,0.030891
535724,100,4.0500,102.500,0.4151,0.4100,7.703078,0.000000,7.703078,0.030903,0.000000,0.030903
535824,100,4.0487,102.500,0.4150,0.4100,7.705925,0.000000,7.705925,0.030914,0.000000,0.030914
535924,100,4.0487,101.250,0.4099,0.4100,7.708738,0.000000,7.708738,0.030926,0.000000,0.030926
536024,100,4.0487,102.500,0.4150,0.4100,7.711585,0.000000,7.711585,0.030937,0.000000,0.030937
536124,100,4.0487,102.500,0.4150,0.4100,7.714432,0.000000,7.714432,0.030949,0.000000,0.030949
536224,100,4.0487,102.500,0.4150,0.4100,7.717280,0.000000,7.717280,0.030960,0.000000,0.030960
536324,100,4.0487,102.500,0.4150,0.4200,7.720127,0.000000,7.720127,0.030972,0.000000,0.030972
536424,100,4.0487,101.250,0.4099,0.4100,7.722939,0.000000,7.722939,0.030983,0.000000,0.030983
536524,100,4.0487,101.250,0.4099,0.4100,7.725752,0.000000,7.725752,0.030995,0.000000,0.030995
536624,100,4.0487,102.500,0.4150,0.4100,7.728599,0.000000,7.728599,0.031006,0.000000,0.031006
536724,100,4.0487,101.250,0.4099,0.4100,7.731411,0.000000,7.731411,0.031017,0.000000,0.031017
536824,100,4.0487,102.500,0.4150,0.4100,7.734259,0.000000,7.734259,0.031029,0.000000,0.031029
536924,100,4.0487,101.250,0.4099,0.4100,7.737071,0.000000,7.737071,0.031040,0.000000,0.031040
537024,100,4.0487,101.250,0.4099,0.4100,7.739884,0.000000,7.739884,0.031052,0.000000,0.031052
537124,100,4.0487,102.500,0.4150,0.4100,7.742731,0.000000,7.742731,0.031063,0.000000,0.031063
537224,100,4.0487,102.500,0.4150,0.4200,7.745578,0.000000,7.745578,0.031075,0.000000,0.031075
537324,100,4.0487,102.500,0.4150,0.4100,7.748425,0.000000,7.748425,0.031086,0.000000,0.031086
537424,100,4.0487,102.500,0.4150,0.4200,7.751273,0.000000,7.751273,0.031098,0.000000,0.031098
537524,100,4.0487,101.250,0.4099,0.4100,7.754085,0.000000,7.754085,0.031109,0.000000,0.031109
537624,100,4.0487,102.500,0.4150,0.4200,7.756932,0.000000,7.756932,0.031121,0.000000,0.031121
537724,100,4.0487,102.500,0.4150,0.4200,7.759780,0.000000,7.759780,0.031132,0.000000,0.031132
537824,100,4.0487,102.500,0.4150,0.4100,7.762627,0.000000,7.762627,0.031144,0.000000,0.031144
537924,100,4.0487,101.250,0.4099,0.4100,7.765439,0.000000,7.765439,0.031155,0.000000,0.031155
#MARK,538006,100,"seg_027_p05_b159_end",7.765439,0.000000,7.765439,0.031155,0.000000,0.031155
538024,100,4.0487,102.500,0.4150,0.4100,7.768286,0.000000,7.768286,0.031167,0.000000,0.031167
538211,100,4.0575,76.250,0.3094,0.3100,7.772247,0.000000,7.772247,0.031183,0.000000,0.031183
538311,100,4.0550,81.250,0.3295,0.3300,7.774504,0.000000,7.774504,0.031192,0.000000,0.031192
538411,100,4.0550,86.250,0.3497,0.3500,7.776900,0.000000,7.776900,0.031202,0.000000,0.031202
538511,100,4.0525,88.750,0.3597,0.3600,7.779365,0.000000,7.779365,0.031212,0.000000,0.031212
538611,100,4.0525,92.500,0.3749,0.3700,7.781935,0.000000,7.781935,0.031222,0.000000,0.031222
538711,100,4.0512,95.000,0.3849,0.3800,7.784574,0.000000,7.784574,0.031233,0.000000,0.031233
538811,100,4.0500,96.250,0.3898,0.3900,7.787247,0.000000,7.787247,0.031244,0.000000,0.031244
538911,100,4.0500,98.750,0.3999,0.4000,7.789990,0.000000,7.789990,0.031255,0.000000,0.031255
539011,100,4.0487,101.250,0.4099,0.4100,7.792803,0.000000,7.792803,0.031266,0.000000,0.031266
539111,100,4.0487,102.500,0.4150,0.4100,7.795650,0.000000,7.795650,0.031278,0.000000,0.031278
#MARK,539152,100,"seg_028_p05_b191_start",7.795650,0.000000,7.795650,0.031278,0.000000,0.031278
539211,100,4.0487,103.750,0.4201,0.4200,7.798532,0.000000,7.798532,0.031289,0.000000,0.031289
539508,100,4.0475,106.250,0.4300,0.4300,7.807298,0.000000,7.807298,0.031325,0.000000,0.031325
539608,100,4.0475,107.500,0.4351,0.4400,7.810284,0.000000,7.810284,0.031337,0.000000,0.031337
539708,100,4.0475,107.500,0.4351,0.4400,7.813270,0.000000,7.813270,0.031349,0.000000,0.031349
539808,100,4.0475,108.750,0.4402,0.4400,7.816291,0.000000,7.816291,0.031361,0.000000,0.031361
539908,100,4.0462,107.500,0.4350,0.4400,7.819277,0.000000,7.819277,0.031373,0.000000,0.031373
540008,100,4.0475,108.750,0.4402,0.4400,7.822298,0.000000,7.822298,0.031386,0.000000,0.031386
540108,100,4.0462,108.750,0.4400,0.4500,7.825318,0.000000,7.825318,0.031398,0.000000,0.031398
540208,100,4.0462,110.000,0.4451,0.4500,7.828374,0.000000,7.828374,0.031410,0.000000,0.031410
540308,100,4.0462,108.750,0.4400,0.4400,7.831395,0.000000,7.831395,0.031422,0.000000,0.031422
540408,100,4.0462,110.000,0.4451,0.4500,7.834450,0.000000,7.834450,0.031435,0.000000,0.031435
540508,100,4.0462,110.000,0.4451,0.4500,7.837506,0.000000,7.837506,0.031447,0.000000,0.031447
540608,100,4.0462,110.000,0.4451,0.4500,7.840561,0.000000,7.840561,0.031459,0.000000,0.031459
540708,100,4.0462,110.000,0.4451,0.4500,7.843617,0.000000,7.843617,0.031472,0.000000,0.031472
540808,100,4.0462,110.000,0.4451,0.4500,7.846673,0.000000,7.846673,0.031484,0.000000,0.031484
540908,100,4.0475,108.750,0.4402,0.4500,7.849693,0.000000,7.849693,0.031496,0.000000,0.031496
541008,100,4.0462,108.750,0.4400,0.4400,7.852714,0.000000,7.852714,0.031509,0.000000,0.031509
541108,100,4.0462,108.750,0.4400,0.4400,7.855735,0.000000,7.855735,0.031521,0.000000,0.031521
541208,100,4.0462,108.750,0.4400,0.4400,7.858756,0.000000,7.858756,0.031533,0.000000,0.031533
541308,100,4.0462,108.750,0.4400,0.4400,7.861777,0.000000,7.861777,0.031545,0.000000,0.031545
541408,100,4.0462,108.750,0.4400,0.4500,7.864798,0.000000,7.864798,0.031558,0.000000,0.031558
541508,100,4.0462,108.750,0.4400,0.4400,7.867818,0.000000,7.867818,0.031570,0.000000,0.031570
541608,100,4.0462,108.750,0.4400,0.4400,7.870839,0.000000,7.870839,0.031582,0.000000,0.031582
541708,100,4.0462,108.750,0.4400,0.4400,7.873860,0.000000,7.873860,0.031594,0.000000,0.031594
541808,100,4.0462,108.750,0.4400,0.4400,7.876881,0.000000,7.876881,0.031606,0.000000,0.031606
541908,100,4.0462,108.750,0.4400,0.4400,7.879902,0.000000,7.879902,0.031619,0.000000,0.031619
542008,100,4.0462,108.750,0.4400,0.4400,7.882923,0.000000,7.882923,0.031631,0.000000,0.031631
542108,100,4.0462,108.750,0.4400,0.4400,7.885943,0.000000,7.885943,0.031643,0.000000,0.031643
542208,100,4.0462,108.750,0.4400,0.4400,7.888964,0.000000,7.888964,0.031655,0.000000,0.031655
542308,100,4.0462,108.750,0.4400,0.4400,7.891985,0.000000,7.891985,0.031668,0.000000,0.031668
542408,100,4.0462,108.750,0.4400,0.4400,7.895006,0.000000,7.895006,0.031680,0.000000,0.031680
542508,100,4.0462,108.750,0.4400,0.4400,7.898027,0.000000,7.898027,0.031692,0.000000,0.031692
542608,100,4.0462,107.500,0.4350,0.4400,7.901013,0.000000,7.901013,0.031704,0.000000,0.031704
542708,100,4.0462,108.750,0.4400,0.4400,7.904034,0.000000,7.904034,0.031716,0.000000,0.031716
542808,100,4.0462,108.750,0.4400,0.4400,7.907055,0.000000,7.907055,0.031728,0.000000,0.031728
542908,100,4.0462,107.500,0.4350,0.4400,7.910041,0.000000,7.910041,0.031741,0.000000,0.031741
543008,100,4.0462,107.500,0.4350,0.4400,7.913027,0.000000,7.913027,0.031753,0.000000,0.031753
543108,100,4.0462,108.750,0.4400,0.4400,7.916048,0.000000,7.916048,0.031765,0.000000,0.031765
543208,100,4.0462,108.750,0.4400,0.4400,7.919068,0.000000,7.919068,0.031777,0.000000,0.031777
543308,100,4.0462,108.750,0.4400,0.4400,7.922089,0.000000,7.922089,0.031789,0.000000,0.031789
543408,100,4.0462,108.750,0.4400,0.4400,7.925110,0.000000,7.925110,0.031802,0.000000,0.031802
543508,100,4.0462,108.750,0.4400,0.4400,7.928131,0.000000,7.928131,0.031814,0.000000,0.031814
543608,100,4.0475,108.750,0.4402,0.4500,7.931152,0.000000,7.931152,0.031826,0.000000,0.031826
543708,100,4.0462,110.000,0.4451,0.4500,7.934207,0.000000,7.934207,0.031838,0.000000,0.031838
543808,100,4.0462,108.750,0.4400,0.4400,7.937228,0.000000,7.937228,0.031851,0.000000,0.031851
543908,100,4.0462,108.750,0.4400,0.4400,7.940249,0.000000,7.940249,0.031863,0.000000,0.031863
544008,100,4.0462,108.750,0.4400,0.4400,7.943270,0.000000,7.943270,0.031875,0.000000,0.031875
544108,100,4.0462,108.750,0.4400,0.4400,7.946291,0.000000,7.946291,0.031887,0.000000,0.031887
544208,100,4.0462,108.750,0.4400,0.4400,7.949311,0.000000,7.949311,0.031899,0.000000,0.031899
544308,100,4.0462,108.750,0.4400,0.4400,7.952332,0.000000,7.952332,0.031912,0.000000,0.031912
#MARK,544396,100,"seg_028_p05_b191_end",7.952332,0.000000,7.952332,0.031912,0.000000,0.031912
544408,100,4.0462,110.000,0.4451,0.4500,7.955388,0.000000,7.955388,0.031924,0.000000,0.031924
544566,100,4.0563,77.500,0.3144,0.3100,7.958789,0.000000,7.958789,0.031938,0.000000,0.031938
544666,100,4.0538,83.750,0.3395,0.3400,7.961116,0.000000,7.961116,0.031947,0.000000,0.031947
544766,100,4.0525,87.500,0.3546,0.3600,7.963546,0.000000,7.963546,0.031957,0.000000,0.031957
544866,100,4.0512,91.250,0.3697,0.3700,7.966081,0.000000,7.966081,0.031967,0.000000,0.031967
544966,100,4.0500,95.000,0.3848,0.3900,7.968720,0.000000,7.968720,0.031978,0.000000,0.031978
545066,100,4.0500,98.750,0.3999,0.4000,7.971463,0.000000,7.971463,0.031989,0.000000,0.031989
545166,100,4.0487,101.250,0.4099,0.4100,7.974275,0.000000,7.974275,0.032001,0.000000,0.032001
545266,100,4.0475,103.750,0.4199,0.4200,7.977157,0.000000,7.977157,0.032012,0.000000,0.032012
545366,100,4.0475,105.000,0.4250,0.4300,7.980074,0.000000,7.980074,0.032024,0.000000,0.032024
545466,100,4.0462,107.500,0.4350,0.4400,7.983060,0.000000,7.983060,0.032036,0.000000,0.032036
#MARK,545513,100,"seg_029_p05_b223_start",7.983060,0.000000,7.983060,0.032036,0.000000,0.032036
545566,100,4.0462,108.750,0.4400,0.4500,7.986081,0.000000,7.986081,0.032048,0.000000,0.032048
545737,100,4.0450,111.250,0.4500,0.4500,7.991365,0.000000,7.991365,0.032070,0.000000,0.032070
545837,100,4.0450,112.500,0.4551,0.4500,7.994490,0.000000,7.994490,0.032082,0.000000,0.032082
545937,100,4.0450,112.500,0.4551,0.4600,7.997615,0.000000,7.997615,0.032095,0.000000,0.032095
546037,100,4.0450,113.750,0.4601,0.4600,8.000775,0.000000,8.000775,0.032108,0.000000,0.032108
546137,100,4.0450,115.000,0.4652,0.4600,8.003969,0.000000,8.003969,0.032121,0.000000,0.032121
546237,100,4.0437,115.000,0.4650,0.4600,8.007164,0.000000,8.007164,0.032134,0.000000,0.032134
546337,100,4.0437,115.000,0.4650,0.4700,8.010358,0.000000,8.010358,0.032147,0.000000,0.032147
546437,100,4.0437,115.000,0.4650,0.4700,8.013553,0.000000,8.013553,0.032159,0.000000,0.032159
546537,100,4.0437,116.250,0.4701,0.4700,8.016782,0.000000,8.016782,0.032173,0.000000,0.032173
546637,100,4.0437,115.000,0.4650,0.4700,8.019976,0.000000,8.019976,0.032185,0.000000,0.032185
546737,100,4.0437,116.250,0.4701,0.4700,8.023206,0.000000,8.023206,0.032199,0.000000,0.032199
546837,100,4.0437,116.250,0.4701,0.4700,8.026435,0.000000,8.026435,0.032212,0.000000,0.032212
546937,100,4.0437,116.250,0.4701,0.4700,8.029664,0.000000,8.029664,0.032225,0.000000,0.032225
547037,100,4.0437,115.000,0.4650,0.4700,8.032858,0.000000,8.032858,0.032238,0.000000,0.032238
547137,100,4.0437,116.250,0.4701,0.4700,8.036088,0.000000,8.036088,0.032251,0.000000,0.032251
547237,100,4.0437,115.000,0.4650,0.4600,8.039282,0.000000,8.039282,0.032264,0.000000,0.032264
547337,100,4.0437,115.000,0.4650,0.4700,8.042476,0.000000,8.042476,0.032276,0.000000,0.032276
547437,100,4.0437,115.000,0.4650,0.4700,8.045671,0.000000,8.045671,0.032289,0.000000,0.032289
547537,100,4.0437,116.250,0.4701,0.4700,8.048900,0.000000,8.048900,0.032302,0.000000,0.032302
547637,100,4.0437,115.000,0.4650,0.4700,8.052094,0.000000,8.052094,0.032315,0.000000,0.032315
547737,100,4.0437,116.250,0.4701,0.4700,8.055324,0.000000,8.055324,0.032328,0.000000,0.032328
547837,100,4.0437,115.000,0.4650,0.4700,8.058518,0.000000,8.058518,0.032341,0.000000,0.032341
547937,100,4.0437,116.250,0.4701,0.4700,8.061747,0.000000,8.061747,0.032354,0.000000,0.032354
548037,100,4.0437,115.000,0.4650,0.4700,8.064942,0.000000,8.064942,0.032367,0.000000,0.032367
548137,100,4.0437,115.000,0.4650,0.4700,8.068136,0.000000,8.068136,0.032380,0.000000,0.032380
548237,100,4.0437,115.000,0.4650,0.4600,8.071331,0.000000,8.071331,0.032393,0.000000,0.032393
548337,100,4.0437,115.000,0.4650,0.4600,8.074525,0.000000,8.074525,0.032406,0.000000,0.032406
548437,100,4.0437,115.000,0.4650,0.4600,8.077719,0.000000,8.077719,0.032419,0.000000,0.032419
548537,100,4.0437,115.000,0.4650,0.4700,8.080914,0.000000,8.080914,0.032432,0.000000,0.032432
548637,100,4.0437,115.000,0.4650,0.4600,8.084108,0.000000,8.084108,0.032445,0.000000,0.032445
548737,100,4.0437,115.000,0.4650,0.4700,8.087303,0.000000,8.087303,0.032458,0.000000,0.032458
548837,100,4.0437,115.000,0.4650,0.4600,8.090497,0.000000,8.090497,0.032471,0.000000,0.032471
548937,100,4.0437,115.000,0.4650,0.4700,8.093692,0.000000,8.093692,0.032484,0.000000,0.032484
549037,100,4.0437,115.000,0.4650,0.4600,8.096886,0.000000,8.096886,0.032496,0.000000,0.032496
549137,100,4.0437,115.000,0.4650,0.4700,8.100081,0.000000,8.100081,0.032509,0.000000,0.032509
549237,100,4.0437,115.000,0.4650,0.4700,8.103275,0.000000,8.103275,0.032522,0.000000,0.032522
549337,100,4.0437,115.000,0.4650,0.4700,8.106469,0.000000,8.106469,0.032535,0.000000,0.032535
549437,100,4.0437,115.000,0.4650,0.4600,8.109664,0.000000,8.109664,0.032548,0.000000,0.032548
549537,100,4.0437,113.750,0.4600,0.4600,8.112824,0.000000,8.112824,0.032561,0.000000,0.032561
549637,100,4.0437,115.000,0.4650,0.4700,8.116018,0.000000,8.116018,0.032574,0.000000,0.032574
549737,100,4.0437,115.000,0.4650,0.4600,8.119213,0.000000,8.119213,0.032587,0.000000,0.032587
549837,100,4.0437,115.000,0.4650,0.4600,8.122407,0.000000,8.122407,0.032600,0.000000,0.032600
549937,100,4.0437,115.000,0.4650,0.4600,8.125601,0.000000,8.125601,0.032613,0.000000,0.032613
550037,100,4.0437,115.000,0.4650,0.4700,8.128796,0.000000,8.128796,0.032625,0.000000,0.032625
550137,100,4.0437,115.000,0.4650,0.4700,8.131990,0.000000,8.131990,0.032638,0.000000,0.032638
550237,100,4.0437,115.000,0.4650,0.4700,8.135185,0.000000,8.135185,0.032651,0.000000,0.032651
550337,100,4.0437,115.000,0.4650,0.4700,8.138379,0.000000,8.138379,0.032664,0.000000,0.032664
550437,100,4.0437,115.000,0.4650,0.4600,8.141574,0.000000,8.141574,0.032677,0.000000,0.032677
550537,100,4.0437,115.000,0.4650,0.4700,8.144768,0.000000,8.144768,0.032690,0.000000,0.032690
550637,100,4.0437,115.000,0.4650,0.4600,8.147963,0.000000,8.147963,0.032703,0.000000,0.032703
550737,100,4.0437,115.000,0.4650,0.4700,8.151157,0.000000,8.151157,0.032716,0.000000,0.032716
#MARK,550762,100,"seg_029_p05_b223_end",8.151157,0.000000,8.151157,0.032716,0.000000,0.032716
550837,100,4.0425,117.500,0.4750,0.4800,8.154421,0.000000,8.154421,0.032729,0.000000,0.032729
550968,100,4.0525,83.750,0.3394,0.3400,8.157468,0.000000,8.157468,0.032741,0.000000,0.032741
551068,100,4.0512,90.000,0.3646,0.3600,8.159968,0.000000,8.159968,0.032752,0.000000,0.032752
551168,100,4.0500,95.000,0.3848,0.3800,8.162607,0.000000,8.162607,0.032762,0.000000,0.032762
551268,100,4.0487,98.750,0.3998,0.4000,8.165350,0.000000,8.165350,0.032773,0.000000,0.032773
551368,100,4.0475,102.500,0.4149,0.4200,8.168198,0.000000,8.168198,0.032785,0.000000,0.032785
551468,100,4.0475,105.000,0.4250,0.4300,8.171114,0.000000,8.171114,0.032797,0.000000,0.032797
551568,100,4.0462,108.750,0.4400,0.4400,8.174135,0.000000,8.174135,0.032809,0.000000,0.032809
551668,100,4.0450,111.250,0.4500,0.4500,8.177225,0.000000,8.177225,0.032821,0.000000,0.032821
551768,100,4.0450,113.750,0.4601,0.4600,8.180385,0.000000,8.180385,0.032834,0.000000,0.032834
551868,100,4.0437,115.000,0.4650,0.4700,8.183580,0.000000,8.183580,0.032847,0.000000,0.032847
#MARK,551903,100,"seg_030_p05_b255_start",8.183580,0.000000,8.183580,0.032847,0.000000,0.032847
551968,100,4.0437,116.250,0.4701,0.4700,8.186809,0.000000,8.186809,0.032860,0.000000,0.032860
552111,100,4.0425,116.250,0.4699,0.4700,8.191426,0.000000,8.191426,0.032879,0.000000,0.032879
552211,100,4.0425,118.750,0.4800,0.4800,8.194725,0.000000,8.194725,0.032892,0.000000,0.032892
552311,100,4.0425,118.750,0.4800,0.4800,8.198024,0.000000,8.198024,0.032906,0.000000,0.032906
552411,100,4.0413,120.000,0.4850,0.4900,8.201357,0.000000,8.201357,0.032919,0.000000,0.032919
552511,100,4.0425,121.250,0.4902,0.4900,8.204725,0.000000,8.204725,0.032933,0.000000,0.032933
552611,100,4.0413,122.500,0.4951,0.5000,8.208128,0.000000,8.208128,0.032946,0.000000,0.032946
552711,100,4.0413,121.250,0.4900,0.4900,8.211496,0.000000,8.211496,0.032960,0.000000,0.032960
552811,100,4.0413,122.500,0.4951,0.5000,8.214899,0.000000,8.214899,0.032974,0.000000,0.032974
552911,100,4.0413,121.250,0.4900,0.4900,8.218267,0.000000,8.218267,0.032987,0.000000,0.032987
553011,100,4.0413,122.500,0.4951,0.5000,8.221669,0.000000,8.221669,0.033001,0.000000,0.033001
553111,100,4.0413,122.500,0.4951,0.5000,8.225072,0.000000,8.225072,0.033015,0.000000,0.033015
553211,100,4.0413,122.500,0.4951,0.5000,8.228475,0.000000,8.228475,0.033029,0.000000,0.033029
553311,100,4.0413,122.500,0.4951,0.5000,8.231878,0.000000,8.231878,0.033042,0.000000,0.033042
553411,100,4.0413,122.500,0.4951,0.5000,8.235281,0.000000,8.235281,0.033056,0.000000,0.033056
553511,100,4.0413,122.500,0.4951,0.5000,8.238683,0.000000,8.238683,0.033070,0.000000,0.033070
553611,100,4.0413,121.250,0.4900,0.4900,8.242051,0.000000,8.242051,0.033083,0.000000,0.033083
553711,100,4.0413,121.250,0.4900,0.4900,8.245419,0.000000,8.245419,0.033097,0.000000,0.033097
553811,100,4.0413,121.250,0.4900,0.4900,8.248788,0.000000,8.248788,0.033111,0.000000,0.033111
553911,100,4.0413,121.250,0.4900,0.4900,8.252156,0.000000,8.252156,0.033124,0.000000,0.033124
554011,100,4.0413,121.250,0.4900,0.4900,8.255524,0.000000,8.255524,0.033138,0.000000,0.033138
554111,100,4.0413,121.250,0.4900,0.4900,8.258892,0.000000,8.258892,0.033152,0.000000,0.033152
554211,100,4.0413,121.250,0.4900,0.4900,8.262260,0.000000,8.262260,0.033165,0.000000,0.033165
554311,100,4.0413,121.250,0.4900,0.4900,8.265628,0.000000,8.265628,0.033179,0.000000,0.033179
554411,100,4.0413,121.250,0.4900,0.4900,8.268996,0.000000,8.268996,0.033192,0.000000,0.033192
554511,100,4.0413,122.500,0.4951,0.4900,8.272399,0.000000,8.272399,0.033206,0.000000,0.033206
554611,100,4.0413,121.250,0.4900,0.4900,8.275767,0.000000,8.275767,0.033220,0.000000,0.033220
554711,100,4.0413,121.250,0.4900,0.4900,8.279135,0.000000,8.279135,0.033233,0.000000,0.033233
554811,100,4.0413,122.500,0.4951,0.4900,8.282538,0.000000,8.282538,0.033247,0.000000,0.033247
554911,100,4.0413,121.250,0.4900,0.4900,8.285906,0.000000,8.285906,0.033261,0.000000,0.033261
555011,100,4.0413,121.250,0.4900,0.4900,8.289274,0.000000,8.289274,0.033274,0.000000,0.033274
555111,100,4.0413,121.250,0.4900,0.4900,8.292642,0.000000,8.292642,0.033288,0.000000,0.033288
555211,100,4.0413,121.250,0.4900,0.4900,8.296010,0.000000,8.296010,0.033302,0.000000,0.033302
555311,100,4.0400,121.250,0.4899,0.4900,8.299378,0.000000,8.299378,0.033315,0.000000,0.033315
555411,100,4.0413,121.250,0.4900,0.4900,8.302746,0.000000,8.302746,0.033329,0.000000,0.033329
555511,100,4.0413,121.250,0.4900,0.4900,8.306114,0.000000,8.306114,0.033342,0.000000,0.033342
555611,100,4.0413,121.250,0.4900,0.4900,8.309482,0.000000,8.309482,0.033356,0.000000,0.033356
555711,100,4.0413,121.250,0.4900,0.4900,8.312850,0.000000,8.312850,0.033370,0.000000,0.033370
555811,100,4.0413,121.250,0.4900,0.4900,8.316218,0.000000,8.316218,0.033383,0.000000,0.033383
555911,100,4.0400,121.250,0.4899,0.4900,8.319586,0.000000,8.319586,0.033397,0.000000,0.033397
556011,100,4.0413,122.500,0.4951,0.4900,8.322989,0.000000,8.322989,0.033411,0.000000,0.033411
556111,100,4.0413,121.250,0.4900,0.4900,8.326357,0.000000,8.326357,0.033424,0.000000,0.033424
556211,100,4.0413,121.250,0.4900,0.4900,8.329725,0.000000,8.329725,0.033438,0.000000,0.033438
556311,100,4.0413,121.250,0.4900,0.4900,8.333093,0.000000,8.333093,0.033451,0.000000,0.033451
556411,100,4.0413,121.250,0.4900,0.4900,8.336461,0.000000,8.336461,0.033465,0.000000,0.033465
556520,100,4.0413,121.250,0.4900,0.4900,8.340132,0.000000,8.340132,0.033480,0.000000,0.033480
556620,100,4.0400,121.250,0.4899,0.4900,8.343500,0.000000,8.343500,0.033493,0.000000,0.033493
556720,100,4.0413,121.250,0.4900,0.4900,8.346868,0.000000,8.346868,0.033507,0.000000,0.033507
556820,100,4.0413,121.250,0.4900,0.4900,8.350236,0.000000,8.350236,0.033521,0.000000,0.033521
556920,100,4.0413,121.250,0.4900,0.4900,8.353605,0.000000,8.353605,0.033534,0.000000,0.033534
557020,100,4.0413,121.250,0.4900,0.4900,8.356973,0.000000,8.356973,0.033548,0.000000,0.033548
557120,100,4.0400,121.250,0.4899,0.4900,8.360341,0.000000,8.360341,0.033561,0.000000,0.033561
#MARK,557152,100,"seg_030_p05_b255_end",8.360341,0.000000,8.360341,0.033561,0.000000,0.033561
557220,100,4.0475,97.500,0.3946,0.3900,8.363049,0.000000,8.363049,0.033572,0.000000,0.033572
557337,100,4.0550,77.500,0.3143,0.3200,8.365568,0.000000,8.365568,0.033583,0.000000,0.033583
557437,100,4.0538,80.000,0.3243,0.3200,8.367790,0.000000,8.367790,0.033592,0.000000,0.033592
557537,100,4.0538,80.000,0.3243,0.3300,8.370012,0.000000,8.370012,0.033601,0.000000,0.033601
557637,100,4.0538,82.500,0.3344,0.3300,8.372304,0.000000,8.372304,0.033610,0.000000,0.033610
557737,100,4.0525,83.750,0.3394,0.3400,8.374630,0.000000,8.374630,0.033619,0.000000,0.033619
557837,100,4.0525,85.000,0.3445,0.3500,8.376991,0.000000,8.376991,0.033629,0.000000,0.033629
557937,100,4.0525,85.000,0.3445,0.3500,8.379352,0.000000,8.379352,0.033639,0.000000,0.033639
558037,100,4.0525,87.500,0.3546,0.3500,8.381783,0.000000,8.381783,0.033648,0.000000,0.033648
558137,100,4.0512,87.500,0.3545,0.3600,8.384214,0.000000,8.384214,0.033658,0.000000,0.033658
558237,100,4.0512,88.750,0.3595,0.3600,8.386679,0.000000,8.386679,0.033668,0.000000,0.033668
#MARK,558294,100,"seg_031_p06_b095_start",8.386679,0.000000,8.386679,0.033668,0.000000,0.033668
558337,100,4.0512,90.000,0.3646,0.3600,8.389179,0.000000,8.389179,0.033678,0.000000,0.033678
558467,100,4.0512,90.000,0.3646,0.3600,8.392429,0.000000,8.392429,0.033691,0.000000,0.033691
558567,100,4.0512,90.000,0.3646,0.3700,8.394929,0.000000,8.394929,0.033702,0.000000,0.033702
558667,100,4.0500,91.250,0.3696,0.3700,8.397464,0.000000,8.397464,0.033712,0.000000,0.033712
558767,100,4.0500,91.250,0.3696,0.3700,8.399998,0.000000,8.399998,0.033722,0.000000,0.033722
558867,100,4.0500,91.250,0.3696,0.3700,8.402533,0.000000,8.402533,0.033732,0.000000,0.033732
558967,100,4.0500,91.250,0.3696,0.3700,8.405068,0.000000,8.405068,0.033743,0.000000,0.033743
559067,100,4.0500,92.500,0.3746,0.3700,8.407637,0.000000,8.407637,0.033753,0.000000,0.033753
559167,100,4.0500,92.500,0.3746,0.3700,8.410207,0.000000,8.410207,0.033764,0.000000,0.033764
559267,100,4.0500,92.500,0.3746,0.3700,8.412776,0.000000,8.412776,0.033774,0.000000,0.033774
559367,100,4.0500,93.750,0.3797,0.3800,8.415380,0.000000,8.415380,0.033784,0.000000,0.033784
559467,100,4.0500,92.500,0.3746,0.3700,8.417950,0.000000,8.417950,0.033795,0.000000,0.033795
559567,100,4.0500,93.750,0.3797,0.3800,8.420554,0.000000,8.420554,0.033805,0.000000,0.033805
559667,100,4.0500,93.750,0.3797,0.3800,8.423158,0.000000,8.423158,0.033816,0.000000,0.033816
559767,100,4.0500,93.750,0.3797,0.3800,8.425762,0.000000,8.425762,0.033827,0.000000,0.033827
559867,100,4.0500,92.500,0.3746,0.3700,8.428332,0.000000,8.428332,0.033837,0.000000,0.033837
559967,100,4.0500,91.250,0.3696,0.3700,8.430866,0.000000,8.430866,0.033847,0.000000,0.033847
560067,100,4.0500,91.250,0.3696,0.3700,8.433401,0.000000,8.433401,0.033857,0.000000,0.033857
560167,100,4.0512,91.250,0.3697,0.3700,8.435936,0.000000,8.435936,0.033868,0.000000,0.033868
560267,100,4.0512,91.250,0.3697,0.3700,8.438470,0.000000,8.438470,0.033878,0.000000,0.033878
560367,100,4.0512,91.250,0.3697,0.3700,8.441005,0.000000,8.441005,0.033888,0.000000,0.033888
560467,100,4.0500,91.250,0.3696,0.3700,8.443540,0.000000,8.443540,0.033899,0.000000,0.033899
560567,100,4.0512,91.250,0.3697,0.3700,8.446075,0.000000,8.446075,0.033909,0.000000,0.033909
560667,100,4.0512,91.250,0.3697,0.3700,8.448609,0.000000,8.448609,0.033919,0.000000,0.033919
560767,100,4.0512,92.500,0.3747,0.3700,8.451179,0.000000,8.451179,0.033929,0.000000,0.033929
560867,100,4.0500,91.250,0.3696,0.3700,8.453714,0.000000,8.453714,0.033940,0.000000,0.033940
560967,100,4.0512,91.250,0.3697,0.3700,8.456248,0.000000,8.456248,0.033950,0.000000,0.033950
561067,100,4.0512,91.250,0.3697,0.3700,8.458783,0.000000,8.458783,0.033960,0.000000,0.033960
561167,100,4.0512,91.250,0.3697,0.3700,8.461318,0.000000,8.461318,0.033971,0.000000,0.033971
561267,100,4.0512,91.250,0.3697,0.3700,8.463852,0.000000,8.463852,0.033981,0.000000,0.033981
561367,100,4.0512,91.250,0.3697,0.3700,8.466387,0.000000,8.466387,0.033991,0.000000,0.033991
561467,100,4.0512,91.250,0.3697,0.3700,8.468922,0.000000,8.468922,0.034001,0.000000,0.034001
561567,100,4.0512,91.250,0.3697,0.3700,8.471457,0.000000,8.471457,0.034012,0.000000,0.034012
561667,100,4.0512,91.250,0.3697,0.3700,8.473991,0.000000,8.473991,0.034022,0.000000,0.034022
561767,100,4.0512,91.250,0.3697,0.3700,8.476526,0.000000,8.476526,0.034032,0.000000,0.034032
561867,100,4.0512,92.500,0.3747,0.3700,8.479095,0.000000,8.479095,0.034043,0.000000,0.034043
561967,100,4.0512,91.250,0.3697,0.3700,8.481630,0.000000,8.481630,0.034053,0.000000,0.034053
562067,100,4.0512,91.250,0.3697,0.3700,8.484165,0.000000,8.484165,0.034063,0.000000,0.034063
562167,100,4.0512,91.250,0.3697,0.3700,8.486700,0.000000,8.486700,0.034073,0.000000,0.034073
562267,100,4.0512,91.250,0.3697,0.3700,8.489234,0.000000,8.489234,0.034084,0.000000,0.034084
562367,100,4.0512,91.250,0.3697,0.3700,8.491769,0.000000,8.491769,0.034094,0.000000,0.034094
562467,100,4.0512,91.250,0.3697,0.3700,8.494304,0.000000,8.494304,0.034104,0.000000,0.034104
562567,100,4.0512,91.250,0.3697,0.3700,8.496839,0.000000,8.496839,0.034114,0.000000,0.034114
562667,100,4.0512,91.250,0.3697,0.3700,8.499373,0.000000,8.499373,0.034125,0.000000,0.034125
562767,100,4.0512,91.250,0.3697,0.3700,8.501908,0.000000,8.501908,0.034135,0.000000,0.034135
562867,100,4.0512,91.250,0.3697,0.3700,8.504443,0.000000,8.504443,0.034145,0.000000,0.034145
562967,100,4.0512,91.250,0.3697,0.3700,8.506977,0.000000,8.506977,0.034156,0.000000,0.034156
563067,100,4.0512,91.250,0.3697,0.3700,8.509512,0.000000,8.509512,0.034166,0.000000,0.034166
563167,100,4.0500,91.250,0.3696,0.3700,8.512047,0.000000,8.512047,0.034176,0.000000,0.034176
563267,100,4.0512,91.250,0.3697,0.3700,8.514582,0.000000,8.514582,0.034186,0.000000,0.034186
563367,100,4.0512,91.250,0.3697,0.3700,8.517116,0.000000,8.517116,0.034197,0.000000,0.034197
563467,100,4.0512,91.250,0.3697,0.3700,8.519651,0.000000,8.519651,0.034207,0.000000,0.034207
#MARK,563543,100,"seg_031_p06_b095_end",8.519651,0.000000,8.519651,0.034207,0.000000,0.034207
563567,100,4.0512,91.250,0.3697,0.3700,8.522186,0.000000,8.522186,0.034217,0.000000,0.034217
563754,100,4.0550,80.000,0.3244,0.3200,8.526341,0.000000,8.526341,0.034234,0.000000,0.034234
563854,100,4.0538,82.500,0.3344,0.3300,8.528633,0.000000,8.528633,0.034243,0.000000,0.034243
563954,100,4.0538,83.750,0.3395,0.3400,8.530959,0.000000,8.530959,0.034253,0.000000,0.034253
564054,100,4.0525,86.250,0.3495,0.3500,8.533355,0.000000,8.533355,0.034262,0.000000,0.034262
564154,100,4.0525,88.750,0.3597,0.3600,8.535820,0.000000,8.535820,0.034272,0.000000,0.034272
564254,100,4.0512,90.000,0.3646,0.3700,8.538320,0.000000,8.538320,0.034283,0.000000,0.034283
564354,100,4.0512,92.500,0.3747,0.3700,8.540890,0.000000,8.540890,0.034293,0.000000,0.034293
564454,100,4.0500,93.750,0.3797,0.3800,8.543494,0.000000,8.543494,0.034303,0.000000,0.034303
564554,100,4.0500,95.000,0.3848,0.3800,8.546133,0.000000,8.546133,0.034314,0.000000,0.034314
564654,100,4.0500,95.000,0.3848,0.3800,8.548772,0.000000,8.548772,0.034325,0.000000,0.034325
#MARK,564681,100,"seg_032_p06_b127_start",8.548772,0.000000,8.548772,0.034325,0.000000,0.034325
564754,100,4.0500,96.250,0.3898,0.3900,8.551445,0.000000,8.551445,0.034336,0.000000,0.034336
564950,100,4.0487,96.250,0.3897,0.3900,8.556686,0.000000,8.556686,0.034357,0.000000,0.034357
565050,100,4.0487,97.500,0.3948,0.3900,8.559394,0.000000,8.559394,0.034368,0.000000,0.034368
565150,100,4.0487,98.750,0.3998,0.4000,8.562137,0.000000,8.562137,0.034379,0.000000,0.034379
565250,100,4.0487,98.750,0.3998,0.4000,8.564880,0.000000,8.564880,0.034390,0.000000,0.034390
565350,100,4.0487,98.750,0.3998,0.4000,8.567623,0.000000,8.567623,0.034401,0.000000,0.034401
565450,100,4.0475,98.750,0.3997,0.4000,8.570366,0.000000,8.570366,0.034412,0.000000,0.034412
565550,100,4.0487,100.000,0.4049,0.4000,8.573144,0.000000,8.573144,0.034424,0.000000,0.034424
565650,100,4.0475,100.000,0.4048,0.4000,8.575922,0.000000,8.575922,0.034435,0.000000,0.034435
565750,100,4.0475,100.000,0.4048,0.4100,8.578700,0.000000,8.578700,0.034446,0.000000,0.034446
565850,100,4.0487,100.000,0.4049,0.4100,8.581477,0.000000,8.581477,0.034457,0.000000,0.034457
565950,100,4.0475,100.000,0.4048,0.4100,8.584255,0.000000,8.584255,0.034469,0.000000,0.034469
566050,100,4.0475,100.000,0.4048,0.4100,8.587033,0.000000,8.587033,0.034480,0.000000,0.034480
566150,100,4.0475,100.000,0.4048,0.4100,8.589811,0.000000,8.589811,0.034491,0.000000,0.034491
566250,100,4.0475,100.000,0.4048,0.4100,8.592589,0.000000,8.592589,0.034502,0.000000,0.034502
566350,100,4.0487,97.500,0.3948,0.4000,8.595297,0.000000,8.595297,0.034513,0.000000,0.034513
566450,100,4.0487,98.750,0.3998,0.4000,8.598040,0.000000,8.598040,0.034524,0.000000,0.034524
566550,100,4.0487,98.750,0.3998,0.4000,8.600783,0.000000,8.600783,0.034535,0.000000,0.034535
566650,100,4.0487,98.750,0.3998,0.4000,8.603526,0.000000,8.603526,0.034547,0.000000,0.034547
566750,100,4.0487,100.000,0.4049,0.4100,8.606304,0.000000,8.606304,0.034558,0.000000,0.034558
566850,100,4.0487,98.750,0.3998,0.4000,8.609047,0.000000,8.609047,0.034569,0.000000,0.034569
566950,100,4.0487,100.000,0.4049,0.4000,8.611825,0.000000,8.611825,0.034580,0.000000,0.034580
567050,100,4.0487,100.000,0.4049,0.4000,8.614602,0.000000,8.614602,0.034591,0.000000,0.034591
567150,100,4.0487,98.750,0.3998,0.4000,8.617345,0.000000,8.617345,0.034602,0.000000,0.034602
567250,100,4.0475,98.750,0.3997,0.4000,8.620089,0.000000,8.620089,0.034614,0.000000,0.034614
567350,100,4.0487,98.750,0.3998,0.4000,8.622832,0.000000,8.622832,0.034625,0.000000,0.034625
567450,100,4.0487,97.500,0.3948,0.4000,8.625540,0.000000,8.625540,0.034636,0.000000,0.034636
567550,100,4.0487,98.750,0.3998,0.4000,8.628283,0.000000,8.628283,0.034647,0.000000,0.034647
567650,100,4.0487,98.750,0.3998,0.4000,8.631026,0.000000,8.631026,0.034658,0.000000,0.034658
567750,100,4.0487,98.750,0.3998,0.4000,8.633769,0.000000,8.633769,0.034669,0.000000,0.034669
567850,100,4.0487,98.750,0.3998,0.4000,8.636512,0.000000,8.636512,0.034680,0.000000,0.034680
567950,100,4.0487,98.750,0.3998,0.4000,8.639255,0.000000,8.639255,0.034691,0.000000,0.034691
568050,100,4.0487,98.750,0.3998,0.4000,8.641998,0.000000,8.641998,0.034702,0.000000,0.034702
568150,100,4.0487,98.750,0.3998,0.4000,8.644741,0.000000,8.644741,0.034713,0.000000,0.034713
568250,100,4.0487,98.750,0.3998,0.4000,8.647484,0.000000,8.647484,0.034724,0.000000,0.034724
568350,100,4.0487,98.750,0.3998,0.4000,8.650227,0.000000,8.650227,0.034736,0.000000,0.034736
568450,100,4.0487,98.750,0.3998,0.4000,8.652970,0.000000,8.652970,0.034747,0.000000,0.034747
568550,100,4.0487,98.750,0.3998,0.4000,8.655714,0.000000,8.655714,0.034758,0.000000,0.034758
568650,100,4.0487,98.750,0.3998,0.4000,8.658457,0.000000,8.658457,0.034769,0.000000,0.034769
568750,100,4.0487,98.750,0.3998,0.4000,8.661200,0.000000,8.661200,0.034780,0.000000,0.034780
568850,100,4.0487,98.750,0.3998,0.4000,8.663943,0.000000,8.663943,0.034791,0.000000,0.034791
568950,100,4.0487,98.750,0.3998,0.4000,8.666686,0.000000,8.666686,0.034802,0.000000,0.034802
569050,100,4.0487,98.750,0.3998,0.4000,8.669429,0.000000,8.669429,0.034813,0.000000,0.034813
569150,100,4.0487,98.750,0.3998,0.4000,8.672172,0.000000,8.672172,0.034824,0.000000,0.034824
569250,100,4.0487,98.750,0.3998,0.4000,8.674915,0.000000,8.674915,0.034836,0.000000,0.034836
569350,100,4.0487,98.750,0.3998,0.4000,8.677658,0.000000,8.677658,0.034847,0.000000,0.034847
569450,100,4.0475,98.750,0.3997,0.4000,8.680401,0.000000,8.680401,0.034858,0.000000,0.034858
569550,100,4.0487,98.750,0.3998,0.4000,8.683144,0.000000,8.683144,0.034869,0.000000,0.034869
569650,100,4.0487,98.750,0.3998,0.4000,8.685887,0.000000,8.685887,0.034880,0.000000,0.034880
569750,100,4.0487,98.750,0.3998,0.4000,8.688630,0.000000,8.688630,0.034891,0.000000,0.034891
569850,100,4.0487,98.750,0.3998,0.4000,8.691373,0.000000,8.691373,0.034902,0.000000,0.034902
#MARK,569930,100,"seg_032_p06_b127_end",8.691373,0.000000,8.691373,0.034902,0.000000,0.034902
569950,100,4.0487,100.000,0.4049,0.4000,8.694151,0.000000,8.694151,0.034913,0.000000,0.034913
570050,100,4.0563,72.500,0.2941,0.2900,8.696165,0.000000,8.696165,0.034922,0.000000,0.034922
570150,100,4.0538,80.000,0.3243,0.3300,8.698387,0.000000,8.698387,0.034931,0.000000,0.034931
570250,100,4.0525,83.750,0.3394,0.3400,8.700714,0.000000,8.700714,0.034940,0.000000,0.034940
570350,100,4.0525,87.500,0.3546,0.3600,8.703144,0.000000,8.703144,0.034950,0.000000,0.034950
570450,100,4.0512,90.000,0.3646,0.3600,8.705644,0.000000,8.705644,0.034960,0.000000,0.034960
570550,100,4.0500,92.500,0.3746,0.3700,8.708214,0.000000,8.708214,0.034970,0.000000,0.034970
570650,100,4.0500,95.000,0.3848,0.3800,8.710852,0.000000,8.710852,0.034981,0.000000,0.034981
570750,100,4.0500,96.250,0.3898,0.3900,8.713526,0.000000,8.713526,0.034992,0.000000,0.034992
570850,100,4.0487,98.750,0.3998,0.4000,8.716269,0.000000,8.716269,0.035003,0.000000,0.035003
570950,100,4.0487,100.000,0.4049,0.4100,8.719047,0.000000,8.719047,0.035014,0.000000,0.035014
571050,100,4.0475,101.250,0.4098,0.4100,8.721859,0.000000,8.721859,0.035026,0.000000,0.035026
#MARK,571075,100,"seg_033_p06_b159_start",8.721859,0.000000,8.721859,0.035026,0.000000,0.035026
571150,100,4.0475,102.500,0.4149,0.4100,8.724707,0.000000,8.724707,0.035037,0.000000,0.035037
571250,100,4.0475,102.500,0.4149,0.4100,8.727554,0.000000,8.727554,0.035049,0.000000,0.035049
571350,100,4.0475,103.750,0.4199,0.4200,8.730436,0.000000,8.730436,0.035060,0.000000,0.035060
571450,100,4.0462,105.000,0.4249,0.4200,8.733352,0.000000,8.733352,0.035072,0.000000,0.035072
571550,100,4.0462,105.000,0.4249,0.4300,8.736269,0.000000,8.736269,0.035084,0.000000,0.035084
571650,100,4.0462,105.000,0.4249,0.4300,8.739186,0.000000,8.739186,0.035096,0.000000,0.035096
571750,100,4.0462,106.250,0.4299,0.4300,8.742137,0.000000,8.742137,0.035108,0.000000,0.035108
571850,100,4.0462,105.000,0.4249,0.4300,8.745054,0.000000,8.745054,0.035120,0.000000,0.035120
571950,100,4.0462,106.250,0.4299,0.4400,8.748005,0.000000,8.748005,0.035131,0.000000,0.035131
572050,100,4.0462,106.250,0.4299,0.4300,8.750957,0.000000,8.750957,0.035143,0.000000,0.035143
572150,100,4.0450,107.500,0.4348,0.4400,8.753943,0.000000,8.753943,0.035155,0.000000,0.035155
572250,100,4.0450,107.500,0.4348,0.4400,8.756929,0.000000,8.756929,0.035168,0.000000,0.035168
572350,100,4.0450,107.500,0.4348,0.4400,8.759915,0.000000,8.759915,0.035180,0.000000,0.035180
572450,100,4.0450,107.500,0.4348,0.4400,8.762901,0.000000,8.762901,0.035192,0.000000,0.035192
572550,100,4.0450,107.500,0.4348,0.4400,8.765887,0.000000,8.765887,0.035204,0.000000,0.035204
572650,100,4.0450,107.500,0.4348,0.4300,8.768873,0.000000,8.768873,0.035216,0.000000,0.035216
572750,100,4.0462,106.250,0.4299,0.4300,8.771825,0.000000,8.771825,0.035228,0.000000,0.035228
572850,100,4.0462,106.250,0.4299,0.4300,8.774776,0.000000,8.774776,0.035240,0.000000,0.035240
572950,100,4.0462,105.000,0.4249,0.4300,8.777693,0.000000,8.777693,0.035252,0.000000,0.035252
573050,100,4.0462,106.250,0.4299,0.4300,8.780644,0.000000,8.780644,0.035264,0.000000,0.035264
573150,100,4.0450,106.250,0.4298,0.4300,8.783595,0.000000,8.783595,0.035275,0.000000,0.035275
573250,100,4.0462,106.250,0.4299,0.4300,8.786547,0.000000,8.786547,0.035287,0.000000,0.035287
573350,100,4.0462,106.250,0.4299,0.4300,8.789498,0.000000,8.789498,0.035299,0.000000,0.035299
573450,100,4.0462,106.250,0.4299,0.4300,8.792450,0.000000,8.792450,0.035311,0.000000,0.035311
573550,100,4.0462,106.250,0.4299,0.4300,8.795401,0.000000,8.795401,0.035323,0.000000,0.035323
573650,100,4.0462,106.250,0.4299,0.4300,8.798352,0.000000,8.798352,0.035335,0.000000,0.035335
573750,100,4.0462,106.250,0.4299,0.4300,8.801304,0.000000,8.801304,0.035347,0.000000,0.035347
573850,100,4.0462,106.250,0.4299,0.4300,8.804255,0.000000,8.804255,0.035359,0.000000,0.035359
573950,100,4.0450,106.250,0.4298,0.4300,8.807207,0.000000,8.807207,0.035371,0.000000,0.035371
574050,100,4.0450,106.250,0.4298,0.4300,8.810158,0.000000,8.810158,0.035383,0.000000,0.035383
574150,100,4.0462,106.250,0.4299,0.4300,8.813109,0.000000,8.813109,0.035395,0.000000,0.035395
574250,100,4.0462,106.250,0.4299,0.4300,8.816061,0.000000,8.816061,0.035407,0.000000,0.035407
574350,100,4.0462,106.250,0.4299,0.4300,8.819012,0.000000,8.819012,0.035419,0.000000,0.035419
574450,100,4.0462,106.250,0.4299,0.4300,8.821964,0.000000,8.821964,0.035431,0.000000,0.035431
574550,100,4.0462,106.250,0.4299,0.4300,8.824915,0.000000,8.824915,0.035443,0.000000,0.035443
574650,100,4.0462,106.250,0.4299,0.4300,8.827866,0.000000,8.827866,0.035455,0.000000,0.035455
574750,100,4.0462,106.250,0.4299,0.4300,8.830818,0.000000,8.830818,0.035467,0.000000,0.035467
574850,100,4.0462,106.250,0.4299,0.4300,8.833769,0.000000,8.833769,0.035478,0.000000,0.035478
574950,100,4.0462,106.250,0.4299,0.4300,8.836720,0.000000,8.836720,0.035490,0.000000,0.035490
575050,100,4.0450,106.250,0.4298,0.4300,8.839672,0.000000,8.839672,0.035502,0.000000,0.035502
575150,100,4.0462,106.250,0.4299,0.4300,8.842623,0.000000,8.842623,0.035514,0.000000,0.035514
575250,100,4.0462,105.000,0.4249,0.4300,8.845540,0.000000,8.845540,0.035526,0.000000,0.035526
575350,100,4.0462,105.000,0.4249,0.4300,8.848457,0.000000,8.848457,0.035538,0.000000,0.035538
575450,100,4.0450,106.250,0.4298,0.4300,8.851408,0.000000,8.851408,0.035550,0.000000,0.035550
575550,100,4.0450,105.000,0.4247,0.4300,8.854325,0.000000,8.854325,0.035562,0.000000,0.035562
575650,100,4.0450,106.250,0.4298,0.4300,8.857276,0.000000,8.857276,0.035574,0.000000,0.035574
575750,100,4.0450,105.000,0.4247,0.4300,8.860193,0.000000,8.860193,0.035585,0.000000,0.035585
575850,100,4.0450,106.250,0.4298,0.4300,8.863144,0.000000,8.863144,0.035597,0.000000,0.035597
575950,100,4.0462,106.250,0.4299,0.4300,8.866095,0.000000,8.866095,0.035609,0.000000,0.035609
576050,100,4.0462,106.250,0.4299,0.4300,8.869047,0.000000,8.869047,0.035621,0.000000,0.035621
576150,100,4.0450,106.250,0.4298,0.4300,8.871998,0.000000,8.871998,0.035633,0.000000,0.035633
576250,100,4.0450,106.250,0.4298,0.4300,8.874950,0.000000,8.874950,0.035645,0.000000,0.035645
#MARK,576322,100,"seg_033_p06_b159_end",8.874950,0.000000,8.874950,0.035645,0.000000,0.035645
576350,100,4.0450,106.250,0.4298,0.4300,8.877901,0.000000,8.877901,0.035657,0.000000,0.035657
576450,100,4.0525,82.500,0.3343,0.3300,8.880193,0.000000,8.880193,0.035666,0.000000,0.035666
576550,100,4.0512,86.250,0.3494,0.3500,8.882589,0.000000,8.882589,0.035676,0.000000,0.035676
576650,100,4.0512,90.000,0.3646,0.3600,8.885089,0.000000,8.885089,0.035686,0.000000,0.035686
576750,100,4.0500,93.750,0.3797,0.3800,8.887693,0.000000,8.887693,0.035697,0.000000,0.035697
576850,100,4.0487,97.500,0.3948,0.3900,8.890401,0.000000,8.890401,0.035708,0.000000,0.035708
576950,100,4.0475,100.000,0.4048,0.4100,8.893179,0.000000,8.893179,0.035719,0.000000,0.035719
577050,100,4.0462,102.500,0.4147,0.4200,8.896026,0.000000,8.896026,0.035730,0.000000,0.035730
577150,100,4.0462,105.000,0.4249,0.4200,8.898943,0.000000,8.898943,0.035742,0.000000,0.035742
577250,100,4.0462,106.250,0.4299,0.4300,8.901894,0.000000,8.901894,0.035754,0.000000,0.035754
577350,100,4.0450,107.500,0.4348,0.4400,8.904880,0.000000,8.904880,0.035766,0.000000,0.035766
577450,100,4.0450,108.750,0.4399,0.4400,8.907901,0.000000,8.907901,0.035778,0.000000,0.035778
#MARK,577456,100,"seg_034_p06_b191_start",8.907901,0.000000,8.907901,0.035778,0.000000,0.035778
577550,100,4.0450,108.750,0.4399,0.4500,8.910922,0.000000,8.910922,0.035791,0.000000,0.035791
577650,100,4.0437,110.000,0.4448,0.4500,8.913977,0.000000,8.913977,0.035803,0.000000,0.035803
577750,100,4.0437,111.250,0.4499,0.4500,8.917068,0.000000,8.917068,0.035816,0.000000,0.035816
577850,100,4.0437,111.250,0.4499,0.4500,8.920158,0.000000,8.920158,0.035828,0.000000,0.035828
577950,100,4.0437,112.500,0.4549,0.4600,8.923283,0.000000,8.923283,0.035841,0.000000,0.035841
578050,100,4.0437,112.500,0.4549,0.4600,8.926408,0.000000,8.926408,0.035853,0.000000,0.035853
578150,100,4.0425,113.750,0.4598,0.4600,8.929568,0.000000,8.929568,0.035866,0.000000,0.035866
578250,100,4.0437,113.750,0.4600,0.4600,8.932727,0.000000,8.932727,0.035879,0.000000,0.035879
578350,100,4.0425,115.000,0.4649,0.4600,8.935922,0.000000,8.935922,0.035892,0.000000,0.035892
578450,100,4.0425,115.000,0.4649,0.4700,8.939116,0.000000,8.939116,0.035905,0.000000,0.035905
578550,100,4.0425,115.000,0.4649,0.4600,8.942311,0.000000,8.942311,0.035918,0.000000,0.035918
578650,100,4.0425,115.000,0.4649,0.4600,8.945505,0.000000,8.945505,0.035930,0.000000,0.035930
578750,100,4.0425,115.000,0.4649,0.4600,8.948700,0.000000,8.948700,0.035943,0.000000,0.035943
578850,100,4.0425,113.750,0.4598,0.4600,8.951859,0.000000,8.951859,0.035956,0.000000,0.035956
578950,100,4.0425,115.000,0.4649,0.4600,8.955054,0.000000,8.955054,0.035969,0.000000,0.035969
579050,100,4.0425,113.750,0.4598,0.4600,8.958214,0.000000,8.958214,0.035982,0.000000,0.035982
579150,100,4.0425,113.750,0.4598,0.4600,8.961373,0.000000,8.961373,0.035995,0.000000,0.035995
579250,100,4.0425,113.750,0.4598,0.4600,8.964533,0.000000,8.964533,0.036007,0.000000,0.036007
579350,100,4.0425,113.750,0.4598,0.4600,8.967693,0.000000,8.967693,0.036020,0.000000,0.036020
579450,100,4.0425,112.500,0.4548,0.4600,8.970818,0.000000,8.970818,0.036033,0.000000,0.036033
579550,100,4.0425,113.750,0.4598,0.4600,8.973977,0.000000,8.973977,0.036046,0.000000,0.036046
579650,100,4.0425,113.750,0.4598,0.4600,8.977137,0.000000,8.977137,0.036058,0.000000,0.036058
579750,100,4.0425,113.750,0.4598,0.4600,8.980297,0.000000,8.980297,0.036071,0.000000,0.036071
579850,100,4.0425,113.750,0.4598,0.4600,8.983457,0.000000,8.983457,0.036084,0.000000,0.036084
579950,100,4.0425,113.750,0.4598,0.4600,8.986616,0.000000,8.986616,0.036097,0.000000,0.036097
580050,100,4.0425,113.750,0.4598,0.4600,8.989776,0.000000,8.989776,0.036109,0.000000,0.036109
580150,100,4.0425,112.500,0.4548,0.4600,8.992901,0.000000,8.992901,0.036122,0.000000,0.036122
580250,100,4.0425,113.750,0.4598,0.4600,8.996061,0.000000,8.996061,0.036135,0.000000,0.036135
580350,100,4.0425,113.750,0.4598,0.4600,8.999220,0.000000,8.999220,0.036148,0.000000,0.036148
580450,100,4.0425,113.750,0.4598,0.4600,9.002380,0.000000,9.002380,0.036160,0.000000,0.036160
580550,100,4.0425,113.750,0.4598,0.4600,9.005540,0.000000,9.005540,0.036173,0.000000,0.036173
580650,100,4.0425,113.750,0.4598,0.4600,9.008700,0.000000,9.008700,0.036186,0.000000,0.036186
580750,100,4.0425,112.500,0.4548,0.4600,9.011825,0.000000,9.011825,0.036199,0.000000,0.036199
580850,100,4.0425,113.750,0.4598,0.4600,9.014984,0.000000,9.014984,0.036211,0.000000,0.036211
580950,100,4.0425,113.750,0.4598,0.4600,9.018144,0.000000,9.018144,0.036224,0.000000,0.036224
581050,100,4.0425,113.750,0.4598,0.4600,9.021304,0.000000,9.021304,0.036237,0.000000,0.036237
581150,100,4.0425,113.750,0.4598,0.4600,9.024464,0.000000,9.024464,0.036250,0.000000,0.036250
581250,100,4.0425,113.750,0.4598,0.4600,9.027623,0.000000,9.027623,0.036262,0.000000,0.036262
581350,100,4.0425,112.500,0.4548,0.4600,9.030748,0.000000,9.030748,0.036275,0.000000,0.036275
581450,100,4.0425,113.750,0.4598,0.4600,9.033908,0.000000,9.033908,0.036288,0.000000,0.036288
581550,100,4.0425,113.750,0.4598,0.4600,9.037068,0.000000,9.037068,0.036301,0.000000,0.036301
581650,100,4.0425,113.750,0.4598,0.4600,9.040227,0.000000,9.040227,0.036313,0.000000,0.036313
581750,100,4.0425,112.500,0.4548,0.4600,9.043352,0.000000,9.043352,0.036326,0.000000,0.036326
581850,100,4.0425,112.500,0.4548,0.4600,9.046477,0.000000,9.046477,0.036339,0.000000,0.036339
581950,100,4.0425,112.500,0.4548,0.4600,9.049602,0.000000,9.049602,0.036351,0.000000,0.036351
582050,100,4.0425,113.750,0.4598,0.4600,9.052762,0.000000,9.052762,0.036364,0.000000,0.036364
582150,100,4.0425,112.500,0.4548,0.4600,9.055887,0.000000,9.055887,0.036377,0.000000,0.036377
582250,100,4.0425,112.500,0.4548,0.4600,9.059012,0.000000,9.059012,0.036389,0.000000,0.036389
582350,100,4.0425,113.750,0.4598,0.4600,9.062172,0.000000,9.062172,0.036402,0.000000,0.036402
582450,100,4.0425,113.750,0.4598,0.4600,9.065332,0.000000,9.065332,0.036415,0.000000,0.036415
582550,100,4.0425,113.750,0.4598,0.4600,9.068491,0.000000,9.068491,0.036428,0.000000,0.036428
582650,100,4.0425,112.500,0.4548,0.4600,9.071616,0.000000,9.071616,0.036440,0.000000,0.036440
#MARK,582674,100,"seg_034_p06_b191_end",9.071616,0.000000,9.071616,0.036440,0.000000,0.036440
582750,100,4.0512,82.500,0.3342,0.3300,9.073908,0.000000,9.073908,0.036450,0.000000,0.036450
582850,100,4.0512,87.500,0.3545,0.3600,9.076339,0.000000,9.076339,0.036459,0.000000,0.036459
582950,100,4.0487,92.500,0.3745,0.3800,9.078908,0.000000,9.078908,0.036470,0.000000,0.036470
583050,100,4.0487,93.750,0.3796,0.3800,9.081512,0.000000,9.081512,0.036480,0.000000,0.036480
583150,100,4.0475,97.500,0.3946,0.3900,9.084220,0.000000,9.084220,0.036491,0.000000,0.036491
583250,100,4.0462,102.500,0.4147,0.4100,9.087068,0.000000,9.087068,0.036503,0.000000,0.036503
583350,100,4.0450,106.250,0.4298,0.4300,9.090019,0.000000,9.090019,0.036515,0.000000,0.036515
583450,100,4.0450,108.750,0.4399,0.4400,9.093040,0.000000,9.093040,0.036527,0.000000,0.036527
583550,100,4.0437,111.250,0.4499,0.4500,9.096130,0.000000,9.096130,0.036539,0.000000,0.036539
583650,100,4.0425,113.750,0.4598,0.4600,9.099290,0.000000,9.099290,0.036552,0.000000,0.036552
583750,100,4.0425,113.750,0.4598,0.4600,9.102450,0.000000,9.102450,0.036565,0.000000,0.036565
#MARK,583785,100,"seg_035_p06_b223_start",9.102450,0.000000,9.102450,0.036565,0.000000,0.036565
583850,100,4.0425,115.000,0.4649,0.4700,9.105644,0.000000,9.105644,0.036578,0.000000,0.036578
583950,100,4.0413,116.250,0.4698,0.4700,9.108873,0.000000,9.108873,0.036591,0.000000,0.036591
584050,100,4.0413,117.500,0.4748,0.4700,9.112137,0.000000,9.112137,0.036604,0.000000,0.036604
584150,100,4.0413,118.750,0.4799,0.4800,9.115436,0.000000,9.115436,0.036618,0.000000,0.036618
584250,100,4.0413,118.750,0.4799,0.4800,9.118734,0.000000,9.118734,0.036631,0.000000,0.036631
584350,100,4.0400,120.000,0.4848,0.4800,9.122068,0.000000,9.122068,0.036644,0.000000,0.036644
584450,100,4.0400,120.000,0.4848,0.4900,9.125401,0.000000,9.125401,0.036658,0.000000,0.036658
584550,100,4.0400,121.250,0.4899,0.4900,9.128769,0.000000,9.128769,0.036671,0.000000,0.036671
584650,100,4.0400,121.250,0.4899,0.4900,9.132137,0.000000,9.132137,0.036685,0.000000,0.036685
584750,100,4.0400,121.250,0.4899,0.4900,9.135505,0.000000,9.135505,0.036699,0.000000,0.036699
584850,100,4.0400,122.500,0.4949,0.4900,9.138908,0.000000,9.138908,0.036712,0.000000,0.036712
584950,100,4.0400,122.500,0.4949,0.4900,9.142311,0.000000,9.142311,0.036726,0.000000,0.036726
585050,100,4.0400,122.500,0.4949,0.4900,9.145714,0.000000,9.145714,0.036740,0.000000,0.036740
585150,100,4.0400,121.250,0.4899,0.4900,9.149082,0.000000,9.149082,0.036753,0.000000,0.036753
585250,100,4.0400,122.500,0.4949,0.4900,9.152484,0.000000,9.152484,0.036767,0.000000,0.036767
585350,100,4.0388,121.250,0.4897,0.4900,9.155852,0.000000,9.155852,0.036781,0.000000,0.036781
585450,100,4.0400,120.000,0.4848,0.4900,9.159186,0.000000,9.159186,0.036794,0.000000,0.036794
585550,100,4.0400,120.000,0.4848,0.4900,9.162519,0.000000,9.162519,0.036808,0.000000,0.036808
585650,100,4.0400,121.250,0.4899,0.4900,9.165887,0.000000,9.165887,0.036821,0.000000,0.036821
585750,100,4.0400,120.000,0.4848,0.4800,9.169220,0.000000,9.169220,0.036835,0.000000,0.036835
585850,100,4.0400,120.000,0.4848,0.4900,9.172554,0.000000,9.172554,0.036848,0.000000,0.036848
585950,100,4.0400,120.000,0.4848,0.4900,9.175887,0.000000,9.175887,0.036862,0.000000,0.036862
586050,100,4.0400,120.000,0.4848,0.4800,9.179220,0.000000,9.179220,0.036875,0.000000,0.036875
586150,100,4.0400,121.250,0.4899,0.4800,9.182589,0.000000,9.182589,0.036889,0.000000,0.036889
586250,100,4.0400,120.000,0.4848,0.4900,9.185922,0.000000,9.185922,0.036902,0.000000,0.036902
586350,100,4.0400,121.250,0.4899,0.4900,9.189290,0.000000,9.189290,0.036916,0.000000,0.036916
586450,100,4.0400,120.000,0.4848,0.4800,9.192623,0.000000,9.192623,0.036929,0.000000,0.036929
586550,100,4.0400,121.250,0.4899,0.4900,9.195991,0.000000,9.195991,0.036943,0.000000,0.036943
586650,100,4.0400,120.000,0.4848,0.4900,9.199325,0.000000,9.199325,0.036956,0.000000,0.036956
586750,100,4.0400,120.000,0.4848,0.4900,9.202658,0.000000,9.202658,0.036970,0.000000,0.036970
586850,100,4.0400,120.000,0.4848,0.4900,9.205991,0.000000,9.205991,0.036983,0.000000,0.036983
586950,100,4.0400,121.250,0.4899,0.4900,9.209359,0.000000,9.209359,0.036997,0.000000,0.036997
587050,100,4.0400,120.000,0.4848,0.4900,9.212693,0.000000,9.212693,0.037010,0.000000,0.037010
587150,100,4.0388,121.250,0.4897,0.4900,9.216061,0.000000,9.216061,0.037024,0.000000,0.037024
587250,100,4.0400,121.250,0.4899,0.4900,9.219429,0.000000,9.219429,0.037038,0.000000,0.037038
587350,100,4.0400,120.000,0.4848,0.4800,9.222762,0.000000,9.222762,0.037051,0.000000,0.037051
587450,100,4.0400,121.250,0.4899,0.4900,9.226130,0.000000,9.226130,0.037065,0.000000,0.037065
587550,100,4.0400,121.250,0.4899,0.4900,9.229498,0.000000,9.229498,0.037078,0.000000,0.037078
587650,100,4.0400,121.250,0.4899,0.4900,9.232866,0.000000,9.232866,0.037092,0.000000,0.037092
587750,100,4.0400,120.000,0.4848,0.4900,9.236200,0.000000,9.236200,0.037105,0.000000,0.037105
587850,100,4.0400,121.250,0.4899,0.4900,9.239568,0.000000,9.239568,0.037119,0.000000,0.037119
587950,100,4.0400,120.000,0.4848,0.4800,9.242901,0.000000,9.242901,0.037132,0.000000,0.037132
588050,100,4.0400,121.250,0.4899,0.4800,9.246269,0.000000,9.246269,0.037146,0.000000,0.037146
588150,100,4.0400,120.000,0.4848,0.4800,9.249602,0.000000,9.249602,0.037160,0.000000,0.037160
588250,100,4.0388,120.000,0.4847,0.4800,9.252936,0.000000,9.252936,0.037173,0.000000,0.037173
588350,100,4.0388,120.000,0.4847,0.4800,9.256269,0.000000,9.256269,0.037186,0.000000,0.037186
588450,100,4.0400,120.000,0.4848,0.4800,9.259602,0.000000,9.259602,0.037200,0.000000,0.037200
588550,100,4.0400,121.250,0.4899,0.4900,9.262970,0.000000,9.262970,0.037214,0.000000,0.037214
588650,100,4.0400,121.250,0.4899,0.4900,9.266339,0.000000,9.266339,0.037227,0.000000,0.037227
588750,100,4.0400,120.000,0.4848,0.4900,9.269672,0.000000,9.269672,0.037241,0.000000,0.037241
588850,100,4.0400,121.250,0.4899,0.4900,9.273040,0.000000,9.273040,0.037254,0.000000,0.037254
588950,100,4.0400,120.000,0.4848,0.4800,9.276373,0.000000,9.276373,0.037268,0.000000,0.037268
#MARK,589034,100,"seg_035_p06_b223_end",9.276373,0.000000,9.276373,0.037268,0.000000,0.037268
589050,100,4.0400,120.000,0.4848,0.4900,9.279707,0.000000,9.279707,0.037281,0.000000,0.037281
589150,100,4.0550,71.250,0.2889,0.2900,9.281686,0.000000,9.281686,0.037289,0.000000,0.037289
589250,100,4.0525,78.750,0.3191,0.3200,9.283873,0.000000,9.283873,0.037298,0.000000,0.037298
589350,100,4.0500,86.250,0.3493,0.3500,9.286269,0.000000,9.286269,0.037308,0.000000,0.037308
589450,100,4.0487,91.250,0.3694,0.3700,9.288804,0.000000,9.288804,0.037318,0.000000,0.037318
589550,100,4.0475,96.250,0.3896,0.3900,9.291477,0.000000,9.291477,0.037329,0.000000,0.037329
589650,100,4.0450,101.250,0.4096,0.4100,9.294290,0.000000,9.294290,0.037340,0.000000,0.037340
589750,100,4.0437,106.250,0.4296,0.4300,9.297241,0.000000,9.297241,0.037352,0.000000,0.037352
589850,100,4.0437,110.000,0.4448,0.4500,9.300297,0.000000,9.300297,0.037365,0.000000,0.037365
589950,100,4.0425,112.500,0.4548,0.4600,9.303422,0.000000,9.303422,0.037377,0.000000,0.037377
590050,100,4.0413,115.000,0.4647,0.4700,9.306616,0.000000,9.306616,0.037390,0.000000,0.037390
590150,100,4.0400,117.500,0.4747,0.4700,9.309880,0.000000,9.309880,0.037403,0.000000,0.037403
#MARK,590153,100,"seg_036_p06_b255_start",9.309880,0.000000,9.309880,0.037403,0.000000,0.037403
590250,100,4.0400,118.750,0.4797,0.4800,9.313179,0.000000,9.313179,0.037417,0.000000,0.037417
590350,100,4.0400,121.250,0.4899,0.4900,9.316547,0.000000,9.316547,0.037430,0.000000,0.037430
590450,100,4.0388,122.500,0.4947,0.5000,9.319950,0.000000,9.319950,0.037444,0.000000,0.037444
590550,100,4.0388,123.750,0.4998,0.5000,9.323387,0.000000,9.323387,0.037458,0.000000,0.037458
590650,100,4.0375,125.000,0.5047,0.5000,9.326859,0.000000,9.326859,0.037472,0.000000,0.037472
590750,100,4.0375,125.000,0.5047,0.5100,9.330332,0.000000,9.330332,0.037486,0.000000,0.037486
590850,100,4.0375,126.250,0.5097,0.5100,9.333839,0.000000,9.333839,0.037500,0.000000,0.037500
590950,100,4.0375,127.500,0.5148,0.5100,9.337380,0.000000,9.337380,0.037514,0.000000,0.037514
591050,100,4.0375,127.500,0.5148,0.5100,9.340922,0.000000,9.340922,0.037529,0.000000,0.037529
591150,100,4.0363,128.750,0.5197,0.5200,9.344498,0.000000,9.344498,0.037543,0.000000,0.037543
591250,100,4.0363,128.750,0.5197,0.5200,9.348075,0.000000,9.348075,0.037557,0.000000,0.037557
591350,100,4.0363,128.750,0.5197,0.5200,9.351651,0.000000,9.351651,0.037572,0.000000,0.037572
591450,100,4.0363,128.750,0.5197,0.5200,9.355227,0.000000,9.355227,0.037586,0.000000,0.037586
591550,100,4.0363,128.750,0.5197,0.5200,9.358804,0.000000,9.358804,0.037601,0.000000,0.037601
591650,100,4.0363,128.750,0.5197,0.5200,9.362380,0.000000,9.362380,0.037615,0.000000,0.037615
591750,100,4.0363,128.750,0.5197,0.5200,9.365957,0.000000,9.365957,0.037630,0.000000,0.037630
591850,100,4.0363,127.500,0.5146,0.5100,9.369498,0.000000,9.369498,0.037644,0.000000,0.037644
591950,100,4.0363,127.500,0.5146,0.5100,9.373040,0.000000,9.373040,0.037658,0.000000,0.037658
592050,100,4.0375,127.500,0.5148,0.5100,9.376582,0.000000,9.376582,0.037673,0.000000,0.037673
592150,100,4.0363,127.500,0.5146,0.5100,9.380123,0.000000,9.380123,0.037687,0.000000,0.037687
592250,100,4.0363,128.750,0.5197,0.5200,9.383700,0.000000,9.383700,0.037701,0.000000,0.037701
592350,100,4.0363,127.500,0.5146,0.5100,9.387241,0.000000,9.387241,0.037716,0.000000,0.037716
592450,100,4.0363,128.750,0.5197,0.5200,9.390818,0.000000,9.390818,0.037730,0.000000,0.037730
592550,100,4.0375,127.500,0.5148,0.5200,9.394359,0.000000,9.394359,0.037744,0.000000,0.037744
592650,100,4.0363,128.750,0.5197,0.5200,9.397936,0.000000,9.397936,0.037759,0.000000,0.037759
592750,100,4.0363,127.500,0.5146,0.5100,9.401477,0.000000,9.401477,0.037773,0.000000,0.037773
592850,100,4.0363,127.500,0.5146,0.5100,9.405019,0.000000,9.405019,0.037787,0.000000,0.037787
592950,100,4.0375,127.500,0.5148,0.5100,9.408561,0.000000,9.408561,0.037802,0.000000,0.037802
593050,100,4.0363,127.500,0.5146,0.5100,9.412102,0.000000,9.412102,0.037816,0.000000,0.037816
593150,100,4.0363,127.500,0.5146,0.5100,9.415644,0.000000,9.415644,0.037830,0.000000,0.037830
593250,100,4.0363,127.500,0.5146,0.5100,9.419186,0.000000,9.419186,0.037845,0.000000,0.037845
593350,100,4.0363,127.500,0.5146,0.5100,9.422727,0.000000,9.422727,0.037859,0.000000,0.037859
593450,100,4.0363,127.500,0.5146,0.5100,9.426269,0.000000,9.426269,0.037873,0.000000,0.037873
593550,100,4.0363,127.500,0.5146,0.5100,9.429811,0.000000,9.429811,0.037887,0.000000,0.037887
593650,100,4.0363,127.500,0.5146,0.5200,9.433352,0.000000,9.433352,0.037902,0.000000,0.037902
593750,100,4.0363,127.500,0.5146,0.5100,9.436894,0.000000,9.436894,0.037916,0.000000,0.037916
593850,100,4.0363,128.750,0.5197,0.5200,9.440470,0.000000,9.440470,0.037930,0.000000,0.037930
593950,100,4.0363,127.500,0.5146,0.5100,9.444012,0.000000,9.444012,0.037945,0.000000,0.037945
594050,100,4.0363,127.500,0.5146,0.5100,9.447554,0.000000,9.447554,0.037959,0.000000,0.037959
594150,100,4.0363,128.750,0.5197,0.5200,9.451130,0.000000,9.451130,0.037973,0.000000,0.037973
594250,100,4.0363,128.750,0.5197,0.5200,9.454707,0.000000,9.454707,0.037988,0.000000,0.037988
594350,100,4.0363,128.750,0.5197,0.5100,9.458283,0.000000,9.458283,0.038002,0.000000,0.038002
594450,100,4.0363,127.500,0.5146,0.5100,9.461825,0.000000,9.461825,0.038017,0.000000,0.038017
594550,100,4.0363,127.500,0.5146,0.5200,9.465366,0.000000,9.465366,0.038031,0.000000,0.038031
594650,100,4.0363,127.500,0.5146,0.5100,9.468908,0.000000,9.468908,0.038045,0.000000,0.038045
594750,100,4.0363,128.750,0.5197,0.5100,9.472484,0.000000,9.472484,0.038060,0.000000,0.038060
594850,100,4.0363,127.500,0.5146,0.5100,9.476026,0.000000,9.476026,0.038074,0.000000,0.038074
594950,100,4.0363,127.500,0.5146,0.5100,9.479568,0.000000,9.479568,0.038088,0.000000,0.038088
595050,100,4.0363,127.500,0.5146,0.5100,9.483109,0.000000,9.483109,0.038103,0.000000,0.038103
595150,100,4.0363,127.500,0.5146,0.5100,9.486651,0.000000,9.486651,0.038117,0.000000,0.038117
595250,100,4.0363,127.500,0.5146,0.5100,9.490193,0.000000,9.490193,0.038131,0.000000,0.038131
595350,100,4.0363,127.500,0.5146,0.5100,9.493734,0.000000,9.493734,0.038145,0.000000,0.038145
#MARK,595390,100,"seg_036_p06_b255_end",9.493734,0.000000,9.493734,0.038145,0.000000,0.038145
595450,100,4.0475,91.250,0.3693,0.3700,9.496269,0.000000,9.496269,0.038156,0.000000,0.038156
595550,100,4.0487,88.750,0.3593,0.3600,9.498734,0.000000,9.498734,0.038166,0.000000,0.038166
595650,100,4.0475,91.250,0.3693,0.3700,9.501269,0.000000,9.501269,0.038176,0.000000,0.038176
595750,100,4.0475,90.000,0.3643,0.3700,9.503769,0.000000,9.503769,0.038186,0.000000,0.038186
595850,100,4.0487,90.000,0.3644,0.3600,9.506269,0.000000,9.506269,0.038196,0.000000,0.038196
595950,100,4.0512,81.250,0.3292,0.3300,9.508526,0.000000,9.508526,0.038205,0.000000,0.038205
596050,100,4.0512,81.250,0.3292,0.3300,9.510783,0.000000,9.510783,0.038214,0.000000,0.038214
596150,100,4.0538,73.750,0.2990,0.3000,9.512832,0.000000,9.512832,0.038223,0.000000,0.038223
596250,100,4.0550,71.250,0.2889,0.2900,9.514811,0.000000,9.514811,0.038231,0.000000,0.038231
596350,100,4.0550,71.250,0.2889,0.2900,9.516790,0.000000,9.516790,0.038239,0.000000,0.038239
596450,100,4.0550,71.250,0.2889,0.2900,9.518769,0.000000,9.518769,0.038247,0.000000,0.038247
#MARK,596509,100,"seg_037_p07_b095_start",9.518769,0.000000,9.518769,0.038247,0.000000,0.038247
596550,100,4.0550,71.250,0.2889,0.2900,9.520748,0.000000,9.520748,0.038255,0.000000,0.038255
596650,100,4.0512,80.000,0.3241,0.3300,9.522970,0.000000,9.522970,0.038264,0.000000,0.038264
596750,100,4.0512,81.250,0.3292,0.3300,9.525227,0.000000,9.525227,0.038273,0.000000,0.038273
596850,100,4.0487,88.750,0.3593,0.3600,9.527693,0.000000,9.527693,0.038283,0.000000,0.038283
596950,100,4.0487,90.000,0.3644,0.3700,9.530193,0.000000,9.530193,0.038293,0.000000,0.038293
597050,100,4.0487,91.250,0.3694,0.3700,9.532727,0.000000,9.532727,0.038303,0.000000,0.038303
597150,100,4.0500,87.500,0.3544,0.3500,9.535158,0.000000,9.535158,0.038313,0.000000,0.038313
597250,100,4.0512,82.500,0.3342,0.3300,9.537450,0.000000,9.537450,0.038322,0.000000,0.038322
597350,100,4.0512,81.250,0.3292,0.3300,9.539707,0.000000,9.539707,0.038332,0.000000,0.038332
597450,100,4.0538,73.750,0.2990,0.3000,9.541755,0.000000,9.541755,0.038340,0.000000,0.038340
597550,100,4.0550,71.250,0.2889,0.2900,9.543734,0.000000,9.543734,0.038348,0.000000,0.038348
597650,100,4.0550,71.250,0.2889,0.2900,9.545714,0.000000,9.545714,0.038356,0.000000,0.038356
597750,100,4.0550,72.500,0.2940,0.2900,9.547727,0.000000,9.547727,0.038364,0.000000,0.038364
597850,100,4.0538,75.000,0.3040,0.3000,9.549811,0.000000,9.549811,0.038373,0.000000,0.038373
597950,100,4.0512,81.250,0.3292,0.3300,9.552068,0.000000,9.552068,0.038382,0.000000,0.038382
598050,100,4.0512,81.250,0.3292,0.3300,9.554325,0.000000,9.554325,0.038391,0.000000,0.038391
598150,100,4.0500,87.500,0.3544,0.3600,9.556755,0.000000,9.556755,0.038401,0.000000,0.038401
598250,100,4.0487,88.750,0.3593,0.3600,9.559220,0.000000,9.559220,0.038411,0.000000,0.038411
598350,100,4.0487,90.000,0.3644,0.3600,9.561720,0.000000,9.561720,0.038421,0.000000,0.038421
598450,100,4.0500,86.250,0.3493,0.3500,9.564116,0.000000,9.564116,0.038431,0.000000,0.038431
598550,100,4.0525,80.000,0.3242,0.3200,9.566339,0.000000,9.566339,0.038440,0.000000,0.038440
598650,100,4.0525,80.000,0.3242,0.3200,9.568561,0.000000,9.568561,0.038449,0.000000,0.038449
598750,100,4.0538,73.750,0.2990,0.2900,9.570609,0.000000,9.570609,0.038457,0.000000,0.038457
598850,100,4.0563,70.000,0.2839,0.2800,9.572554,0.000000,9.572554,0.038465,0.000000,0.038465
598950,100,4.0563,70.000,0.2839,0.2800,9.574498,0.000000,9.574498,0.038473,0.000000,0.038473
599050,100,4.0550,70.000,0.2838,0.2800,9.576443,0.000000,9.576443,0.038480,0.000000,0.038480
599150,100,4.0550,72.500,0.2940,0.2900,9.578457,0.000000,9.578457,0.038489,0.000000,0.038489
599250,100,4.0525,80.000,0.3242,0.3300,9.580679,0.000000,9.580679,0.038498,0.000000,0.038498
599350,100,4.0525,80.000,0.3242,0.3200,9.582901,0.000000,9.582901,0.038507,0.000000,0.038507
599450,100,4.0500,85.000,0.3443,0.3500,9.585262,0.000000,9.585262,0.038516,0.000000,0.038516
599550,100,4.0500,88.750,0.3594,0.3600,9.587727,0.000000,9.587727,0.038526,0.000000,0.038526
599650,100,4.0487,90.000,0.3644,0.3600,9.590227,0.000000,9.590227,0.038536,0.000000,0.038536
599750,100,4.0500,86.250,0.3493,0.3500,9.592623,0.000000,9.592623,0.038546,0.000000,0.038546
599850,100,4.0525,78.750,0.3191,0.3200,9.594811,0.000000,9.594811,0.038555,0.000000,0.038555
599950,100,4.0525,80.000,0.3242,0.3200,9.597033,0.000000,9.597033,0.038564,0.000000,0.038564
600050,100,4.0538,75.000,0.3040,0.3000,9.599116,0.000000,9.599116,0.038572,0.000000,0.038572
600150,100,4.0563,70.000,0.2839,0.2800,9.601061,0.000000,9.601061,0.038580,0.000000,0.038580
600250,100,4.0563,70.000,0.2839,0.2800,9.603005,0.000000,9.603005,0.038588,0.000000,0.038588
600350,100,4.0563,70.000,0.2839,0.2800,9.604950,0.000000,9.604950,0.038596,0.000000,0.038596
600450,100,4.0550,72.500,0.2940,0.2900,9.606964,0.000000,9.606964,0.038604,0.000000,0.038604
600550,100,4.0525,80.000,0.3242,0.3200,9.609186,0.000000,9.609186,0.038613,0.000000,0.038613
600650,100,4.0525,80.000,0.3242,0.3300,9.611408,0.000000,9.611408,0.038622,0.000000,0.038622
600750,100,4.0512,88.750,0.3595,0.3500,9.613873,0.000000,9.613873,0.038632,0.000000,0.038632
600850,100,4.0500,88.750,0.3594,0.3600,9.616339,0.000000,9.616339,0.038642,0.000000,0.038642
600950,100,4.0500,90.000,0.3645,0.3600,9.618839,0.000000,9.618839,0.038652,0.000000,0.038652
601050,100,4.0500,87.500,0.3544,0.3600,9.621269,0.000000,9.621269,0.038662,0.000000,0.038662
601150,100,4.0525,80.000,0.3242,0.3200,9.623491,0.000000,9.623491,0.038671,0.000000,0.038671
601250,100,4.0525,80.000,0.3242,0.3300,9.625714,0.000000,9.625714,0.038680,0.000000,0.038680
601350,100,4.0550,71.250,0.2889,0.2900,9.627693,0.000000,9.627693,0.038688,0.000000,0.038688
601450,100,4.0563,70.000,0.2839,0.2800,9.629637,0.000000,9.629637,0.038696,0.000000,0.038696
601550,100,4.0550,70.000,0.2838,0.2800,9.631582,0.000000,9.631582,0.038704,0.000000,0.038704
601650,100,4.0563,70.000,0.2839,0.2800,9.633526,0.000000,9.633526,0.038712,0.000000,0.038712
601750,100,4.0550,71.250,0.2889,0.2900,9.635505,0.000000,9.635505,0.038720,0.000000,0.038720
#MARK,601755,100,"seg_037_p07_b095_end",9.635505,0.000000,9.635505,0.038720,0.000000,0.038720
601850,100,4.0500,87.500,0.3544,0.3600,9.637936,0.000000,9.637936,0.038730,0.000000,0.038730
601950,100,4.0475,97.500,0.3946,0.3900,9.640644,0.000000,9.640644,0.038741,0.000000,0.038741
602050,100,4.0475,97.500,0.3946,0.3900,9.643352,0.000000,9.643352,0.038752,0.000000,0.038752
602150,100,4.0475,97.500,0.3946,0.4000,9.646061,0.000000,9.646061,0.038763,0.000000,0.038763
602250,100,4.0487,91.250,0.3694,0.3700,9.648595,0.000000,9.648595,0.038773,0.000000,0.038773
602350,100,4.0512,85.000,0.3444,0.3400,9.650957,0.000000,9.650957,0.038782,0.000000,0.038782
602450,100,4.0512,82.500,0.3342,0.3400,9.653248,0.000000,9.653248,0.038792,0.000000,0.038792
602550,100,4.0550,72.500,0.2940,0.2900,9.655262,0.000000,9.655262,0.038800,0.000000,0.038800
602650,100,4.0550,71.250,0.2889,0.2900,9.657241,0.000000,9.657241,0.038808,0.000000,0.038808
602750,100,4.0550,71.250,0.2889,0.2900,9.659220,0.000000,9.659220,0.038816,0.000000,0.038816
602850,100,4.0550,71.250,0.2889,0.2900,9.661200,0.000000,9.661200,0.038824,0.000000,0.038824
#MARK,602876,100,"seg_038_p07_b127_start",9.661200,0.000000,9.661200,0.038824,0.000000,0.038824
602950,100,4.0538,77.500,0.3142,0.3100,9.663352,0.000000,9.663352,0.038833,0.000000,0.038833
603050,100,4.0512,85.000,0.3444,0.3500,9.665714,0.000000,9.665714,0.038842,0.000000,0.038842
603150,100,4.0512,85.000,0.3444,0.3500,9.668075,0.000000,9.668075,0.038852,0.000000,0.038852
603250,100,4.0475,97.500,0.3946,0.4000,9.670783,0.000000,9.670783,0.038863,0.000000,0.038863
603350,100,4.0475,97.500,0.3946,0.4000,9.673491,0.000000,9.673491,0.038874,0.000000,0.038874
603450,100,4.0475,97.500,0.3946,0.3900,9.676200,0.000000,9.676200,0.038885,0.000000,0.038885
603550,100,4.0500,86.250,0.3493,0.3500,9.678595,0.000000,9.678595,0.038894,0.000000,0.038894
603650,100,4.0512,85.000,0.3444,0.3500,9.680957,0.000000,9.680957,0.038904,0.000000,0.038904
603750,100,4.0512,83.750,0.3393,0.3400,9.683283,0.000000,9.683283,0.038913,0.000000,0.038913
603850,100,4.0550,72.500,0.2940,0.3000,9.685297,0.000000,9.685297,0.038922,0.000000,0.038922
603950,100,4.0563,71.250,0.2890,0.2900,9.687276,0.000000,9.687276,0.038930,0.000000,0.038930
604050,100,4.0550,72.500,0.2940,0.2900,9.689290,0.000000,9.689290,0.038938,0.000000,0.038938
604150,100,4.0563,71.250,0.2890,0.2900,9.691269,0.000000,9.691269,0.038946,0.000000,0.038946
604250,100,4.0525,82.500,0.3343,0.3300,9.693561,0.000000,9.693561,0.038955,0.000000,0.038955
604350,100,4.0512,83.750,0.3393,0.3400,9.695887,0.000000,9.695887,0.038964,0.000000,0.038964
604450,100,4.0512,85.000,0.3444,0.3500,9.698248,0.000000,9.698248,0.038974,0.000000,0.038974
604550,100,4.0475,96.250,0.3896,0.3900,9.700922,0.000000,9.700922,0.038985,0.000000,0.038985
604650,100,4.0475,96.250,0.3896,0.3900,9.703595,0.000000,9.703595,0.038996,0.000000,0.038996
604750,100,4.0475,96.250,0.3896,0.3900,9.706269,0.000000,9.706269,0.039007,0.000000,0.039007
604850,100,4.0512,86.250,0.3494,0.3500,9.708665,0.000000,9.708665,0.039016,0.000000,0.039016
604950,100,4.0512,82.500,0.3342,0.3400,9.710957,0.000000,9.710957,0.039026,0.000000,0.039026
605050,100,4.0525,82.500,0.3343,0.3300,9.713248,0.000000,9.713248,0.039035,0.000000,0.039035
605150,100,4.0550,71.250,0.2889,0.2900,9.715227,0.000000,9.715227,0.039043,0.000000,0.039043
605250,100,4.0563,70.000,0.2839,0.2800,9.717172,0.000000,9.717172,0.039051,0.000000,0.039051
605350,100,4.0563,70.000,0.2839,0.2900,9.719116,0.000000,9.719116,0.039059,0.000000,0.039059
605450,100,4.0563,70.000,0.2839,0.2800,9.721061,0.000000,9.721061,0.039066,0.000000,0.039066
605550,100,4.0538,80.000,0.3243,0.3200,9.723283,0.000000,9.723283,0.039075,0.000000,0.039075
605650,100,4.0525,83.750,0.3394,0.3400,9.725609,0.000000,9.725609,0.039085,0.000000,0.039085
605750,100,4.0512,83.750,0.3393,0.3400,9.727936,0.000000,9.727936,0.039094,0.000000,0.039094
605850,100,4.0487,95.000,0.3846,0.3900,9.730575,0.000000,9.730575,0.039105,0.000000,0.039105
605950,100,4.0475,96.250,0.3896,0.3900,9.733248,0.000000,9.733248,0.039116,0.000000,0.039116
606050,100,4.0475,96.250,0.3896,0.3900,9.735922,0.000000,9.735922,0.039127,0.000000,0.039127
606150,100,4.0500,86.250,0.3493,0.3500,9.738318,0.000000,9.738318,0.039136,0.000000,0.039136
606250,100,4.0512,82.500,0.3342,0.3400,9.740609,0.000000,9.740609,0.039146,0.000000,0.039146
606350,100,4.0525,80.000,0.3242,0.3300,9.742832,0.000000,9.742832,0.039155,0.000000,0.039155
606450,100,4.0563,71.250,0.2890,0.2800,9.744811,0.000000,9.744811,0.039163,0.000000,0.039163
606550,100,4.0563,70.000,0.2839,0.2800,9.746755,0.000000,9.746755,0.039171,0.000000,0.039171
606650,100,4.0563,70.000,0.2839,0.2800,9.748700,0.000000,9.748700,0.039178,0.000000,0.039178
606750,100,4.0563,70.000,0.2839,0.2800,9.750644,0.000000,9.750644,0.039186,0.000000,0.039186
606850,100,4.0538,78.750,0.3192,0.3200,9.752832,0.000000,9.752832,0.039195,0.000000,0.039195
606950,100,4.0525,82.500,0.3343,0.3400,9.755123,0.000000,9.755123,0.039205,0.000000,0.039205
607050,100,4.0512,86.250,0.3494,0.3500,9.757519,0.000000,9.757519,0.039214,0.000000,0.039214
607150,100,4.0487,95.000,0.3846,0.3800,9.760158,0.000000,9.760158,0.039225,0.000000,0.039225
607250,100,4.0475,95.000,0.3845,0.3800,9.762797,0.000000,9.762797,0.039236,0.000000,0.039236
607350,100,4.0475,96.250,0.3896,0.3900,9.765470,0.000000,9.765470,0.039246,0.000000,0.039246
607450,100,4.0500,87.500,0.3544,0.3600,9.767901,0.000000,9.767901,0.039256,0.000000,0.039256
607550,100,4.0512,82.500,0.3342,0.3400,9.770193,0.000000,9.770193,0.039266,0.000000,0.039266
607650,100,4.0525,81.250,0.3293,0.3300,9.772450,0.000000,9.772450,0.039275,0.000000,0.039275
607750,100,4.0563,70.000,0.2839,0.2800,9.774394,0.000000,9.774394,0.039283,0.000000,0.039283
607850,100,4.0563,70.000,0.2839,0.2800,9.776339,0.000000,9.776339,0.039290,0.000000,0.039290
607950,100,4.0563,70.000,0.2839,0.2800,9.778283,0.000000,9.778283,0.039298,0.000000,0.039298
608050,100,4.0563,70.000,0.2839,0.2800,9.780227,0.000000,9.780227,0.039306,0.000000,0.039306
#MARK,608125,100,"seg_038_p07_b127_end",9.780227,0.000000,9.780227,0.039306,0.000000,0.039306
608150,100,4.0538,77.500,0.3142,0.3200,9.782380,0.000000,9.782380,0.039315,0.000000,0.039315
608250,100,4.0500,92.500,0.3746,0.3700,9.784950,0.000000,9.784950,0.039325,0.000000,0.039325
608350,100,4.0450,105.000,0.4247,0.4200,9.787866,0.000000,9.787866,0.039337,0.000000,0.039337
608450,100,4.0450,105.000,0.4247,0.4200,9.790783,0.000000,9.790783,0.039349,0.000000,0.039349
608550,100,4.0450,103.750,0.4197,0.4200,9.793665,0.000000,9.793665,0.039361,0.000000,0.039361
608650,100,4.0475,93.750,0.3795,0.3800,9.796269,0.000000,9.796269,0.039371,0.000000,0.039371
608750,100,4.0500,87.500,0.3544,0.3600,9.798700,0.000000,9.798700,0.039381,0.000000,0.039381
608850,100,4.0512,85.000,0.3444,0.3400,9.801061,0.000000,9.801061,0.039391,0.000000,0.039391
608950,100,4.0563,71.250,0.2890,0.2900,9.803040,0.000000,9.803040,0.039399,0.000000,0.039399
609050,100,4.0563,71.250,0.2890,0.2900,9.805019,0.000000,9.805019,0.039407,0.000000,0.039407
609150,100,4.0563,71.250,0.2890,0.2900,9.806998,0.000000,9.806998,0.039415,0.000000,0.039415
#MARK,609245,100,"seg_039_p07_b159_start",9.806998,0.000000,9.806998,0.039415,0.000000,0.039415
609250,100,4.0563,71.250,0.2890,0.2900,9.808977,0.000000,9.808977,0.039423,0.000000,0.039423
609350,100,4.0538,80.000,0.3243,0.3300,9.811200,0.000000,9.811200,0.039432,0.000000,0.039432
609450,100,4.0500,87.500,0.3544,0.3600,9.813630,0.000000,9.813630,0.039442,0.000000,0.039442
609550,100,4.0500,90.000,0.3645,0.3600,9.816130,0.000000,9.816130,0.039452,0.000000,0.039452
609650,100,4.0450,105.000,0.4247,0.4200,9.819047,0.000000,9.819047,0.039463,0.000000,0.039463
609750,100,4.0450,105.000,0.4247,0.4200,9.821964,0.000000,9.821964,0.039475,0.000000,0.039475
609850,100,4.0450,103.750,0.4197,0.4200,9.824845,0.000000,9.824845,0.039487,0.000000,0.039487
609950,100,4.0475,90.000,0.3643,0.3600,9.827345,0.000000,9.827345,0.039497,0.000000,0.039497
610050,100,4.0500,88.750,0.3594,0.3600,9.829811,0.000000,9.829811,0.039507,0.000000,0.039507
610150,100,4.0512,85.000,0.3444,0.3500,9.832172,0.000000,9.832172,0.039517,0.000000,0.039517
610250,100,4.0550,72.500,0.2940,0.2900,9.834186,0.000000,9.834186,0.039525,0.000000,0.039525
610350,100,4.0550,71.250,0.2889,0.2900,9.836165,0.000000,9.836165,0.039533,0.000000,0.039533
610450,100,4.0563,71.250,0.2890,0.2900,9.838144,0.000000,9.838144,0.039541,0.000000,0.039541
610550,100,4.0563,71.250,0.2890,0.2900,9.840123,0.000000,9.840123,0.039549,0.000000,0.039549
610650,100,4.0512,85.000,0.3444,0.3500,9.842484,0.000000,9.842484,0.039558,0.000000,0.039558
610750,100,4.0500,87.500,0.3544,0.3600,9.844915,0.000000,9.844915,0.039568,0.000000,0.039568
610850,100,4.0500,88.750,0.3594,0.3600,9.847380,0.000000,9.847380,0.039578,0.000000,0.039578
610950,100,4.0462,103.750,0.4198,0.4200,9.850262,0.000000,9.850262,0.039590,0.000000,0.039590
611050,100,4.0450,102.500,0.4146,0.4100,9.853109,0.000000,9.853109,0.039601,0.000000,0.039601
611150,100,4.0450,102.500,0.4146,0.4200,9.855957,0.000000,9.855957,0.039613,0.000000,0.039613
611250,100,4.0500,88.750,0.3594,0.3600,9.858422,0.000000,9.858422,0.039623,0.000000,0.039623
611350,100,4.0500,86.250,0.3493,0.3500,9.860818,0.000000,9.860818,0.039633,0.000000,0.039633
611450,100,4.0512,86.250,0.3494,0.3500,9.863214,0.000000,9.863214,0.039642,0.000000,0.039642
611550,100,4.0563,71.250,0.2890,0.2900,9.865193,0.000000,9.865193,0.039650,0.000000,0.039650
611650,100,4.0563,70.000,0.2839,0.2800,9.867137,0.000000,9.867137,0.039658,0.000000,0.039658
611750,100,4.0563,70.000,0.2839,0.2800,9.869082,0.000000,9.869082,0.039666,0.000000,0.039666
611850,100,4.0563,71.250,0.2890,0.2900,9.871061,0.000000,9.871061,0.039674,0.000000,0.039674
611950,100,4.0525,83.750,0.3394,0.3400,9.873387,0.000000,9.873387,0.039684,0.000000,0.039684
612050,100,4.0512,87.500,0.3545,0.3600,9.875818,0.000000,9.875818,0.039693,0.000000,0.039693
612150,100,4.0500,87.500,0.3544,0.3600,9.878248,0.000000,9.878248,0.039703,0.000000,0.039703
612250,100,4.0462,102.500,0.4147,0.4100,9.881095,0.000000,9.881095,0.039715,0.000000,0.039715
612350,100,4.0450,102.500,0.4146,0.4100,9.883943,0.000000,9.883943,0.039726,0.000000,0.039726
612450,100,4.0462,102.500,0.4147,0.4100,9.886790,0.000000,9.886790,0.039738,0.000000,0.039738
612550,100,4.0500,90.000,0.3645,0.3600,9.889290,0.000000,9.889290,0.039748,0.000000,0.039748
612650,100,4.0512,86.250,0.3494,0.3500,9.891686,0.000000,9.891686,0.039758,0.000000,0.039758
612750,100,4.0525,81.250,0.3293,0.3300,9.893943,0.000000,9.893943,0.039767,0.000000,0.039767
612850,100,4.0563,71.250,0.2890,0.2900,9.895922,0.000000,9.895922,0.039775,0.000000,0.039775
612950,100,4.0563,70.000,0.2839,0.2800,9.897866,0.000000,9.897866,0.039783,0.000000,0.039783
613050,100,4.0563,70.000,0.2839,0.2800,9.899811,0.000000,9.899811,0.039791,0.000000,0.039791
613150,100,4.0563,70.000,0.2839,0.2800,9.901755,0.000000,9.901755,0.039798,0.000000,0.039798
613250,100,4.0525,82.500,0.3343,0.3400,9.904047,0.000000,9.904047,0.039808,0.000000,0.039808
613350,100,4.0512,86.250,0.3494,0.3500,9.906443,0.000000,9.906443,0.039817,0.000000,0.039817
613450,100,4.0500,91.250,0.3696,0.3700,9.908977,0.000000,9.908977,0.039828,0.000000,0.039828
613550,100,4.0462,102.500,0.4147,0.4100,9.911825,0.000000,9.911825,0.039839,0.000000,0.039839
613650,100,4.0450,102.500,0.4146,0.4200,9.914672,0.000000,9.914672,0.039851,0.000000,0.039851
613750,100,4.0450,103.750,0.4197,0.4200,9.917554,0.000000,9.917554,0.039862,0.000000,0.039862
613850,100,4.0500,90.000,0.3645,0.3700,9.920054,0.000000,9.920054,0.039873,0.000000,0.039873
613950,100,4.0512,86.250,0.3494,0.3500,9.922450,0.000000,9.922450,0.039882,0.000000,0.039882
614050,100,4.0512,82.500,0.3342,0.3300,9.924741,0.000000,9.924741,0.039892,0.000000,0.039892
614150,100,4.0563,70.000,0.2839,0.2800,9.926686,0.000000,9.926686,0.039899,0.000000,0.039899
614250,100,4.0563,70.000,0.2839,0.2800,9.928630,0.000000,9.928630,0.039907,0.000000,0.039907
614350,100,4.0563,70.000,0.2839,0.2800,9.930575,0.000000,9.930575,0.039915,0.000000,0.039915
614450,100,4.0563,70.000,0.2839,0.2800,9.932519,0.000000,9.932519,0.039923,0.000000,0.039923
#MARK,614492,100,"seg_039_p07_b159_end",9.932519,0.000000,9.932519,0.039923,0.000000,0.039923
614550,100,4.0512,86.250,0.3494,0.3500,9.934915,0.000000,9.934915,0.039933,0.000000,0.039933
614650,100,4.0462,105.000,0.4249,0.4200,9.937832,0.000000,9.937832,0.039945,0.000000,0.039945
614750,100,4.0437,111.250,0.4499,0.4500,9.940922,0.000000,9.940922,0.039957,0.000000,0.039957
614850,100,4.0437,111.250,0.4499,0.4500,9.944012,0.000000,9.944012,0.039970,0.000000,0.039970
614950,100,4.0437,110.000,0.4448,0.4500,9.947068,0.000000,9.947068,0.039982,0.000000,0.039982
615050,100,4.0487,92.500,0.3745,0.3700,9.949637,0.000000,9.949637,0.039992,0.000000,0.039992
615150,100,4.0487,91.250,0.3694,0.3700,9.952172,0.000000,9.952172,0.040003,0.000000,0.040003
615250,100,4.0525,78.750,0.3191,0.3200,9.954359,0.000000,9.954359,0.040011,0.000000,0.040011
615350,100,4.0550,71.250,0.2889,0.2900,9.956339,0.000000,9.956339,0.040019,0.000000,0.040019
615450,100,4.0550,71.250,0.2889,0.2900,9.958318,0.000000,9.958318,0.040028,0.000000,0.040028
615550,100,4.0563,71.250,0.2890,0.2900,9.960297,0.000000,9.960297,0.040036,0.000000,0.040036
#MARK,615609,100,"seg_040_p07_b191_start",9.960297,0.000000,9.960297,0.040036,0.000000,0.040036
615650,100,4.0550,76.250,0.3092,0.3100,9.962415,0.000000,9.962415,0.040044,0.000000,0.040044
615750,100,4.0500,90.000,0.3645,0.3600,9.964915,0.000000,9.964915,0.040054,0.000000,0.040054
615850,100,4.0487,91.250,0.3694,0.3700,9.967450,0.000000,9.967450,0.040065,0.000000,0.040065
615950,100,4.0462,102.500,0.4147,0.4200,9.970297,0.000000,9.970297,0.040076,0.000000,0.040076
616050,100,4.0425,111.250,0.4497,0.4500,9.973387,0.000000,9.973387,0.040089,0.000000,0.040089
616150,100,4.0425,111.250,0.4497,0.4500,9.976477,0.000000,9.976477,0.040101,0.000000,0.040101
616250,100,4.0437,107.500,0.4347,0.4400,9.979464,0.000000,9.979464,0.040113,0.000000,0.040113
616350,100,4.0487,91.250,0.3694,0.3700,9.981998,0.000000,9.981998,0.040123,0.000000,0.040123
616450,100,4.0487,91.250,0.3694,0.3700,9.984533,0.000000,9.984533,0.040134,0.000000,0.040134
616550,100,4.0525,80.000,0.3242,0.3300,9.986755,0.000000,9.986755,0.040143,0.000000,0.040143
616650,100,4.0550,71.250,0.2889,0.2900,9.988734,0.000000,9.988734,0.040151,0.000000,0.040151
616750,100,4.0563,71.250,0.2890,0.2900,9.990714,0.000000,9.990714,0.040159,0.000000,0.040159
616850,100,4.0563,71.250,0.2890,0.2900,9.992693,0.000000,9.992693,0.040167,0.000000,0.040167
616950,100,4.0550,75.000,0.3041,0.3100,9.994776,0.000000,9.994776,0.040175,0.000000,0.040175
617050,100,4.0500,91.250,0.3696,0.3700,9.997311,0.000000,9.997311,0.040185,0.000000,0.040185
617150,100,4.0487,91.250,0.3694,0.3700,9.999845,0.000000,9.999845,0.040196,0.000000,0.040196
617250,100,4.0462,101.250,0.4097,0.4100,10.002658,0.000000,10.002658,0.040207,0.000000,0.040207
617350,100,4.0437,108.750,0.4398,0.4500,10.005679,0.000000,10.005679,0.040219,0.000000,0.040219
617450,100,4.0437,110.000,0.4448,0.4500,10.008734,0.000000,10.008734,0.040232,0.000000,0.040232
617550,100,4.0450,106.250,0.4298,0.4300,10.011686,0.000000,10.011686,0.040244,0.000000,0.040244
617650,100,4.0487,90.000,0.3644,0.3600,10.014186,0.000000,10.014186,0.040254,0.000000,0.040254
617750,100,4.0500,90.000,0.3645,0.3600,10.016686,0.000000,10.016686,0.040264,0.000000,0.040264
617850,100,4.0525,81.250,0.3293,0.3300,10.018943,0.000000,10.018943,0.040273,0.000000,0.040273
617950,100,4.0563,70.000,0.2839,0.2800,10.020887,0.000000,10.020887,0.040281,0.000000,0.040281
618050,100,4.0563,70.000,0.2839,0.2800,10.022832,0.000000,10.022832,0.040289,0.000000,0.040289
618150,100,4.0563,70.000,0.2839,0.2800,10.024776,0.000000,10.024776,0.040297,0.000000,0.040297
618250,100,4.0550,72.500,0.2940,0.2900,10.026790,0.000000,10.026790,0.040305,0.000000,0.040305
618350,100,4.0500,90.000,0.3645,0.3600,10.029290,0.000000,10.029290,0.040315,0.000000,0.040315
618450,100,4.0500,90.000,0.3645,0.3600,10.031790,0.000000,10.031790,0.040325,0.000000,0.040325
618550,100,4.0475,97.500,0.3946,0.4000,10.034498,0.000000,10.034498,0.040336,0.000000,0.040336
618650,100,4.0437,110.000,0.4448,0.4500,10.037554,0.000000,10.037554,0.040348,0.000000,0.040348
618750,100,4.0437,110.000,0.4448,0.4400,10.040609,0.000000,10.040609,0.040361,0.000000,0.040361
618850,100,4.0437,107.500,0.4347,0.4400,10.043595,0.000000,10.043595,0.040373,0.000000,0.040373
618950,100,4.0500,90.000,0.3645,0.3600,10.046095,0.000000,10.046095,0.040383,0.000000,0.040383
619050,100,4.0500,90.000,0.3645,0.3600,10.048595,0.000000,10.048595,0.040393,0.000000,0.040393
619150,100,4.0550,73.750,0.2991,0.3000,10.050644,0.000000,10.050644,0.040401,0.000000,0.040401
619250,100,4.0563,70.000,0.2839,0.2800,10.052589,0.000000,10.052589,0.040409,0.000000,0.040409
619350,100,4.0563,70.000,0.2839,0.2800,10.054533,0.000000,10.054533,0.040417,0.000000,0.040417
619450,100,4.0563,70.000,0.2839,0.2800,10.056477,0.000000,10.056477,0.040425,0.000000,0.040425
619550,100,4.0550,72.500,0.2940,0.2900,10.058491,0.000000,10.058491,0.040433,0.000000,0.040433
619650,100,4.0500,90.000,0.3645,0.3600,10.060991,0.000000,10.060991,0.040443,0.000000,0.040443
619750,100,4.0500,90.000,0.3645,0.3700,10.063491,0.000000,10.063491,0.040453,0.000000,0.040453
619850,100,4.0450,105.000,0.4247,0.4300,10.066408,0.000000,10.066408,0.040465,0.000000,0.040465
619950,100,4.0437,110.000,0.4448,0.4500,10.069464,0.000000,10.069464,0.040478,0.000000,0.040478
620050,100,4.0437,108.750,0.4398,0.4400,10.072484,0.000000,10.072484,0.040490,0.000000,0.040490
620150,100,4.0437,107.500,0.4347,0.4400,10.075470,0.000000,10.075470,0.040502,0.000000,0.040502
620250,100,4.0500,91.250,0.3696,0.3700,10.078005,0.000000,10.078005,0.040512,0.000000,0.040512
620350,100,4.0487,90.000,0.3644,0.3600,10.080505,0.000000,10.080505,0.040522,0.000000,0.040522
620450,100,4.0538,75.000,0.3040,0.3000,10.082589,0.000000,10.082589,0.040531,0.000000,0.040531
620550,100,4.0563,70.000,0.2839,0.2800,10.084533,0.000000,10.084533,0.040539,0.000000,0.040539
620650,100,4.0563,70.000,0.2839,0.2800,10.086477,0.000000,10.086477,0.040546,0.000000,0.040546
620750,100,4.0563,70.000,0.2839,0.2800,10.088422,0.000000,10.088422,0.040554,0.000000,0.040554
#MARK,620831,100,"seg_040_p07_b191_end",10.088422,0.000000,10.088422,0.040554,0.000000,0.040554
620850,100,4.0550,71.250,0.2889,0.2900,10.090401,0.000000,10.090401,0.040562,0.000000,0.040562
620950,100,4.0462,100.000,0.4046,0.4100,10.093179,0.000000,10.093179,0.040574,0.000000,0.040574
621050,100,4.0413,117.500,0.4748,0.4700,10.096443,0.000000,10.096443,0.040587,0.000000,0.040587
621150,100,4.0413,117.500,0.4748,0.4800,10.099707,0.000000,10.099707,0.040600,0.000000,0.040600
621250,100,4.0413,116.250,0.4698,0.4700,10.102936,0.000000,10.102936,0.040613,0.000000,0.040613
621350,100,4.0450,102.500,0.4146,0.4200,10.105783,0.000000,10.105783,0.040625,0.000000,0.040625
621450,100,4.0475,95.000,0.3845,0.3800,10.108422,0.000000,10.108422,0.040635,0.000000,0.040635
621550,100,4.0487,90.000,0.3644,0.3700,10.110922,0.000000,10.110922,0.040645,0.000000,0.040645
621650,100,4.0550,71.250,0.2889,0.2900,10.112901,0.000000,10.112901,0.040653,0.000000,0.040653
621750,100,4.0550,71.250,0.2889,0.2900,10.114880,0.000000,10.114880,0.040661,0.000000,0.040661
621850,100,4.0550,71.250,0.2889,0.2900,10.116859,0.000000,10.116859,0.040669,0.000000,0.040669
#MARK,621902,100,"seg_041_p07_b223_start",10.116859,0.000000,10.116859,0.040669,0.000000,0.040669
621950,100,4.0550,72.500,0.2940,0.2900,10.118873,0.000000,10.118873,0.040678,0.000000,0.040678
622050,100,4.0512,85.000,0.3444,0.3500,10.121234,0.000000,10.121234,0.040687,0.000000,0.040687
622150,100,4.0487,95.000,0.3846,0.3800,10.123873,0.000000,10.123873,0.040698,0.000000,0.040698
622250,100,4.0462,98.750,0.3996,0.4000,10.126616,0.000000,10.126616,0.040709,0.000000,0.040709
622350,100,4.0413,117.500,0.4748,0.4700,10.129880,0.000000,10.129880,0.040722,0.000000,0.040722
622450,100,4.0400,117.500,0.4747,0.4700,10.133144,0.000000,10.133144,0.040735,0.000000,0.040735
622550,100,4.0413,117.500,0.4748,0.4700,10.136408,0.000000,10.136408,0.040749,0.000000,0.040749
622650,100,4.0462,97.500,0.3945,0.3900,10.139116,0.000000,10.139116,0.040760,0.000000,0.040760
622750,100,4.0475,95.000,0.3845,0.3800,10.141755,0.000000,10.141755,0.040770,0.000000,0.040770
622850,100,4.0487,91.250,0.3694,0.3700,10.144290,0.000000,10.144290,0.040780,0.000000,0.040780
622950,100,4.0550,72.500,0.2940,0.2900,10.146304,0.000000,10.146304,0.040789,0.000000,0.040789
623050,100,4.0550,71.250,0.2889,0.2900,10.148283,0.000000,10.148283,0.040797,0.000000,0.040797
623150,100,4.0550,71.250,0.2889,0.2900,10.150262,0.000000,10.150262,0.040805,0.000000,0.040805
623250,100,4.0550,71.250,0.2889,0.2900,10.152241,0.000000,10.152241,0.040813,0.000000,0.040813
623350,100,4.0487,91.250,0.3694,0.3700,10.154776,0.000000,10.154776,0.040823,0.000000,0.040823
623450,100,4.0475,95.000,0.3845,0.3800,10.157415,0.000000,10.157415,0.040834,0.000000,0.040834
623550,100,4.0475,97.500,0.3946,0.4000,10.160123,0.000000,10.160123,0.040845,0.000000,0.040845
623650,100,4.0413,116.250,0.4698,0.4700,10.163352,0.000000,10.163352,0.040858,0.000000,0.040858
623750,100,4.0413,116.250,0.4698,0.4700,10.166582,0.000000,10.166582,0.040871,0.000000,0.040871
623850,100,4.0413,116.250,0.4698,0.4700,10.169811,0.000000,10.169811,0.040884,0.000000,0.040884
623950,100,4.0475,96.250,0.3896,0.3900,10.172484,0.000000,10.172484,0.040895,0.000000,0.040895
624050,100,4.0487,93.750,0.3796,0.3700,10.175089,0.000000,10.175089,0.040905,0.000000,0.040905
624150,100,4.0487,83.750,0.3391,0.3400,10.177415,0.000000,10.177415,0.040915,0.000000,0.040915
624250,100,4.0550,70.000,0.2838,0.2800,10.179359,0.000000,10.179359,0.040922,0.000000,0.040922
624350,100,4.0563,70.000,0.2839,0.2800,10.181304,0.000000,10.181304,0.040930,0.000000,0.040930
624450,100,4.0563,70.000,0.2839,0.2800,10.183248,0.000000,10.183248,0.040938,0.000000,0.040938
624550,100,4.0563,70.000,0.2839,0.2800,10.185193,0.000000,10.185193,0.040946,0.000000,0.040946
624650,100,4.0500,90.000,0.3645,0.3600,10.187693,0.000000,10.187693,0.040956,0.000000,0.040956
624750,100,4.0487,93.750,0.3796,0.3700,10.190297,0.000000,10.190297,0.040967,0.000000,0.040967
624850,100,4.0475,102.500,0.4149,0.4200,10.193144,0.000000,10.193144,0.040978,0.000000,0.040978
624950,100,4.0413,116.250,0.4698,0.4700,10.196373,0.000000,10.196373,0.040991,0.000000,0.040991
625050,100,4.0413,116.250,0.4698,0.4700,10.199602,0.000000,10.199602,0.041004,0.000000,0.041004
625150,100,4.0413,116.250,0.4698,0.4700,10.202832,0.000000,10.202832,0.041017,0.000000,0.041017
625250,100,4.0462,97.500,0.3945,0.3900,10.205540,0.000000,10.205540,0.041028,0.000000,0.041028
625350,100,4.0487,92.500,0.3745,0.3700,10.208109,0.000000,10.208109,0.041039,0.000000,0.041039
625450,100,4.0512,83.750,0.3393,0.3400,10.210436,0.000000,10.210436,0.041048,0.000000,0.041048
625550,100,4.0563,70.000,0.2839,0.2800,10.212380,0.000000,10.212380,0.041056,0.000000,0.041056
625650,100,4.0550,70.000,0.2838,0.2800,10.214325,0.000000,10.214325,0.041064,0.000000,0.041064
625750,100,4.0563,70.000,0.2839,0.2800,10.216269,0.000000,10.216269,0.041072,0.000000,0.041072
625850,100,4.0563,70.000,0.2839,0.2800,10.218214,0.000000,10.218214,0.041080,0.000000,0.041080
625950,100,4.0500,88.750,0.3594,0.3600,10.220679,0.000000,10.220679,0.041090,0.000000,0.041090
626050,100,4.0487,93.750,0.3796,0.3800,10.223283,0.000000,10.223283,0.041100,0.000000,0.041100
626150,100,4.0462,100.000,0.4046,0.4100,10.226061,0.000000,10.226061,0.041112,0.000000,0.041112
626250,100,4.0413,116.250,0.4698,0.4700,10.229290,0.000000,10.229290,0.041125,0.000000,0.041125
626350,100,4.0413,116.250,0.4698,0.4700,10.232519,0.000000,10.232519,0.041138,0.000000,0.041138
626450,100,4.0413,116.250,0.4698,0.4600,10.235748,0.000000,10.235748,0.041151,0.000000,0.041151
626550,100,4.0462,98.750,0.3996,0.4000,10.238491,0.000000,10.238491,0.041162,0.000000,0.041162
626650,100,4.0475,92.500,0.3744,0.3700,10.241061,0.000000,10.241061,0.041172,0.000000,0.041172
626750,100,4.0500,86.250,0.3493,0.3500,10.243457,0.000000,10.243457,0.041182,0.000000,0.041182
626850,100,4.0550,70.000,0.2838,0.2800,10.245401,0.000000,10.245401,0.041190,0.000000,0.041190
626950,100,4.0563,70.000,0.2839,0.2800,10.247345,0.000000,10.247345,0.041198,0.000000,0.041198
627050,100,4.0550,70.000,0.2838,0.2800,10.249290,0.000000,10.249290,0.041206,0.000000,0.041206
#MARK,627144,100,"seg_041_p07_b223_end",10.249290,0.000000,10.249290,0.041206,0.000000,0.041206
627150,100,4.0563,70.000,0.2839,0.2800,10.251234,0.000000,10.251234,0.041213,0.000000,0.041213
627250,100,4.0450,103.750,0.4197,0.4200,10.254116,0.000000,10.254116,0.041225,0.000000,0.041225
627350,100,4.0388,122.500,0.4947,0.5000,10.257519,0.000000,10.257519,0.041239,0.000000,0.041239
627450,100,4.0388,125.000,0.5048,0.5000,10.260991,0.000000,10.260991,0.041253,0.000000,0.041253
627550,100,4.0388,123.750,0.4998,0.5000,10.264429,0.000000,10.264429,0.041267,0.000000,0.041267
627650,100,4.0437,106.250,0.4296,0.4300,10.267380,0.000000,10.267380,0.041279,0.000000,0.041279
627750,100,4.0462,97.500,0.3945,0.3900,10.270089,0.000000,10.270089,0.041290,0.000000,0.041290
627850,100,4.0475,97.500,0.3946,0.3900,10.272797,0.000000,10.272797,0.041301,0.000000,0.041301
627950,100,4.0538,73.750,0.2990,0.3000,10.274845,0.000000,10.274845,0.041309,0.000000,0.041309
628050,100,4.0550,71.250,0.2889,0.2900,10.276825,0.000000,10.276825,0.041317,0.000000,0.041317
628150,100,4.0550,71.250,0.2889,0.2900,10.278804,0.000000,10.278804,0.041325,0.000000,0.041325
628250,100,4.0550,71.250,0.2889,0.2900,10.280783,0.000000,10.280783,0.041333,0.000000,0.041333
#MARK,628279,100,"seg_042_p07_b255_start",10.280783,0.000000,10.280783,0.041333,0.000000,0.041333
628350,100,4.0500,88.750,0.3594,0.3600,10.283248,0.000000,10.283248,0.041343,0.000000,0.041343
628450,100,4.0462,97.500,0.3945,0.4000,10.285957,0.000000,10.285957,0.041354,0.000000,0.041354
628550,100,4.0462,98.750,0.3996,0.4000,10.288700,0.000000,10.288700,0.041365,0.000000,0.041365
628650,100,4.0400,122.500,0.4949,0.5000,10.292102,0.000000,10.292102,0.041379,0.000000,0.041379
628750,100,4.0388,125.000,0.5048,0.5000,10.295575,0.000000,10.295575,0.041393,0.000000,0.041393
628850,100,4.0375,125.000,0.5047,0.5000,10.299047,0.000000,10.299047,0.041407,0.000000,0.041407
628950,100,4.0437,107.500,0.4347,0.4400,10.302033,0.000000,10.302033,0.041419,0.000000,0.041419
629050,100,4.0462,97.500,0.3945,0.3900,10.304741,0.000000,10.304741,0.041430,0.000000,0.041430
629150,100,4.0462,97.500,0.3945,0.3900,10.307450,0.000000,10.307450,0.041441,0.000000,0.041441
629250,100,4.0538,75.000,0.3040,0.3000,10.309533,0.000000,10.309533,0.041449,0.000000,0.041449
629350,100,4.0550,71.250,0.2889,0.2900,10.311512,0.000000,10.311512,0.041457,0.000000,0.041457
629450,100,4.0550,71.250,0.2889,0.2900,10.313491,0.000000,10.313491,0.041465,0.000000,0.041465
629550,100,4.0550,71.250,0.2889,0.2900,10.315470,0.000000,10.315470,0.041473,0.000000,0.041473
629650,100,4.0500,87.500,0.3544,0.3600,10.317901,0.000000,10.317901,0.041483,0.000000,0.041483
629750,100,4.0462,98.750,0.3996,0.4000,10.320644,0.000000,10.320644,0.041494,0.000000,0.041494
629850,100,4.0462,102.500,0.4147,0.4000,10.323491,0.000000,10.323491,0.041506,0.000000,0.041506
629950,100,4.0400,121.250,0.4899,0.4900,10.326859,0.000000,10.326859,0.041519,0.000000,0.041519
630050,100,4.0388,122.500,0.4947,0.5000,10.330262,0.000000,10.330262,0.041533,0.000000,0.041533
630150,100,4.0388,122.500,0.4947,0.5000,10.333665,0.000000,10.333665,0.041547,0.000000,0.041547
630250,100,4.0437,107.500,0.4347,0.4400,10.336651,0.000000,10.336651,0.041559,0.000000,0.041559
630350,100,4.0462,96.250,0.3895,0.3900,10.339325,0.000000,10.339325,0.041570,0.000000,0.041570
630450,100,4.0475,92.500,0.3744,0.3700,10.341894,0.000000,10.341894,0.041580,0.000000,0.041580
630550,100,4.0538,70.000,0.2838,0.2800,10.343839,0.000000,10.343839,0.041588,0.000000,0.041588
630650,100,4.0550,70.000,0.2838,0.2800,10.345783,0.000000,10.345783,0.041596,0.000000,0.041596
630750,100,4.0563,70.000,0.2839,0.2800,10.347727,0.000000,10.347727,0.041604,0.000000,0.041604
630850,100,4.0563,70.000,0.2839,0.2800,10.349672,0.000000,10.349672,0.041612,0.000000,0.041612
630950,100,4.0512,83.750,0.3393,0.3400,10.351998,0.000000,10.351998,0.041621,0.000000,0.041621
631050,100,4.0475,97.500,0.3946,0.3900,10.354707,0.000000,10.354707,0.041632,0.000000,0.041632
631150,100,4.0462,101.250,0.4097,0.4100,10.357519,0.000000,10.357519,0.041643,0.000000,0.041643
631250,100,4.0400,123.750,0.4999,0.5000,10.360957,0.000000,10.360957,0.041657,0.000000,0.041657
631350,100,4.0388,122.500,0.4947,0.5000,10.364359,0.000000,10.364359,0.041671,0.000000,0.041671
631450,100,4.0388,122.500,0.4947,0.5000,10.367762,0.000000,10.367762,0.041685,0.000000,0.041685
631550,100,4.0425,110.000,0.4447,0.4500,10.370818,0.000000,10.370818,0.041697,0.000000,0.041697
631650,100,4.0462,96.250,0.3895,0.3900,10.373491,0.000000,10.373491,0.041708,0.000000,0.041708
631750,100,4.0475,93.750,0.3795,0.3800,10.376095,0.000000,10.376095,0.041719,0.000000,0.041719
631850,100,4.0550,70.000,0.2838,0.2800,10.378040,0.000000,10.378040,0.041726,0.000000,0.041726
631950,100,4.0550,70.000,0.2838,0.2800,10.379984,0.000000,10.379984,0.041734,0.000000,0.041734
632050,100,4.0550,70.000,0.2838,0.2800,10.381929,0.000000,10.381929,0.041742,0.000000,0.041742
632150,100,4.0550,70.000,0.2838,0.2800,10.383873,0.000000,10.383873,0.041750,0.000000,0.041750
632250,100,4.0525,81.250,0.3293,0.3300,10.386130,0.000000,10.386130,0.041759,0.000000,0.041759
632350,100,4.0475,97.500,0.3946,0.3900,10.388839,0.000000,10.388839,0.041770,0.000000,0.041770
632450,100,4.0462,98.750,0.3996,0.4000,10.391582,0.000000,10.391582,0.041781,0.000000,0.041781
632550,100,4.0388,122.500,0.4947,0.5000,10.394984,0.000000,10.394984,0.041795,0.000000,0.041795
632650,100,4.0388,122.500,0.4947,0.5000,10.398387,0.000000,10.398387,0.041809,0.000000,0.041809
632750,100,4.0388,123.750,0.4998,0.5000,10.401825,0.000000,10.401825,0.041823,0.000000,0.041823
632850,100,4.0413,111.250,0.4496,0.4500,10.404915,0.000000,10.404915,0.041835,0.000000,0.041835
632950,100,4.0462,96.250,0.3895,0.3900,10.407589,0.000000,10.407589,0.041846,0.000000,0.041846
633050,100,4.0475,93.750,0.3795,0.3800,10.410193,0.000000,10.410193,0.041857,0.000000,0.041857
633150,100,4.0550,71.250,0.2889,0.2900,10.412172,0.000000,10.412172,0.041865,0.000000,0.041865
633250,100,4.0550,70.000,0.2838,0.2800,10.414116,0.000000,10.414116,0.041872,0.000000,0.041872
633350,100,4.0550,70.000,0.2838,0.2800,10.416061,0.000000,10.416061,0.041880,0.000000,0.041880
633450,100,4.0550,70.000,0.2838,0.2800,10.418005,0.000000,10.418005,0.041888,0.000000,0.041888
#MARK,633529,100,"seg_042_p07_b255_end",10.418005,0.000000,10.418005,0.041888,0.000000,0.041888
633550,100,4.0525,80.000,0.3242,0.3200,10.420227,0.000000,10.420227,0.041897,0.000000,0.041897
633650,100,4.0512,81.250,0.3292,0.3300,10.422484,0.000000,10.422484,0.041906,0.000000,0.041906
633750,100,4.0525,78.750,0.3191,0.3200,10.424672,0.000000,10.424672,0.041915,0.000000,0.041915
633850,100,4.0538,77.500,0.3142,0.3100,10.426825,0.000000,10.426825,0.041924,0.000000,0.041924
633950,100,4.0525,81.250,0.3293,0.3300,10.429082,0.000000,10.429082,0.041933,0.000000,0.041933
634050,100,4.0512,81.250,0.3292,0.3300,10.431339,0.000000,10.431339,0.041942,0.000000,0.041942
634150,100,4.0525,78.750,0.3191,0.3200,10.433526,0.000000,10.433526,0.041951,0.000000,0.041951
634250,100,4.0538,76.250,0.3091,0.3100,10.435644,0.000000,10.435644,0.041960,0.000000,0.041960
634350,100,4.0512,81.250,0.3292,0.3300,10.437901,0.000000,10.437901,0.041969,0.000000,0.041969
634450,100,4.0512,82.500,0.3342,0.3300,10.440193,0.000000,10.440193,0.041978,0.000000,0.041978
634550,100,4.0538,75.000,0.3040,0.3000,10.442276,0.000000,10.442276,0.041987,0.000000,0.041987
634650,100,4.0512,81.250,0.3292,0.3300,10.444533,0.000000,10.444533,0.041996,0.000000,0.041996
#MARK,634653,100,"seg_043_p08_b095_start",10.444533,0.000000,10.444533,0.041996,0.000000,0.041996
634750,100,4.0512,82.500,0.3342,0.3400,10.446825,0.000000,10.446825,0.042005,0.000000,0.042005
634850,100,4.0525,81.250,0.3293,0.3300,10.449082,0.000000,10.449082,0.042014,0.000000,0.042014
634950,100,4.0538,75.000,0.3040,0.3000,10.451165,0.000000,10.451165,0.042023,0.000000,0.042023
635050,100,4.0525,81.250,0.3293,0.3300,10.453422,0.000000,10.453422,0.042032,0.000000,0.042032
635150,100,4.0525,82.500,0.3343,0.3400,10.455714,0.000000,10.455714,0.042041,0.000000,0.042041
635250,100,4.0525,78.750,0.3191,0.3200,10.457901,0.000000,10.457901,0.042050,0.000000,0.042050
635350,100,4.0538,76.250,0.3091,0.3100,10.460019,0.000000,10.460019,0.042058,0.000000,0.042058
635450,100,4.0512,81.250,0.3292,0.3300,10.462276,0.000000,10.462276,0.042068,0.000000,0.042068
635550,100,4.0525,82.500,0.3343,0.3300,10.464568,0.000000,10.464568,0.042077,0.000000,0.042077
635650,100,4.0525,77.500,0.3141,0.3200,10.466720,0.000000,10.466720,0.042086,0.000000,0.042086
635750,100,4.0538,77.500,0.3142,0.3200,10.468873,0.000000,10.468873,0.042094,0.000000,0.042094
635850,100,4.0525,82.500,0.3343,0.3400,10.471165,0.000000,10.471165,0.042104,0.000000,0.042104
635950,100,4.0525,81.250,0.3293,0.3300,10.473422,0.000000,10.473422,0.042113,0.000000,0.042113
636050,100,4.0538,75.000,0.3040,0.3000,10.475505,0.000000,10.475505,0.042121,0.000000,0.042121
636150,100,4.0525,81.250,0.3293,0.3300,10.477762,0.000000,10.477762,0.042130,0.000000,0.042130
636250,100,4.0512,82.500,0.3342,0.3300,10.480054,0.000000,10.480054,0.042140,0.000000,0.042140
636350,100,4.0525,80.000,0.3242,0.3200,10.482276,0.000000,10.482276,0.042149,0.000000,0.042149
636450,100,4.0550,72.500,0.2940,0.2900,10.484290,0.000000,10.484290,0.042157,0.000000,0.042157
636550,100,4.0525,78.750,0.3191,0.3200,10.486477,0.000000,10.486477,0.042166,0.000000,0.042166
636650,100,4.0525,80.000,0.3242,0.3300,10.488700,0.000000,10.488700,0.042175,0.000000,0.042175
636750,100,4.0538,77.500,0.3142,0.3100,10.490852,0.000000,10.490852,0.042183,0.000000,0.042183
636850,100,4.0538,75.000,0.3040,0.3000,10.492936,0.000000,10.492936,0.042192,0.000000,0.042192
636950,100,4.0525,80.000,0.3242,0.3300,10.495158,0.000000,10.495158,0.042201,0.000000,0.042201
637050,100,4.0525,81.250,0.3293,0.3300,10.497415,0.000000,10.497415,0.042210,0.000000,0.042210
637150,100,4.0538,77.500,0.3142,0.3100,10.499568,0.000000,10.499568,0.042219,0.000000,0.042219
637250,100,4.0538,76.250,0.3091,0.3100,10.501686,0.000000,10.501686,0.042227,0.000000,0.042227
637350,100,4.0525,81.250,0.3293,0.3300,10.503943,0.000000,10.503943,0.042236,0.000000,0.042236
637450,100,4.0525,80.000,0.3242,0.3200,10.506165,0.000000,10.506165,0.042245,0.000000,0.042245
637550,100,4.0550,73.750,0.2991,0.3000,10.508214,0.000000,10.508214,0.042254,0.000000,0.042254
637650,100,4.0538,80.000,0.3243,0.3200,10.510436,0.000000,10.510436,0.042263,0.000000,0.042263
637750,100,4.0525,80.000,0.3242,0.3300,10.512658,0.000000,10.512658,0.042272,0.000000,0.042272
637850,100,4.0525,78.750,0.3191,0.3200,10.514845,0.000000,10.514845,0.042281,0.000000,0.042281
637950,100,4.0550,72.500,0.2940,0.2900,10.516859,0.000000,10.516859,0.042289,0.000000,0.042289
638050,100,4.0525,80.000,0.3242,0.3200,10.519082,0.000000,10.519082,0.042298,0.000000,0.042298
638150,100,4.0525,81.250,0.3293,0.3300,10.521339,0.000000,10.521339,0.042307,0.000000,0.042307
638250,100,4.0538,76.250,0.3091,0.3100,10.523457,0.000000,10.523457,0.042316,0.000000,0.042316
638350,100,4.0538,76.250,0.3091,0.3100,10.525575,0.000000,10.525575,0.042324,0.000000,0.042324
638450,100,4.0525,80.000,0.3242,0.3300,10.527797,0.000000,10.527797,0.042333,0.000000,0.042333
638550,100,4.0525,81.250,0.3293,0.3300,10.530054,0.000000,10.530054,0.042342,0.000000,0.042342
638650,100,4.0538,76.250,0.3091,0.3100,10.532172,0.000000,10.532172,0.042351,0.000000,0.042351
638750,100,4.0538,77.500,0.3142,0.3100,10.534325,0.000000,10.534325,0.042360,0.000000,0.042360
638850,100,4.0525,81.250,0.3293,0.3300,10.536582,0.000000,10.536582,0.042369,0.000000,0.042369
638950,100,4.0525,80.000,0.3242,0.3200,10.538804,0.000000,10.538804,0.042378,0.000000,0.042378
639050,100,4.0538,72.500,0.2939,0.2900,10.540818,0.000000,10.540818,0.042386,0.000000,0.042386
639150,100,4.0538,77.500,0.3142,0.3200,10.542970,0.000000,10.542970,0.042395,0.000000,0.042395
639250,100,4.0525,80.000,0.3242,0.3300,10.545193,0.000000,10.545193,0.042404,0.000000,0.042404
639350,100,4.0525,80.000,0.3242,0.3200,10.547415,0.000000,10.547415,0.042413,0.000000,0.042413
639450,100,4.0550,73.750,0.2991,0.3000,10.549464,0.000000,10.549464,0.042421,0.000000,0.042421
639550,100,4.0538,78.750,0.3192,0.3200,10.551651,0.000000,10.551651,0.042430,0.000000,0.042430
639650,100,4.0525,81.250,0.3293,0.3300,10.553908,0.000000,10.553908,0.042439,0.000000,0.042439
639750,100,4.0538,76.250,0.3091,0.3100,10.556026,0.000000,10.556026,0.042448,0.000000,0.042448
639850,100,4.0550,73.750,0.2991,0.3000,10.558075,0.000000,10.558075,0.042456,0.000000,0.042456
#MARK,639853,100,"seg_043_p08_b095_end",10.558075,0.000000,10.558075,0.042456,0.000000,0.042456
639950,100,4.0512,83.750,0.3393,0.3400,10.560401,0.000000,10.560401,0.042465,0.000000,0.042465
640050,100,4.0512,82.500,0.3342,0.3300,10.562693,0.000000,10.562693,0.042475,0.000000,0.042475
640150,100,4.0538,77.500,0.3142,0.3200,10.564845,0.000000,10.564845,0.042483,0.000000,0.042483
640250,100,4.0512,83.750,0.3393,0.3400,10.567172,0.000000,10.567172,0.042493,0.000000,0.042493
640350,100,4.0512,83.750,0.3393,0.3400,10.569498,0.000000,10.569498,0.042502,0.000000,0.042502
640450,100,4.0538,77.500,0.3142,0.3200,10.571651,0.000000,10.571651,0.042511,0.000000,0.042511
640550,100,4.0525,78.750,0.3191,0.3200,10.573839,0.000000,10.573839,0.042520,0.000000,0.042520
640650,100,4.0512,86.250,0.3494,0.3500,10.576234,0.000000,10.576234,0.042529,0.000000,0.042529
640750,100,4.0512,82.500,0.3342,0.3400,10.578526,0.000000,10.578526,0.042539,0.000000,0.042539
640850,100,4.0538,76.250,0.3091,0.3100,10.580644,0.000000,10.580644,0.042547,0.000000,0.042547
640950,100,4.0512,83.750,0.3393,0.3400,10.582970,0.000000,10.582970,0.042557,0.000000,0.042557
#MARK,640971,100,"seg_044_p08_b127_start",10.582970,0.000000,10.582970,0.042557,0.000000,0.042557
641050,100,4.0512,86.250,0.3494,0.3500,10.585366,0.000000,10.585366,0.042566,0.000000,0.042566
641150,100,4.0512,83.750,0.3393,0.3400,10.587693,0.000000,10.587693,0.042576,0.000000,0.042576
641250,100,4.0538,76.250,0.3091,0.3100,10.589811,0.000000,10.589811,0.042584,0.000000,0.042584
641350,100,4.0512,83.750,0.3393,0.3400,10.592137,0.000000,10.592137,0.042594,0.000000,0.042594
641450,100,4.0512,86.250,0.3494,0.3500,10.594533,0.000000,10.594533,0.042604,0.000000,0.042604
641550,100,4.0525,81.250,0.3293,0.3300,10.596790,0.000000,10.596790,0.042613,0.000000,0.042613
641650,100,4.0538,77.500,0.3142,0.3200,10.598943,0.000000,10.598943,0.042621,0.000000,0.042621
641750,100,4.0512,85.000,0.3444,0.3500,10.601304,0.000000,10.601304,0.042631,0.000000,0.042631
641850,100,4.0512,85.000,0.3444,0.3500,10.603665,0.000000,10.603665,0.042641,0.000000,0.042641
641950,100,4.0525,81.250,0.3293,0.3300,10.605922,0.000000,10.605922,0.042650,0.000000,0.042650
642050,100,4.0525,78.750,0.3191,0.3200,10.608109,0.000000,10.608109,0.042659,0.000000,0.042659
642150,100,4.0512,86.250,0.3494,0.3500,10.610505,0.000000,10.610505,0.042668,0.000000,0.042668
642250,100,4.0512,85.000,0.3444,0.3500,10.612866,0.000000,10.612866,0.042678,0.000000,0.042678
642350,100,4.0538,76.250,0.3091,0.3100,10.614984,0.000000,10.614984,0.042686,0.000000,0.042686
642450,100,4.0512,83.750,0.3393,0.3400,10.617311,0.000000,10.617311,0.042696,0.000000,0.042696
642550,100,4.0512,86.250,0.3494,0.3500,10.619707,0.000000,10.619707,0.042706,0.000000,0.042706
642650,100,4.0512,82.500,0.3342,0.3400,10.621998,0.000000,10.621998,0.042715,0.000000,0.042715
642750,100,4.0538,73.750,0.2990,0.3000,10.624047,0.000000,10.624047,0.042723,0.000000,0.042723
642850,100,4.0512,82.500,0.3342,0.3400,10.626339,0.000000,10.626339,0.042732,0.000000,0.042732
642950,100,4.0512,83.750,0.3393,0.3400,10.628665,0.000000,10.628665,0.042742,0.000000,0.042742
643050,100,4.0525,80.000,0.3242,0.3300,10.630887,0.000000,10.630887,0.042751,0.000000,0.042751
643150,100,4.0538,77.500,0.3142,0.3100,10.633040,0.000000,10.633040,0.042760,0.000000,0.042760
643250,100,4.0512,83.750,0.3393,0.3400,10.635366,0.000000,10.635366,0.042769,0.000000,0.042769
643350,100,4.0512,85.000,0.3444,0.3500,10.637727,0.000000,10.637727,0.042779,0.000000,0.042779
643450,100,4.0525,78.750,0.3191,0.3200,10.639915,0.000000,10.639915,0.042787,0.000000,0.042787
643550,100,4.0538,78.750,0.3192,0.3200,10.642102,0.000000,10.642102,0.042796,0.000000,0.042796
643650,100,4.0512,83.750,0.3393,0.3400,10.644429,0.000000,10.644429,0.042806,0.000000,0.042806
643750,100,4.0512,83.750,0.3393,0.3400,10.646755,0.000000,10.646755,0.042815,0.000000,0.042815
643850,100,4.0550,73.750,0.2991,0.3000,10.648804,0.000000,10.648804,0.042824,0.000000,0.042824
643950,100,4.0525,82.500,0.3343,0.3300,10.651095,0.000000,10.651095,0.042833,0.000000,0.042833
644050,100,4.0512,83.750,0.3393,0.3400,10.653422,0.000000,10.653422,0.042842,0.000000,0.042842
644150,100,4.0512,82.500,0.3342,0.3400,10.655714,0.000000,10.655714,0.042852,0.000000,0.042852
644250,100,4.0550,73.750,0.2991,0.3000,10.657762,0.000000,10.657762,0.042860,0.000000,0.042860
644350,100,4.0525,82.500,0.3343,0.3300,10.660054,0.000000,10.660054,0.042869,0.000000,0.042869
644450,100,4.0512,83.750,0.3393,0.3400,10.662380,0.000000,10.662380,0.042879,0.000000,0.042879
644550,100,4.0525,78.750,0.3191,0.3200,10.664568,0.000000,10.664568,0.042887,0.000000,0.042887
644650,100,4.0538,77.500,0.3142,0.3100,10.666720,0.000000,10.666720,0.042896,0.000000,0.042896
644750,100,4.0525,83.750,0.3394,0.3300,10.669047,0.000000,10.669047,0.042906,0.000000,0.042906
644850,100,4.0512,83.750,0.3393,0.3400,10.671373,0.000000,10.671373,0.042915,0.000000,0.042915
644950,100,4.0525,78.750,0.3191,0.3200,10.673561,0.000000,10.673561,0.042924,0.000000,0.042924
645050,100,4.0525,78.750,0.3191,0.3200,10.675748,0.000000,10.675748,0.042933,0.000000,0.042933
645150,100,4.0512,85.000,0.3444,0.3400,10.678109,0.000000,10.678109,0.042942,0.000000,0.042942
645250,100,4.0512,83.750,0.3393,0.3400,10.680436,0.000000,10.680436,0.042952,0.000000,0.042952
645350,100,4.0538,73.750,0.2990,0.3000,10.682484,0.000000,10.682484,0.042960,0.000000,0.042960
645450,100,4.0525,82.500,0.3343,0.3400,10.684776,0.000000,10.684776,0.042969,0.000000,0.042969
645550,100,4.0512,83.750,0.3393,0.3400,10.687102,0.000000,10.687102,0.042979,0.000000,0.042979
645650,100,4.0525,82.500,0.3343,0.3300,10.689394,0.000000,10.689394,0.042988,0.000000,0.042988
645750,100,4.0538,75.000,0.3040,0.3000,10.691477,0.000000,10.691477,0.042996,0.000000,0.042996
645850,100,4.0512,83.750,0.3393,0.3400,10.693804,0.000000,10.693804,0.043006,0.000000,0.043006
645950,100,4.0512,85.000,0.3444,0.3500,10.696165,0.000000,10.696165,0.043015,0.000000,0.043015
646050,100,4.0525,78.750,0.3191,0.3200,10.698352,0.000000,10.698352,0.043024,0.000000,0.043024
646150,100,4.0538,78.750,0.3192,0.3200,10.700540,0.000000,10.700540,0.043033,0.000000,0.043033
#MARK,646220,100,"seg_044_p08_b127_end",10.700540,0.000000,10.700540,0.043033,0.000000,0.043033
646250,100,4.0512,83.750,0.3393,0.3400,10.702866,0.000000,10.702866,0.043043,0.000000,0.043043
646350,100,4.0500,86.250,0.3493,0.3500,10.705262,0.000000,10.705262,0.043052,0.000000,0.043052
646450,100,4.0512,83.750,0.3393,0.3400,10.707589,0.000000,10.707589,0.043062,0.000000,0.043062
646550,100,4.0525,81.250,0.3293,0.3300,10.709845,0.000000,10.709845,0.043071,0.000000,0.043071
646650,100,4.0500,88.750,0.3594,0.3600,10.712311,0.000000,10.712311,0.043081,0.000000,0.043081
646750,100,4.0500,90.000,0.3645,0.3600,10.714811,0.000000,10.714811,0.043091,0.000000,0.043091
646850,100,4.0525,77.500,0.3141,0.3200,10.716964,0.000000,10.716964,0.043100,0.000000,0.043100
646950,100,4.0512,81.250,0.3292,0.3300,10.719220,0.000000,10.719220,0.043109,0.000000,0.043109
647050,100,4.0500,90.000,0.3645,0.3600,10.721720,0.000000,10.721720,0.043119,0.000000,0.043119
647150,100,4.0500,88.750,0.3594,0.3600,10.724186,0.000000,10.724186,0.043129,0.000000,0.043129
647250,100,4.0525,77.500,0.3141,0.3200,10.726339,0.000000,10.726339,0.043138,0.000000,0.043138
647350,100,4.0500,87.500,0.3544,0.3600,10.728769,0.000000,10.728769,0.043148,0.000000,0.043148
#MARK,647361,100,"seg_045_p08_b159_start",10.728769,0.000000,10.728769,0.043148,0.000000,0.043148
647450,100,4.0487,90.000,0.3644,0.3700,10.731269,0.000000,10.731269,0.043158,0.000000,0.043158
647550,100,4.0512,83.750,0.3393,0.3400,10.733595,0.000000,10.733595,0.043167,0.000000,0.043167
647650,100,4.0538,77.500,0.3142,0.3200,10.735748,0.000000,10.735748,0.043176,0.000000,0.043176
647750,100,4.0500,88.750,0.3594,0.3600,10.738214,0.000000,10.738214,0.043186,0.000000,0.043186
647850,100,4.0500,90.000,0.3645,0.3600,10.740714,0.000000,10.740714,0.043196,0.000000,0.043196
647950,100,4.0512,82.500,0.3342,0.3400,10.743005,0.000000,10.743005,0.043205,0.000000,0.043205
648050,100,4.0525,81.250,0.3293,0.3300,10.745262,0.000000,10.745262,0.043214,0.000000,0.043214
648150,100,4.0487,88.750,0.3593,0.3600,10.747727,0.000000,10.747727,0.043224,0.000000,0.043224
648250,100,4.0500,87.500,0.3544,0.3600,10.750158,0.000000,10.750158,0.043234,0.000000,0.043234
648350,100,4.0512,81.250,0.3292,0.3300,10.752415,0.000000,10.752415,0.043243,0.000000,0.043243
648450,100,4.0512,82.500,0.3342,0.3400,10.754707,0.000000,10.754707,0.043253,0.000000,0.043253
648550,100,4.0487,90.000,0.3644,0.3700,10.757207,0.000000,10.757207,0.043263,0.000000,0.043263
648650,100,4.0500,87.500,0.3544,0.3500,10.759637,0.000000,10.759637,0.043273,0.000000,0.043273
648750,100,4.0538,77.500,0.3142,0.3200,10.761790,0.000000,10.761790,0.043281,0.000000,0.043281
648850,100,4.0500,87.500,0.3544,0.3600,10.764220,0.000000,10.764220,0.043291,0.000000,0.043291
648950,100,4.0487,90.000,0.3644,0.3700,10.766720,0.000000,10.766720,0.043301,0.000000,0.043301
649050,100,4.0500,86.250,0.3493,0.3500,10.769116,0.000000,10.769116,0.043311,0.000000,0.043311
649150,100,4.0538,76.250,0.3091,0.3100,10.771234,0.000000,10.771234,0.043320,0.000000,0.043320
649250,100,4.0500,86.250,0.3493,0.3500,10.773630,0.000000,10.773630,0.043329,0.000000,0.043329
649350,100,4.0500,87.500,0.3544,0.3600,10.776061,0.000000,10.776061,0.043339,0.000000,0.043339
649450,100,4.0512,80.000,0.3241,0.3300,10.778283,0.000000,10.778283,0.043348,0.000000,0.043348
649550,100,4.0525,80.000,0.3242,0.3200,10.780505,0.000000,10.780505,0.043357,0.000000,0.043357
649650,100,4.0500,87.500,0.3544,0.3600,10.782936,0.000000,10.782936,0.043367,0.000000,0.043367
649750,100,4.0500,87.500,0.3544,0.3600,10.785366,0.000000,10.785366,0.043377,0.000000,0.043377
649850,100,4.0525,80.000,0.3242,0.3200,10.787589,0.000000,10.787589,0.043386,0.000000,0.043386
649950,100,4.0525,81.250,0.3293,0.3300,10.789845,0.000000,10.789845,0.043395,0.000000,0.043395
650050,100,4.0500,87.500,0.3544,0.3600,10.792276,0.000000,10.792276,0.043405,0.000000,0.043405
650150,100,4.0500,86.250,0.3493,0.3500,10.794672,0.000000,10.794672,0.043414,0.000000,0.043414
650250,100,4.0538,76.250,0.3091,0.3100,10.796790,0.000000,10.796790,0.043423,0.000000,0.043423
650350,100,4.0500,86.250,0.3493,0.3500,10.799186,0.000000,10.799186,0.043433,0.000000,0.043433
650450,100,4.0500,87.500,0.3544,0.3600,10.801616,0.000000,10.801616,0.043443,0.000000,0.043443
650550,100,4.0500,85.000,0.3443,0.3500,10.803977,0.000000,10.803977,0.043452,0.000000,0.043452
650650,100,4.0538,76.250,0.3091,0.3100,10.806095,0.000000,10.806095,0.043461,0.000000,0.043461
650750,100,4.0500,86.250,0.3493,0.3500,10.808491,0.000000,10.808491,0.043470,0.000000,0.043470
650850,100,4.0500,88.750,0.3594,0.3600,10.810957,0.000000,10.810957,0.043480,0.000000,0.043480
650950,100,4.0525,80.000,0.3242,0.3200,10.813179,0.000000,10.813179,0.043489,0.000000,0.043489
651050,100,4.0525,80.000,0.3242,0.3300,10.815401,0.000000,10.815401,0.043498,0.000000,0.043498
651150,100,4.0500,87.500,0.3544,0.3600,10.817832,0.000000,10.817832,0.043508,0.000000,0.043508
651250,100,4.0500,87.500,0.3544,0.3600,10.820262,0.000000,10.820262,0.043518,0.000000,0.043518
651350,100,4.0525,78.750,0.3191,0.3200,10.822450,0.000000,10.822450,0.043527,0.000000,0.043527
651450,100,4.0512,82.500,0.3342,0.3300,10.824741,0.000000,10.824741,0.043536,0.000000,0.043536
651550,100,4.0500,88.750,0.3594,0.3600,10.827207,0.000000,10.827207,0.043546,0.000000,0.043546
651650,100,4.0500,86.250,0.3493,0.3500,10.829602,0.000000,10.829602,0.043556,0.000000,0.043556
651750,100,4.0538,76.250,0.3091,0.3100,10.831720,0.000000,10.831720,0.043565,0.000000,0.043565
651850,100,4.0512,85.000,0.3444,0.3400,10.834082,0.000000,10.834082,0.043574,0.000000,0.043574
651950,100,4.0500,87.500,0.3544,0.3600,10.836512,0.000000,10.836512,0.043584,0.000000,0.043584
652050,100,4.0512,85.000,0.3444,0.3500,10.838873,0.000000,10.838873,0.043594,0.000000,0.043594
652150,100,4.0538,76.250,0.3091,0.3100,10.840991,0.000000,10.840991,0.043602,0.000000,0.043602
652250,100,4.0512,85.000,0.3444,0.3500,10.843352,0.000000,10.843352,0.043612,0.000000,0.043612
652350,100,4.0500,87.500,0.3544,0.3600,10.845783,0.000000,10.845783,0.043622,0.000000,0.043622
652450,100,4.0525,80.000,0.3242,0.3200,10.848005,0.000000,10.848005,0.043631,0.000000,0.043631
652550,100,4.0538,81.250,0.3294,0.3300,10.850262,0.000000,10.850262,0.043640,0.000000,0.043640
#MARK,652609,100,"seg_045_p08_b159_end",10.850262,0.000000,10.850262,0.043640,0.000000,0.043640
652650,100,4.0500,87.500,0.3544,0.3600,10.852693,0.000000,10.852693,0.043650,0.000000,0.043650
652750,100,4.0487,91.250,0.3694,0.3700,10.855227,0.000000,10.855227,0.043660,0.000000,0.043660
652850,100,4.0512,85.000,0.3444,0.3400,10.857589,0.000000,10.857589,0.043669,0.000000,0.043669
652950,100,4.0512,85.000,0.3444,0.3400,10.859950,0.000000,10.859950,0.043679,0.000000,0.043679
653050,100,4.0487,91.250,0.3694,0.3700,10.862484,0.000000,10.862484,0.043689,0.000000,0.043689
653150,100,4.0487,92.500,0.3745,0.3700,10.865054,0.000000,10.865054,0.043700,0.000000,0.043700
653250,100,4.0512,77.500,0.3140,0.3200,10.867207,0.000000,10.867207,0.043708,0.000000,0.043708
653350,100,4.0500,86.250,0.3493,0.3500,10.869602,0.000000,10.869602,0.043718,0.000000,0.043718
653450,100,4.0487,92.500,0.3745,0.3700,10.872172,0.000000,10.872172,0.043728,0.000000,0.043728
653550,100,4.0500,90.000,0.3645,0.3600,10.874672,0.000000,10.874672,0.043739,0.000000,0.043739
653650,100,4.0525,78.750,0.3191,0.3200,10.876859,0.000000,10.876859,0.043747,0.000000,0.043747
#MARK,653749,100,"seg_046_p08_b191_start",10.876859,0.000000,10.876859,0.043747,0.000000,0.043747
653750,100,4.0487,91.250,0.3694,0.3700,10.879394,0.000000,10.879394,0.043758,0.000000,0.043758
653850,100,4.0487,92.500,0.3745,0.3700,10.881964,0.000000,10.881964,0.043768,0.000000,0.043768
653950,100,4.0500,85.000,0.3443,0.3400,10.884325,0.000000,10.884325,0.043778,0.000000,0.043778
654050,100,4.0525,78.750,0.3191,0.3200,10.886512,0.000000,10.886512,0.043787,0.000000,0.043787
654150,100,4.0487,92.500,0.3745,0.3700,10.889082,0.000000,10.889082,0.043797,0.000000,0.043797
654250,100,4.0475,92.500,0.3744,0.3700,10.891651,0.000000,10.891651,0.043807,0.000000,0.043807
654350,100,4.0512,83.750,0.3393,0.3400,10.893977,0.000000,10.893977,0.043817,0.000000,0.043817
654450,100,4.0512,85.000,0.3444,0.3500,10.896339,0.000000,10.896339,0.043826,0.000000,0.043826
654550,100,4.0475,92.500,0.3744,0.3700,10.898908,0.000000,10.898908,0.043837,0.000000,0.043837
654650,100,4.0487,91.250,0.3694,0.3700,10.901443,0.000000,10.901443,0.043847,0.000000,0.043847
654750,100,4.0512,81.250,0.3292,0.3300,10.903700,0.000000,10.903700,0.043856,0.000000,0.043856
654850,100,4.0500,86.250,0.3493,0.3500,10.906095,0.000000,10.906095,0.043866,0.000000,0.043866
654950,100,4.0475,93.750,0.3795,0.3800,10.908700,0.000000,10.908700,0.043876,0.000000,0.043876
655050,100,4.0487,90.000,0.3644,0.3600,10.911200,0.000000,10.911200,0.043886,0.000000,0.043886
655150,100,4.0525,78.750,0.3191,0.3200,10.913387,0.000000,10.913387,0.043895,0.000000,0.043895
655250,100,4.0487,91.250,0.3694,0.3700,10.915922,0.000000,10.915922,0.043906,0.000000,0.043906
655350,100,4.0475,93.750,0.3795,0.3700,10.918526,0.000000,10.918526,0.043916,0.000000,0.043916
655450,100,4.0500,87.500,0.3544,0.3600,10.920957,0.000000,10.920957,0.043926,0.000000,0.043926
655550,100,4.0525,78.750,0.3191,0.3200,10.923144,0.000000,10.923144,0.043935,0.000000,0.043935
655650,100,4.0487,90.000,0.3644,0.3600,10.925644,0.000000,10.925644,0.043945,0.000000,0.043945
655750,100,4.0487,91.250,0.3694,0.3700,10.928179,0.000000,10.928179,0.043955,0.000000,0.043955
655850,100,4.0512,81.250,0.3292,0.3300,10.930436,0.000000,10.930436,0.043964,0.000000,0.043964
655950,100,4.0512,83.750,0.3393,0.3400,10.932762,0.000000,10.932762,0.043974,0.000000,0.043974
656050,100,4.0487,92.500,0.3745,0.3700,10.935332,0.000000,10.935332,0.043984,0.000000,0.043984
656150,100,4.0487,92.500,0.3745,0.3700,10.937901,0.000000,10.937901,0.043995,0.000000,0.043995
656250,100,4.0512,80.000,0.3241,0.3300,10.940123,0.000000,10.940123,0.044004,0.000000,0.044004
656350,100,4.0512,85.000,0.3444,0.3500,10.942484,0.000000,10.942484,0.044013,0.000000,0.044013
656450,100,4.0487,92.500,0.3745,0.3700,10.945054,0.000000,10.945054,0.044024,0.000000,0.044024
656550,100,4.0500,87.500,0.3544,0.3600,10.947484,0.000000,10.947484,0.044033,0.000000,0.044033
656650,100,4.0525,77.500,0.3141,0.3200,10.949637,0.000000,10.949637,0.044042,0.000000,0.044042
656750,100,4.0500,90.000,0.3645,0.3600,10.952137,0.000000,10.952137,0.044052,0.000000,0.044052
656850,100,4.0475,92.500,0.3744,0.3700,10.954707,0.000000,10.954707,0.044063,0.000000,0.044063
656950,100,4.0500,86.250,0.3493,0.3500,10.957102,0.000000,10.957102,0.044072,0.000000,0.044072
657050,100,4.0525,77.500,0.3141,0.3200,10.959255,0.000000,10.959255,0.044081,0.000000,0.044081
657150,100,4.0487,91.250,0.3694,0.3700,10.961790,0.000000,10.961790,0.044091,0.000000,0.044091
657250,100,4.0487,91.250,0.3694,0.3700,10.964325,0.000000,10.964325,0.044102,0.000000,0.044102
657350,100,4.0512,81.250,0.3292,0.3300,10.966582,0.000000,10.966582,0.044111,0.000000,0.044111
657450,100,4.0512,83.750,0.3393,0.3400,10.968908,0.000000,10.968908,0.044120,0.000000,0.044120
657550,100,4.0487,91.250,0.3694,0.3700,10.971443,0.000000,10.971443,0.044130,0.000000,0.044130
657650,100,4.0487,91.250,0.3694,0.3700,10.973977,0.000000,10.973977,0.044141,0.000000,0.044141
657750,100,4.0525,80.000,0.3242,0.3200,10.976200,0.000000,10.976200,0.044150,0.000000,0.044150
657850,100,4.0512,86.250,0.3494,0.3500,10.978595,0.000000,10.978595,0.044159,0.000000,0.044159
657950,100,4.0487,91.250,0.3694,0.3700,10.981130,0.000000,10.981130,0.044170,0.000000,0.044170
658050,100,4.0487,88.750,0.3593,0.3600,10.983595,0.000000,10.983595,0.044180,0.000000,0.044180
658150,100,4.0525,77.500,0.3141,0.3100,10.985748,0.000000,10.985748,0.044188,0.000000,0.044188
658250,100,4.0500,85.000,0.3443,0.3400,10.988109,0.000000,10.988109,0.044198,0.000000,0.044198
658350,100,4.0487,91.250,0.3694,0.3700,10.990644,0.000000,10.990644,0.044208,0.000000,0.044208
658450,100,4.0500,87.500,0.3544,0.3600,10.993075,0.000000,10.993075,0.044218,0.000000,0.044218
658550,100,4.0525,78.750,0.3191,0.3200,10.995262,0.000000,10.995262,0.044227,0.000000,0.044227
658650,100,4.0487,90.000,0.3644,0.3600,10.997762,0.000000,10.997762,0.044237,0.000000,0.044237
658750,100,4.0487,92.500,0.3745,0.3700,11.000332,0.000000,11.000332,0.044247,0.000000,0.044247
658850,100,4.0525,80.000,0.3242,0.3200,11.002554,0.000000,11.002554,0.044256,0.000000,0.044256
658950,100,4.0525,86.250,0.3495,0.3200,11.004950,0.000000,11.004950,0.044266,0.000000,0.044266
#MARK,658994,100,"seg_046_p08_b191_end",11.004950,0.000000,11.004950,0.044266,0.000000,0.044266
659050,100,4.0487,91.250,0.3694,0.3700,11.007484,0.000000,11.007484,0.044276,0.000000,0.044276
659150,100,4.0475,95.000,0.3845,0.3800,11.010123,0.000000,11.010123,0.044287,0.000000,0.044287
659250,100,4.0525,78.750,0.3191,0.3200,11.012311,0.000000,11.012311,0.044296,0.000000,0.044296
659350,100,4.0487,91.250,0.3694,0.3700,11.014845,0.000000,11.014845,0.044306,0.000000,0.044306
659450,100,4.0462,97.500,0.3945,0.3900,11.017554,0.000000,11.017554,0.044317,0.000000,0.044317
659550,100,4.0475,91.250,0.3693,0.3700,11.020089,0.000000,11.020089,0.044327,0.000000,0.044327
659650,100,4.0525,82.500,0.3343,0.3400,11.022380,0.000000,11.022380,0.044337,0.000000,0.044337
659750,100,4.0487,90.000,0.3644,0.3600,11.024880,0.000000,11.024880,0.044347,0.000000,0.044347
659850,100,4.0475,97.500,0.3946,0.3900,11.027589,0.000000,11.027589,0.044358,0.000000,0.044358
659950,100,4.0487,88.750,0.3593,0.3600,11.030054,0.000000,11.030054,0.044368,0.000000,0.044368
660050,100,4.0512,85.000,0.3444,0.3500,11.032415,0.000000,11.032415,0.044377,0.000000,0.044377
#MARK,660112,100,"seg_047_p08_b223_start",11.032415,0.000000,11.032415,0.044377,0.000000,0.044377
660150,100,4.0462,96.250,0.3895,0.3900,11.035089,0.000000,11.035089,0.044388,0.000000,0.044388
660250,100,4.0462,97.500,0.3945,0.4000,11.037797,0.000000,11.037797,0.044399,0.000000,0.044399
660350,100,4.0500,80.000,0.3240,0.3300,11.040019,0.000000,11.040019,0.044408,0.000000,0.044408
660450,100,4.0500,87.500,0.3544,0.3500,11.042450,0.000000,11.042450,0.044418,0.000000,0.044418
660550,100,4.0462,96.250,0.3895,0.3900,11.045123,0.000000,11.045123,0.044429,0.000000,0.044429
660650,100,4.0475,92.500,0.3744,0.3700,11.047693,0.000000,11.047693,0.044439,0.000000,0.044439
660750,100,4.0525,78.750,0.3191,0.3200,11.049880,0.000000,11.049880,0.044448,0.000000,0.044448
660850,100,4.0475,93.750,0.3795,0.3800,11.052484,0.000000,11.052484,0.044459,0.000000,0.044459
660950,100,4.0462,97.500,0.3945,0.3900,11.055193,0.000000,11.055193,0.044470,0.000000,0.044470
661050,100,4.0475,88.750,0.3592,0.3600,11.057658,0.000000,11.057658,0.044480,0.000000,0.044480
661150,100,4.0525,80.000,0.3242,0.3200,11.059880,0.000000,11.059880,0.044489,0.000000,0.044489
661250,100,4.0475,95.000,0.3845,0.3800,11.062519,0.000000,11.062519,0.044499,0.000000,0.044499
661350,100,4.0462,97.500,0.3945,0.3900,11.065227,0.000000,11.065227,0.044510,0.000000,0.044510
661450,100,4.0500,87.500,0.3544,0.3600,11.067658,0.000000,11.067658,0.044520,0.000000,0.044520
661550,100,4.0500,85.000,0.3443,0.3500,11.070019,0.000000,11.070019,0.044530,0.000000,0.044530
661650,100,4.0475,97.500,0.3946,0.3900,11.072727,0.000000,11.072727,0.044541,0.000000,0.044541
661750,100,4.0475,96.250,0.3896,0.3800,11.075401,0.000000,11.075401,0.044551,0.000000,0.044551
661850,100,4.0500,83.750,0.3392,0.3400,11.077727,0.000000,11.077727,0.044561,0.000000,0.044561
661950,100,4.0500,85.000,0.3443,0.3500,11.080089,0.000000,11.080089,0.044570,0.000000,0.044570
662050,100,4.0475,95.000,0.3845,0.3800,11.082727,0.000000,11.082727,0.044581,0.000000,0.044581
662150,100,4.0475,92.500,0.3744,0.3700,11.085297,0.000000,11.085297,0.044591,0.000000,0.044591
662250,100,4.0525,77.500,0.3141,0.3200,11.087450,0.000000,11.087450,0.044600,0.000000,0.044600
662350,100,4.0475,92.500,0.3744,0.3700,11.090019,0.000000,11.090019,0.044611,0.000000,0.044611
662450,100,4.0462,95.000,0.3844,0.3900,11.092658,0.000000,11.092658,0.044621,0.000000,0.044621
662550,100,4.0487,91.250,0.3694,0.3700,11.095193,0.000000,11.095193,0.044632,0.000000,0.044632
662650,100,4.0512,78.750,0.3190,0.3200,11.097380,0.000000,11.097380,0.044640,0.000000,0.044640
662750,100,4.0475,93.750,0.3795,0.3700,11.099984,0.000000,11.099984,0.044651,0.000000,0.044651
662850,100,4.0462,96.250,0.3895,0.3900,11.102658,0.000000,11.102658,0.044662,0.000000,0.044662
662950,100,4.0500,86.250,0.3493,0.3500,11.105054,0.000000,11.105054,0.044671,0.000000,0.044671
663050,100,4.0500,83.750,0.3392,0.3400,11.107380,0.000000,11.107380,0.044681,0.000000,0.044681
663150,100,4.0475,95.000,0.3845,0.3900,11.110019,0.000000,11.110019,0.044692,0.000000,0.044692
663250,100,4.0462,95.000,0.3844,0.3900,11.112658,0.000000,11.112658,0.044702,0.000000,0.044702
663350,100,4.0500,83.750,0.3392,0.3400,11.114984,0.000000,11.114984,0.044712,0.000000,0.044712
663450,100,4.0500,85.000,0.3443,0.3500,11.117345,0.000000,11.117345,0.044721,0.000000,0.044721
663550,100,4.0475,95.000,0.3845,0.3800,11.119984,0.000000,11.119984,0.044732,0.000000,0.044732
663650,100,4.0475,92.500,0.3744,0.3700,11.122554,0.000000,11.122554,0.044742,0.000000,0.044742
663750,100,4.0525,77.500,0.3141,0.3200,11.124707,0.000000,11.124707,0.044751,0.000000,0.044751
663850,100,4.0487,92.500,0.3745,0.3700,11.127276,0.000000,11.127276,0.044761,0.000000,0.044761
663950,100,4.0475,96.250,0.3896,0.3900,11.129950,0.000000,11.129950,0.044772,0.000000,0.044772
664050,100,4.0475,92.500,0.3744,0.3700,11.132519,0.000000,11.132519,0.044783,0.000000,0.044783
664150,100,4.0525,78.750,0.3191,0.3200,11.134707,0.000000,11.134707,0.044792,0.000000,0.044792
664250,100,4.0475,93.750,0.3795,0.3800,11.137311,0.000000,11.137311,0.044802,0.000000,0.044802
664350,100,4.0462,96.250,0.3895,0.3900,11.139984,0.000000,11.139984,0.044813,0.000000,0.044813
664450,100,4.0500,85.000,0.3443,0.3400,11.142345,0.000000,11.142345,0.044822,0.000000,0.044822
664550,100,4.0500,83.750,0.3392,0.3400,11.144672,0.000000,11.144672,0.044832,0.000000,0.044832
664650,100,4.0475,93.750,0.3795,0.3700,11.147276,0.000000,11.147276,0.044842,0.000000,0.044842
664750,100,4.0462,95.000,0.3844,0.3800,11.149915,0.000000,11.149915,0.044853,0.000000,0.044853
664850,100,4.0512,82.500,0.3342,0.3300,11.152207,0.000000,11.152207,0.044862,0.000000,0.044862
664950,100,4.0500,86.250,0.3493,0.3500,11.154602,0.000000,11.154602,0.044872,0.000000,0.044872
665050,100,4.0475,95.000,0.3845,0.3800,11.157241,0.000000,11.157241,0.044883,0.000000,0.044883
665150,100,4.0475,93.750,0.3795,0.3800,11.159845,0.000000,11.159845,0.044893,0.000000,0.044893
665250,100,4.0525,77.500,0.3141,0.3200,11.161998,0.000000,11.161998,0.044902,0.000000,0.044902
665350,100,4.0487,88.750,0.3593,0.3600,11.164464,0.000000,11.164464,0.044912,0.000000,0.044912
#MARK,665360,100,"seg_047_p08_b223_end",11.164464,0.000000,11.164464,0.044912,0.000000,0.044912
665450,100,4.0487,90.000,0.3644,0.3700,11.166964,0.000000,11.166964,0.044922,0.000000,0.044922
665550,100,4.0462,96.250,0.3895,0.3900,11.169637,0.000000,11.169637,0.044933,0.000000,0.044933
665650,100,4.0512,81.250,0.3292,0.3300,11.171894,0.000000,11.171894,0.044942,0.000000,0.044942
665750,100,4.0462,97.500,0.3945,0.4000,11.174602,0.000000,11.174602,0.044953,0.000000,0.044953
665850,100,4.0450,101.250,0.4096,0.4100,11.177415,0.000000,11.177415,0.044964,0.000000,0.044964
665950,100,4.0475,90.000,0.3643,0.3600,11.179915,0.000000,11.179915,0.044975,0.000000,0.044975
666050,100,4.0512,81.250,0.3292,0.3300,11.182172,0.000000,11.182172,0.044984,0.000000,0.044984
666150,100,4.0462,98.750,0.3996,0.4000,11.184915,0.000000,11.184915,0.044995,0.000000,0.044995
666250,100,4.0450,101.250,0.4096,0.4100,11.187727,0.000000,11.187727,0.045006,0.000000,0.045006
666350,100,4.0487,88.750,0.3593,0.3600,11.190193,0.000000,11.190193,0.045016,0.000000,0.045016
666450,100,4.0487,88.750,0.3593,0.3600,11.192658,0.000000,11.192658,0.045026,0.000000,0.045026
#MARK,666484,100,"seg_048_p08_b255_start",11.192658,0.000000,11.192658,0.045026,0.000000,0.045026
666550,100,4.0450,100.000,0.4045,0.4100,11.195436,0.000000,11.195436,0.045037,0.000000,0.045037
666650,100,4.0450,100.000,0.4045,0.4000,11.198214,0.000000,11.198214,0.045049,0.000000,0.045049
666750,100,4.0500,81.250,0.3291,0.3500,11.200470,0.000000,11.200470,0.045058,0.000000,0.045058
666850,100,4.0475,91.250,0.3693,0.3700,11.203005,0.000000,11.203005,0.045068,0.000000,0.045068
666950,100,4.0450,100.000,0.4045,0.4100,11.205783,0.000000,11.205783,0.045079,0.000000,0.045079
667050,100,4.0462,97.500,0.3945,0.3900,11.208491,0.000000,11.208491,0.045090,0.000000,0.045090
667150,100,4.0512,81.250,0.3292,0.3300,11.210748,0.000000,11.210748,0.045099,0.000000,0.045099
667250,100,4.0462,97.500,0.3945,0.3900,11.213457,0.000000,11.213457,0.045110,0.000000,0.045110
667350,100,4.0450,101.250,0.4096,0.4100,11.216269,0.000000,11.216269,0.045122,0.000000,0.045122
667450,100,4.0462,88.750,0.3591,0.3600,11.218734,0.000000,11.218734,0.045132,0.000000,0.045132
667550,100,4.0500,82.500,0.3341,0.3300,11.221026,0.000000,11.221026,0.045141,0.000000,0.045141
667650,100,4.0462,98.750,0.3996,0.4000,11.223769,0.000000,11.223769,0.045152,0.000000,0.045152
667750,100,4.0450,101.250,0.4096,0.4100,11.226582,0.000000,11.226582,0.045163,0.000000,0.045163
667850,100,4.0500,87.500,0.3544,0.3500,11.229012,0.000000,11.229012,0.045173,0.000000,0.045173
667950,100,4.0475,91.250,0.3693,0.3700,11.231547,0.000000,11.231547,0.045183,0.000000,0.045183
668050,100,4.0450,100.000,0.4045,0.4100,11.234325,0.000000,11.234325,0.045195,0.000000,0.045195
668150,100,4.0450,100.000,0.4045,0.4000,11.237102,0.000000,11.237102,0.045206,0.000000,0.045206
668250,100,4.0500,82.500,0.3341,0.3400,11.239394,0.000000,11.239394,0.045215,0.000000,0.045215
668350,100,4.0475,92.500,0.3744,0.3700,11.241964,0.000000,11.241964,0.045226,0.000000,0.045226
668450,100,4.0450,100.000,0.4045,0.4000,11.244741,0.000000,11.244741,0.045237,0.000000,0.045237
668550,100,4.0462,95.000,0.3844,0.3900,11.247380,0.000000,11.247380,0.045248,0.000000,0.045248
668650,100,4.0512,78.750,0.3190,0.3200,11.249568,0.000000,11.249568,0.045256,0.000000,0.045256
668750,100,4.0462,97.500,0.3945,0.4000,11.252276,0.000000,11.252276,0.045267,0.000000,0.045267
668850,100,4.0462,97.500,0.3945,0.4000,11.254984,0.000000,11.254984,0.045278,0.000000,0.045278
668950,100,4.0475,92.500,0.3744,0.3800,11.257554,0.000000,11.257554,0.045289,0.000000,0.045289
669050,100,4.0512,81.250,0.3292,0.3300,11.259811,0.000000,11.259811,0.045298,0.000000,0.045298
669150,100,4.0462,98.750,0.3996,0.4000,11.262554,0.000000,11.262554,0.045309,0.000000,0.045309
669250,100,4.0450,100.000,0.4045,0.4000,11.265332,0.000000,11.265332,0.045320,0.000000,0.045320
669350,100,4.0500,83.750,0.3392,0.3400,11.267658,0.000000,11.267658,0.045330,0.000000,0.045330
669450,100,4.0487,90.000,0.3644,0.3600,11.270158,0.000000,11.270158,0.045340,0.000000,0.045340
669550,100,4.0450,100.000,0.4045,0.4100,11.272936,0.000000,11.272936,0.045351,0.000000,0.045351
669650,100,4.0450,98.750,0.3994,0.4000,11.275679,0.000000,11.275679,0.045362,0.000000,0.045362
669750,100,4.0512,81.250,0.3292,0.3300,11.277936,0.000000,11.277936,0.045371,0.000000,0.045371
669850,100,4.0475,92.500,0.3744,0.3700,11.280505,0.000000,11.280505,0.045382,0.000000,0.045382
669950,100,4.0450,100.000,0.4045,0.4000,11.283283,0.000000,11.283283,0.045393,0.000000,0.045393
670050,100,4.0475,93.750,0.3795,0.3800,11.285887,0.000000,11.285887,0.045403,0.000000,0.045403
670150,100,4.0512,80.000,0.3241,0.3300,11.288109,0.000000,11.288109,0.045412,0.000000,0.045412
670250,100,4.0462,97.500,0.3945,0.4000,11.290818,0.000000,11.290818,0.045423,0.000000,0.045423
670350,100,4.0450,100.000,0.4045,0.4000,11.293595,0.000000,11.293595,0.045435,0.000000,0.045435
670450,100,4.0475,92.500,0.3744,0.3800,11.296165,0.000000,11.296165,0.045445,0.000000,0.045445
670550,100,4.0500,82.500,0.3341,0.3300,11.298457,0.000000,11.298457,0.045454,0.000000,0.045454
670650,100,4.0450,97.500,0.3944,0.4000,11.301165,0.000000,11.301165,0.045465,0.000000,0.045465
670750,100,4.0450,100.000,0.4045,0.4000,11.303943,0.000000,11.303943,0.045476,0.000000,0.045476
670850,100,4.0500,82.500,0.3341,0.3400,11.306234,0.000000,11.306234,0.045486,0.000000,0.045486
670950,100,4.0487,88.750,0.3593,0.3600,11.308700,0.000000,11.308700,0.045496,0.000000,0.045496
671050,100,4.0450,98.750,0.3994,0.4000,11.311443,0.000000,11.311443,0.045507,0.000000,0.045507
671150,100,4.0450,98.750,0.3994,0.4000,11.314186,0.000000,11.314186,0.045518,0.000000,0.045518
671250,100,4.0512,81.250,0.3292,0.3300,11.316443,0.000000,11.316443,0.045527,0.000000,0.045527
671350,100,4.0475,91.250,0.3693,0.3700,11.318977,0.000000,11.318977,0.045537,0.000000,0.045537
671450,100,4.0450,100.000,0.4045,0.4000,11.321755,0.000000,11.321755,0.045549,0.000000,0.045549
671550,100,4.0475,92.500,0.3744,0.3700,11.324325,0.000000,11.324325,0.045559,0.000000,0.045559
671650,100,4.0512,81.250,0.3292,0.3300,11.326582,0.000000,11.326582,0.045568,0.000000,0.045568
#MARK,671734,100,"seg_048_p08_b255_end",11.326582,0.000000,11.326582,0.045568,0.000000,0.045568
671750,100,4.0475,93.750,0.3795,0.3800,11.329186,0.000000,11.329186,0.045579,0.000000,0.045579
671850,100,4.0475,92.500,0.3744,0.3800,11.331755,0.000000,11.331755,0.045589,0.000000,0.045589
671950,100,4.0475,91.250,0.3693,0.3700,11.334290,0.000000,11.334290,0.045599,0.000000,0.045599
672050,100,4.0475,91.250,0.3693,0.3600,11.336825,0.000000,11.336825,0.045610,0.000000,0.045610
672150,100,4.0475,91.250,0.3693,0.3700,11.339359,0.000000,11.339359,0.045620,0.000000,0.045620
672250,100,4.0475,90.000,0.3643,0.3700,11.341859,0.000000,11.341859,0.045630,0.000000,0.045630
672350,100,4.0475,91.250,0.3693,0.3700,11.344394,0.000000,11.344394,0.045640,0.000000,0.045640
672450,100,4.0475,90.000,0.3643,0.3600,11.346894,0.000000,11.346894,0.045650,0.000000,0.045650
672550,100,4.0475,91.250,0.3693,0.3700,11.349429,0.000000,11.349429,0.045661,0.000000,0.045661
672650,100,4.0475,90.000,0.3643,0.3700,11.351929,0.000000,11.351929,0.045671,0.000000,0.045671
672750,100,4.0487,91.250,0.3694,0.3700,11.354464,0.000000,11.354464,0.045681,0.000000,0.045681
672850,100,4.0475,91.250,0.3693,0.3700,11.356998,0.000000,11.356998,0.045691,0.000000,0.045691
#MARK,672861,100,"seg_049_p09_b095_start",11.356998,0.000000,11.356998,0.045691,0.000000,0.045691
672950,100,4.0475,91.250,0.3693,0.3700,11.359533,0.000000,11.359533,0.045701,0.000000,0.045701
673050,100,4.0475,91.250,0.3693,0.3700,11.362068,0.000000,11.362068,0.045712,0.000000,0.045712
673150,100,4.0475,91.250,0.3693,0.3700,11.364602,0.000000,11.364602,0.045722,0.000000,0.045722
673250,100,4.0475,91.250,0.3693,0.3700,11.367137,0.000000,11.367137,0.045732,0.000000,0.045732
673350,100,4.0475,90.000,0.3643,0.3700,11.369637,0.000000,11.369637,0.045742,0.000000,0.045742
673450,100,4.0475,91.250,0.3693,0.3700,11.372172,0.000000,11.372172,0.045753,0.000000,0.045753
673550,100,4.0475,90.000,0.3643,0.3700,11.374672,0.000000,11.374672,0.045763,0.000000,0.045763
673650,100,4.0475,91.250,0.3693,0.3700,11.377207,0.000000,11.377207,0.045773,0.000000,0.045773
673750,100,4.0475,90.000,0.3643,0.3600,11.379707,0.000000,11.379707,0.045783,0.000000,0.045783
673850,100,4.0475,91.250,0.3693,0.3700,11.382241,0.000000,11.382241,0.045793,0.000000,0.045793
673950,100,4.0475,91.250,0.3693,0.3700,11.384776,0.000000,11.384776,0.045804,0.000000,0.045804
674050,100,4.0475,91.250,0.3693,0.3700,11.387311,0.000000,11.387311,0.045814,0.000000,0.045814
674150,100,4.0475,91.250,0.3693,0.3700,11.389845,0.000000,11.389845,0.045824,0.000000,0.045824
674250,100,4.0475,91.250,0.3693,0.3700,11.392380,0.000000,11.392380,0.045834,0.000000,0.045834
674350,100,4.0475,90.000,0.3643,0.3700,11.394880,0.000000,11.394880,0.045845,0.000000,0.045845
674450,100,4.0475,91.250,0.3693,0.3700,11.397415,0.000000,11.397415,0.045855,0.000000,0.045855
674550,100,4.0475,90.000,0.3643,0.3700,11.399915,0.000000,11.399915,0.045865,0.000000,0.045865
674650,100,4.0475,88.750,0.3592,0.3600,11.402380,0.000000,11.402380,0.045875,0.000000,0.045875
674750,100,4.0475,88.750,0.3592,0.3600,11.404845,0.000000,11.404845,0.045885,0.000000,0.045885
674850,100,4.0475,90.000,0.3643,0.3600,11.407345,0.000000,11.407345,0.045895,0.000000,0.045895
674950,100,4.0487,88.750,0.3593,0.3600,11.409811,0.000000,11.409811,0.045905,0.000000,0.045905
675050,100,4.0475,88.750,0.3592,0.3600,11.412276,0.000000,11.412276,0.045915,0.000000,0.045915
675150,100,4.0487,88.750,0.3593,0.3600,11.414741,0.000000,11.414741,0.045925,0.000000,0.045925
675250,100,4.0487,88.750,0.3593,0.3600,11.417207,0.000000,11.417207,0.045935,0.000000,0.045935
675350,100,4.0475,90.000,0.3643,0.3600,11.419707,0.000000,11.419707,0.045945,0.000000,0.045945
675450,100,4.0475,88.750,0.3592,0.3600,11.422172,0.000000,11.422172,0.045955,0.000000,0.045955
675550,100,4.0475,90.000,0.3643,0.3600,11.424672,0.000000,11.424672,0.045965,0.000000,0.045965
675650,100,4.0487,90.000,0.3644,0.3600,11.427172,0.000000,11.427172,0.045975,0.000000,0.045975
675750,100,4.0487,90.000,0.3644,0.3600,11.429672,0.000000,11.429672,0.045985,0.000000,0.045985
675850,100,4.0487,90.000,0.3644,0.3600,11.432172,0.000000,11.432172,0.045995,0.000000,0.045995
675950,100,4.0487,90.000,0.3644,0.3600,11.434672,0.000000,11.434672,0.046006,0.000000,0.046006
676050,100,4.0475,88.750,0.3592,0.3600,11.437137,0.000000,11.437137,0.046016,0.000000,0.046016
676150,100,4.0475,90.000,0.3643,0.3600,11.439637,0.000000,11.439637,0.046026,0.000000,0.046026
676250,100,4.0475,88.750,0.3592,0.3600,11.442102,0.000000,11.442102,0.046036,0.000000,0.046036
676350,100,4.0475,88.750,0.3592,0.3600,11.444568,0.000000,11.444568,0.046046,0.000000,0.046046
676450,100,4.0475,88.750,0.3592,0.3600,11.447033,0.000000,11.447033,0.046056,0.000000,0.046056
676550,100,4.0487,90.000,0.3644,0.3600,11.449533,0.000000,11.449533,0.046066,0.000000,0.046066
676650,100,4.0487,88.750,0.3593,0.3600,11.451998,0.000000,11.451998,0.046076,0.000000,0.046076
676750,100,4.0487,90.000,0.3644,0.3600,11.454498,0.000000,11.454498,0.046086,0.000000,0.046086
676850,100,4.0475,90.000,0.3643,0.3600,11.456998,0.000000,11.456998,0.046096,0.000000,0.046096
676950,100,4.0475,88.750,0.3592,0.3600,11.459464,0.000000,11.459464,0.046106,0.000000,0.046106
677050,100,4.0475,88.750,0.3592,0.3600,11.461929,0.000000,11.461929,0.046116,0.000000,0.046116
677150,100,4.0475,88.750,0.3592,0.3600,11.464394,0.000000,11.464394,0.046126,0.000000,0.046126
677250,100,4.0487,90.000,0.3644,0.3600,11.466894,0.000000,11.466894,0.046136,0.000000,0.046136
677350,100,4.0475,88.750,0.3592,0.3600,11.469359,0.000000,11.469359,0.046146,0.000000,0.046146
677450,100,4.0475,88.750,0.3592,0.3600,11.471825,0.000000,11.471825,0.046156,0.000000,0.046156
677550,100,4.0475,88.750,0.3592,0.3600,11.474290,0.000000,11.474290,0.046166,0.000000,0.046166
677650,100,4.0475,88.750,0.3592,0.3600,11.476755,0.000000,11.476755,0.046176,0.000000,0.046176
677750,100,4.0475,88.750,0.3592,0.3600,11.479220,0.000000,11.479220,0.046186,0.000000,0.046186
677850,100,4.0475,90.000,0.3643,0.3700,11.481720,0.000000,11.481720,0.046196,0.000000,0.046196
677950,100,4.0475,88.750,0.3592,0.3600,11.484186,0.000000,11.484186,0.046206,0.000000,0.046206
678050,100,4.0475,90.000,0.3643,0.3600,11.486686,0.000000,11.486686,0.046216,0.000000,0.046216
#MARK,678111,100,"seg_049_p09_b095_end",11.486686,0.000000,11.486686,0.046216,0.000000,0.046216
678150,100,4.0475,90.000,0.3643,0.3600,11.489186,0.000000,11.489186,0.046226,0.000000,0.046226
678250,100,4.0450,98.750,0.3994,0.4000,11.491929,0.000000,11.491929,0.046237,0.000000,0.046237
678350,100,4.0462,98.750,0.3996,0.4000,11.494672,0.000000,11.494672,0.046248,0.000000,0.046248
678450,100,4.0450,97.500,0.3944,0.4000,11.497380,0.000000,11.497380,0.046259,0.000000,0.046259
678550,100,4.0450,98.750,0.3994,0.4000,11.500123,0.000000,11.500123,0.046271,0.000000,0.046271
678650,100,4.0450,97.500,0.3944,0.4000,11.502832,0.000000,11.502832,0.046281,0.000000,0.046281
678750,100,4.0450,97.500,0.3944,0.3900,11.505540,0.000000,11.505540,0.046292,0.000000,0.046292
678850,100,4.0450,97.500,0.3944,0.3900,11.508248,0.000000,11.508248,0.046303,0.000000,0.046303
678950,100,4.0450,97.500,0.3944,0.3900,11.510957,0.000000,11.510957,0.046314,0.000000,0.046314
679050,100,4.0450,97.500,0.3944,0.4000,11.513665,0.000000,11.513665,0.046325,0.000000,0.046325
679150,100,4.0450,97.500,0.3944,0.3900,11.516373,0.000000,11.516373,0.046336,0.000000,0.046336
#MARK,679248,100,"seg_050_p09_b127_start",11.516373,0.000000,11.516373,0.046336,0.000000,0.046336
679250,100,4.0450,97.500,0.3944,0.3900,11.519082,0.000000,11.519082,0.046347,0.000000,0.046347
679350,100,4.0450,97.500,0.3944,0.4000,11.521790,0.000000,11.521790,0.046358,0.000000,0.046358
679450,100,4.0450,98.750,0.3994,0.3900,11.524533,0.000000,11.524533,0.046369,0.000000,0.046369
679550,100,4.0450,98.750,0.3994,0.4000,11.527276,0.000000,11.527276,0.046380,0.000000,0.046380
679650,100,4.0450,97.500,0.3944,0.3900,11.529984,0.000000,11.529984,0.046391,0.000000,0.046391
679750,100,4.0450,98.750,0.3994,0.4000,11.532727,0.000000,11.532727,0.046402,0.000000,0.046402
679850,100,4.0450,97.500,0.3944,0.3900,11.535436,0.000000,11.535436,0.046413,0.000000,0.046413
679950,100,4.0450,98.750,0.3994,0.4000,11.538179,0.000000,11.538179,0.046424,0.000000,0.046424
680050,100,4.0450,97.500,0.3944,0.4000,11.540887,0.000000,11.540887,0.046435,0.000000,0.046435
680150,100,4.0450,97.500,0.3944,0.3900,11.543595,0.000000,11.543595,0.046446,0.000000,0.046446
680250,100,4.0450,97.500,0.3944,0.3900,11.546304,0.000000,11.546304,0.046457,0.000000,0.046457
680350,100,4.0450,97.500,0.3944,0.4000,11.549012,0.000000,11.549012,0.046468,0.000000,0.046468
680450,100,4.0450,97.500,0.3944,0.4000,11.551720,0.000000,11.551720,0.046479,0.000000,0.046479
680550,100,4.0450,97.500,0.3944,0.3900,11.554429,0.000000,11.554429,0.046490,0.000000,0.046490
680650,100,4.0450,97.500,0.3944,0.4000,11.557137,0.000000,11.557137,0.046501,0.000000,0.046501
680750,100,4.0450,97.500,0.3944,0.3900,11.559845,0.000000,11.559845,0.046512,0.000000,0.046512
680850,100,4.0450,97.500,0.3944,0.3900,11.562554,0.000000,11.562554,0.046523,0.000000,0.046523
680950,100,4.0450,97.500,0.3944,0.3900,11.565262,0.000000,11.565262,0.046534,0.000000,0.046534
681050,100,4.0450,96.250,0.3893,0.3800,11.567936,0.000000,11.567936,0.046545,0.000000,0.046545
681150,100,4.0450,96.250,0.3893,0.3900,11.570609,0.000000,11.570609,0.046556,0.000000,0.046556
681250,100,4.0462,96.250,0.3895,0.3900,11.573283,0.000000,11.573283,0.046566,0.000000,0.046566
681350,100,4.0450,96.250,0.3893,0.3900,11.575957,0.000000,11.575957,0.046577,0.000000,0.046577
681450,100,4.0450,96.250,0.3893,0.3800,11.578630,0.000000,11.578630,0.046588,0.000000,0.046588
681550,100,4.0462,96.250,0.3895,0.3900,11.581304,0.000000,11.581304,0.046599,0.000000,0.046599
681650,100,4.0462,96.250,0.3895,0.3900,11.583977,0.000000,11.583977,0.046610,0.000000,0.046610
681750,100,4.0450,96.250,0.3893,0.3900,11.586651,0.000000,11.586651,0.046621,0.000000,0.046621
681850,100,4.0450,96.250,0.3893,0.3900,11.589325,0.000000,11.589325,0.046631,0.000000,0.046631
681950,100,4.0450,96.250,0.3893,0.3900,11.591998,0.000000,11.591998,0.046642,0.000000,0.046642
682050,100,4.0450,96.250,0.3893,0.3900,11.594672,0.000000,11.594672,0.046653,0.000000,0.046653
682150,100,4.0462,96.250,0.3895,0.3900,11.597345,0.000000,11.597345,0.046664,0.000000,0.046664
682250,100,4.0462,97.500,0.3945,0.3900,11.600054,0.000000,11.600054,0.046675,0.000000,0.046675
682350,100,4.0450,96.250,0.3893,0.3900,11.602727,0.000000,11.602727,0.046686,0.000000,0.046686
682450,100,4.0450,96.250,0.3893,0.3900,11.605401,0.000000,11.605401,0.046696,0.000000,0.046696
682550,100,4.0450,96.250,0.3893,0.3900,11.608075,0.000000,11.608075,0.046707,0.000000,0.046707
682650,100,4.0450,96.250,0.3893,0.3900,11.610748,0.000000,11.610748,0.046718,0.000000,0.046718
682750,100,4.0450,96.250,0.3893,0.3900,11.613422,0.000000,11.613422,0.046729,0.000000,0.046729
682850,100,4.0450,95.000,0.3843,0.3900,11.616061,0.000000,11.616061,0.046740,0.000000,0.046740
682950,100,4.0450,96.250,0.3893,0.3900,11.618734,0.000000,11.618734,0.046750,0.000000,0.046750
683050,100,4.0450,96.250,0.3893,0.3800,11.621408,0.000000,11.621408,0.046761,0.000000,0.046761
683150,100,4.0450,96.250,0.3893,0.3900,11.624082,0.000000,11.624082,0.046772,0.000000,0.046772
683250,100,4.0450,96.250,0.3893,0.3900,11.626755,0.000000,11.626755,0.046783,0.000000,0.046783
683350,100,4.0462,96.250,0.3895,0.3900,11.629429,0.000000,11.629429,0.046794,0.000000,0.046794
683450,100,4.0450,96.250,0.3893,0.3900,11.632102,0.000000,11.632102,0.046804,0.000000,0.046804
683550,100,4.0450,96.250,0.3893,0.3900,11.634776,0.000000,11.634776,0.046815,0.000000,0.046815
683650,100,4.0450,96.250,0.3893,0.3900,11.637450,0.000000,11.637450,0.046826,0.000000,0.046826
683750,100,4.0450,96.250,0.3893,0.3900,11.640123,0.000000,11.640123,0.046837,0.000000,0.046837
683850,100,4.0450,96.250,0.3893,0.3900,11.642797,0.000000,11.642797,0.046848,0.000000,0.046848
683950,100,4.0450,96.250,0.3893,0.3900,11.645470,0.000000,11.645470,0.046858,0.000000,0.046858
684050,100,4.0450,96.250,0.3893,0.3900,11.648144,0.000000,11.648144,0.046869,0.000000,0.046869
684150,100,4.0450,96.250,0.3893,0.3900,11.650818,0.000000,11.650818,0.046880,0.000000,0.046880
684250,100,4.0450,95.000,0.3843,0.3800,11.653457,0.000000,11.653457,0.046891,0.000000,0.046891
684350,100,4.0450,96.250,0.3893,0.3900,11.656130,0.000000,11.656130,0.046902,0.000000,0.046902
684450,100,4.0450,96.250,0.3893,0.3800,11.658804,0.000000,11.658804,0.046912,0.000000,0.046912
#MARK,684494,100,"seg_050_p09_b127_end",11.658804,0.000000,11.658804,0.046912,0.000000,0.046912
684550,100,4.0437,102.500,0.4145,0.4200,11.661651,0.000000,11.661651,0.046924,0.000000,0.046924
684650,100,4.0425,105.000,0.4245,0.4200,11.664568,0.000000,11.664568,0.046936,0.000000,0.046936
684750,100,4.0425,103.750,0.4194,0.4200,11.667450,0.000000,11.667450,0.046947,0.000000,0.046947
684850,100,4.0425,105.000,0.4245,0.4300,11.670366,0.000000,11.670366,0.046959,0.000000,0.046959
684950,100,4.0425,103.750,0.4194,0.4200,11.673248,0.000000,11.673248,0.046971,0.000000,0.046971
685050,100,4.0425,105.000,0.4245,0.4200,11.676165,0.000000,11.676165,0.046983,0.000000,0.046983
685150,100,4.0425,105.000,0.4245,0.4200,11.679082,0.000000,11.679082,0.046994,0.000000,0.046994
685250,100,4.0425,105.000,0.4245,0.4200,11.681998,0.000000,11.681998,0.047006,0.000000,0.047006
685350,100,4.0425,103.750,0.4194,0.4200,11.684880,0.000000,11.684880,0.047018,0.000000,0.047018
685450,100,4.0425,103.750,0.4194,0.4200,11.687762,0.000000,11.687762,0.047029,0.000000,0.047029
685550,100,4.0425,103.750,0.4194,0.4200,11.690644,0.000000,11.690644,0.047041,0.000000,0.047041
#MARK,685585,100,"seg_051_p09_b159_start",11.690644,0.000000,11.690644,0.047041,0.000000,0.047041
685650,100,4.0425,105.000,0.4245,0.4300,11.693561,0.000000,11.693561,0.047053,0.000000,0.047053
685750,100,4.0425,105.000,0.4245,0.4200,11.696477,0.000000,11.696477,0.047065,0.000000,0.047065
685850,100,4.0425,105.000,0.4245,0.4200,11.699394,0.000000,11.699394,0.047076,0.000000,0.047076
685950,100,4.0425,103.750,0.4194,0.4200,11.702276,0.000000,11.702276,0.047088,0.000000,0.047088
686050,100,4.0425,103.750,0.4194,0.4200,11.705158,0.000000,11.705158,0.047100,0.000000,0.047100
686150,100,4.0425,103.750,0.4194,0.4200,11.708040,0.000000,11.708040,0.047111,0.000000,0.047111
686250,100,4.0425,103.750,0.4194,0.4200,11.710922,0.000000,11.710922,0.047123,0.000000,0.047123
686350,100,4.0425,103.750,0.4194,0.4200,11.713804,0.000000,11.713804,0.047135,0.000000,0.047135
686450,100,4.0425,103.750,0.4194,0.4200,11.716686,0.000000,11.716686,0.047146,0.000000,0.047146
686550,100,4.0425,103.750,0.4194,0.4200,11.719568,0.000000,11.719568,0.047158,0.000000,0.047158
686650,100,4.0425,103.750,0.4194,0.4200,11.722450,0.000000,11.722450,0.047170,0.000000,0.047170
686750,100,4.0425,103.750,0.4194,0.4200,11.725332,0.000000,11.725332,0.047181,0.000000,0.047181
686850,100,4.0425,103.750,0.4194,0.4200,11.728214,0.000000,11.728214,0.047193,0.000000,0.047193
686950,100,4.0425,103.750,0.4194,0.4200,11.731095,0.000000,11.731095,0.047205,0.000000,0.047205
687050,100,4.0425,105.000,0.4245,0.4300,11.734012,0.000000,11.734012,0.047216,0.000000,0.047216
687150,100,4.0425,103.750,0.4194,0.4200,11.736894,0.000000,11.736894,0.047228,0.000000,0.047228
687250,100,4.0425,103.750,0.4194,0.4200,11.739776,0.000000,11.739776,0.047240,0.000000,0.047240
687350,100,4.0425,102.500,0.4144,0.4200,11.742623,0.000000,11.742623,0.047251,0.000000,0.047251
687450,100,4.0425,102.500,0.4144,0.4100,11.745470,0.000000,11.745470,0.047263,0.000000,0.047263
687550,100,4.0425,102.500,0.4144,0.4100,11.748318,0.000000,11.748318,0.047274,0.000000,0.047274
687650,100,4.0425,102.500,0.4144,0.4200,11.751165,0.000000,11.751165,0.047286,0.000000,0.047286
687750,100,4.0425,102.500,0.4144,0.4200,11.754012,0.000000,11.754012,0.047297,0.000000,0.047297
687850,100,4.0425,102.500,0.4144,0.4200,11.756859,0.000000,11.756859,0.047309,0.000000,0.047309
687950,100,4.0425,102.500,0.4144,0.4100,11.759707,0.000000,11.759707,0.047320,0.000000,0.047320
688050,100,4.0425,102.500,0.4144,0.4200,11.762554,0.000000,11.762554,0.047332,0.000000,0.047332
688150,100,4.0425,102.500,0.4144,0.4200,11.765401,0.000000,11.765401,0.047343,0.000000,0.047343
688250,100,4.0425,102.500,0.4144,0.4100,11.768248,0.000000,11.768248,0.047355,0.000000,0.047355
688350,100,4.0425,102.500,0.4144,0.4200,11.771095,0.000000,11.771095,0.047366,0.000000,0.047366
688450,100,4.0425,102.500,0.4144,0.4200,11.773943,0.000000,11.773943,0.047378,0.000000,0.047378
688550,100,4.0425,102.500,0.4144,0.4100,11.776790,0.000000,11.776790,0.047389,0.000000,0.047389
688650,100,4.0425,102.500,0.4144,0.4200,11.779637,0.000000,11.779637,0.047401,0.000000,0.047401
688750,100,4.0425,102.500,0.4144,0.4100,11.782484,0.000000,11.782484,0.047412,0.000000,0.047412
688850,100,4.0425,102.500,0.4144,0.4100,11.785332,0.000000,11.785332,0.047424,0.000000,0.047424
688950,100,4.0425,102.500,0.4144,0.4100,11.788179,0.000000,11.788179,0.047435,0.000000,0.047435
689050,100,4.0425,102.500,0.4144,0.4100,11.791026,0.000000,11.791026,0.047447,0.000000,0.047447
689150,100,4.0425,102.500,0.4144,0.4100,11.793873,0.000000,11.793873,0.047458,0.000000,0.047458
689250,100,4.0425,102.500,0.4144,0.4100,11.796720,0.000000,11.796720,0.047470,0.000000,0.047470
689350,100,4.0425,102.500,0.4144,0.4100,11.799568,0.000000,11.799568,0.047481,0.000000,0.047481
689450,100,4.0425,102.500,0.4144,0.4100,11.802415,0.000000,11.802415,0.047493,0.000000,0.047493
689550,100,4.0425,102.500,0.4144,0.4100,11.805262,0.000000,11.805262,0.047504,0.000000,0.047504
689650,100,4.0425,102.500,0.4144,0.4200,11.808109,0.000000,11.808109,0.047516,0.000000,0.047516
689750,100,4.0425,102.500,0.4144,0.4100,11.810957,0.000000,11.810957,0.047527,0.000000,0.047527
689850,100,4.0425,103.750,0.4194,0.4200,11.813839,0.000000,11.813839,0.047539,0.000000,0.047539
689950,100,4.0425,102.500,0.4144,0.4200,11.816686,0.000000,11.816686,0.047551,0.000000,0.047551
690050,100,4.0425,102.500,0.4144,0.4100,11.819533,0.000000,11.819533,0.047562,0.000000,0.047562
690150,100,4.0425,102.500,0.4144,0.4200,11.822380,0.000000,11.822380,0.047574,0.000000,0.047574
690250,100,4.0425,102.500,0.4144,0.4100,11.825227,0.000000,11.825227,0.047585,0.000000,0.047585
690350,100,4.0425,102.500,0.4144,0.4200,11.828075,0.000000,11.828075,0.047597,0.000000,0.047597
690450,100,4.0425,102.500,0.4144,0.4100,11.830922,0.000000,11.830922,0.047608,0.000000,0.047608
690550,100,4.0425,102.500,0.4144,0.4100,11.833769,0.000000,11.833769,0.047620,0.000000,0.047620
690650,100,4.0425,102.500,0.4144,0.4100,11.836616,0.000000,11.836616,0.047631,0.000000,0.047631
690750,100,4.0425,102.500,0.4144,0.4100,11.839464,0.000000,11.839464,0.047643,0.000000,0.047643
#MARK,690832,100,"seg_051_p09_b159_end",11.839464,0.000000,11.839464,0.047643,0.000000,0.047643
690850,100,4.0425,102.500,0.4144,0.4100,11.842311,0.000000,11.842311,0.047654,0.000000,0.047654
690950,100,4.0388,115.000,0.4645,0.4600,11.845505,0.000000,11.845505,0.047667,0.000000,0.047667
691050,100,4.0400,110.000,0.4444,0.4500,11.848561,0.000000,11.848561,0.047679,0.000000,0.047679
691150,100,4.0400,111.250,0.4494,0.4500,11.851651,0.000000,11.851651,0.047692,0.000000,0.047692
691250,100,4.0400,111.250,0.4494,0.4500,11.854741,0.000000,11.854741,0.047704,0.000000,0.047704
691350,100,4.0400,111.250,0.4494,0.4500,11.857832,0.000000,11.857832,0.047717,0.000000,0.047717
691450,100,4.0400,111.250,0.4494,0.4500,11.860922,0.000000,11.860922,0.047729,0.000000,0.047729
691550,100,4.0400,111.250,0.4494,0.4500,11.864012,0.000000,11.864012,0.047742,0.000000,0.047742
691650,100,4.0400,111.250,0.4494,0.4500,11.867102,0.000000,11.867102,0.047754,0.000000,0.047754
691750,100,4.0400,110.000,0.4444,0.4500,11.870158,0.000000,11.870158,0.047767,0.000000,0.047767
691850,100,4.0400,110.000,0.4444,0.4500,11.873214,0.000000,11.873214,0.047779,0.000000,0.047779
691950,100,4.0400,110.000,0.4444,0.4500,11.876269,0.000000,11.876269,0.047791,0.000000,0.047791
#MARK,691975,100,"seg_052_p09_b191_start",11.876269,0.000000,11.876269,0.047791,0.000000,0.047791
692050,100,4.0400,111.250,0.4494,0.4500,11.879359,0.000000,11.879359,0.047804,0.000000,0.047804
692150,100,4.0400,110.000,0.4444,0.4500,11.882415,0.000000,11.882415,0.047816,0.000000,0.047816
692250,100,4.0400,110.000,0.4444,0.4500,11.885470,0.000000,11.885470,0.047829,0.000000,0.047829
692350,100,4.0400,111.250,0.4494,0.4500,11.888561,0.000000,11.888561,0.047841,0.000000,0.047841
692450,100,4.0400,110.000,0.4444,0.4500,11.891616,0.000000,11.891616,0.047853,0.000000,0.047853
692550,100,4.0400,111.250,0.4494,0.4500,11.894707,0.000000,11.894707,0.047866,0.000000,0.047866
692650,100,4.0400,111.250,0.4494,0.4500,11.897797,0.000000,11.897797,0.047878,0.000000,0.047878
692750,100,4.0400,110.000,0.4444,0.4500,11.900852,0.000000,11.900852,0.047891,0.000000,0.047891
692850,100,4.0400,110.000,0.4444,0.4500,11.903908,0.000000,11.903908,0.047903,0.000000,0.047903
692950,100,4.0400,110.000,0.4444,0.4500,11.906964,0.000000,11.906964,0.047915,0.000000,0.047915
693050,100,4.0400,110.000,0.4444,0.4500,11.910019,0.000000,11.910019,0.047928,0.000000,0.047928
693150,100,4.0400,110.000,0.4444,0.4500,11.913075,0.000000,11.913075,0.047940,0.000000,0.047940
693250,100,4.0400,111.250,0.4494,0.4500,11.916165,0.000000,11.916165,0.047953,0.000000,0.047953
693350,100,4.0400,111.250,0.4494,0.4500,11.919255,0.000000,11.919255,0.047965,0.000000,0.047965
693450,100,4.0400,110.000,0.4444,0.4500,11.922311,0.000000,11.922311,0.047977,0.000000,0.047977
693550,100,4.0400,110.000,0.4444,0.4500,11.925366,0.000000,11.925366,0.047990,0.000000,0.047990
693650,100,4.0400,110.000,0.4444,0.4500,11.928422,0.000000,11.928422,0.048002,0.000000,0.048002
693750,100,4.0400,108.750,0.4394,0.4500,11.931443,0.000000,11.931443,0.048014,0.000000,0.048014
693850,100,4.0400,108.750,0.4394,0.4400,11.934464,0.000000,11.934464,0.048027,0.000000,0.048027
693950,100,4.0400,108.750,0.4394,0.4400,11.937484,0.000000,11.937484,0.048039,0.000000,0.048039
694050,100,4.0400,108.750,0.4394,0.4400,11.940505,0.000000,11.940505,0.048051,0.000000,0.048051
694150,100,4.0400,108.750,0.4394,0.4400,11.943526,0.000000,11.943526,0.048063,0.000000,0.048063
694250,100,4.0400,108.750,0.4394,0.4400,11.946547,0.000000,11.946547,0.048075,0.000000,0.048075
694350,100,4.0400,108.750,0.4394,0.4500,11.949568,0.000000,11.949568,0.048088,0.000000,0.048088
694450,100,4.0400,108.750,0.4394,0.4400,11.952589,0.000000,11.952589,0.048100,0.000000,0.048100
694550,100,4.0400,108.750,0.4394,0.4400,11.955609,0.000000,11.955609,0.048112,0.000000,0.048112
694650,100,4.0400,108.750,0.4394,0.4400,11.958630,0.000000,11.958630,0.048124,0.000000,0.048124
694750,100,4.0400,108.750,0.4394,0.4500,11.961651,0.000000,11.961651,0.048136,0.000000,0.048136
694850,100,4.0400,108.750,0.4394,0.4400,11.964672,0.000000,11.964672,0.048149,0.000000,0.048149
694950,100,4.0400,108.750,0.4394,0.4400,11.967693,0.000000,11.967693,0.048161,0.000000,0.048161
695050,100,4.0400,108.750,0.4394,0.4500,11.970714,0.000000,11.970714,0.048173,0.000000,0.048173
695150,100,4.0400,108.750,0.4394,0.4500,11.973734,0.000000,11.973734,0.048185,0.000000,0.048185
695250,100,4.0400,108.750,0.4394,0.4400,11.976755,0.000000,11.976755,0.048197,0.000000,0.048197
695350,100,4.0400,108.750,0.4394,0.4400,11.979776,0.000000,11.979776,0.048210,0.000000,0.048210
695450,100,4.0400,108.750,0.4394,0.4400,11.982797,0.000000,11.982797,0.048222,0.000000,0.048222
695550,100,4.0400,108.750,0.4394,0.4400,11.985818,0.000000,11.985818,0.048234,0.000000,0.048234
695650,100,4.0400,108.750,0.4394,0.4500,11.988839,0.000000,11.988839,0.048246,0.000000,0.048246
695750,100,4.0400,108.750,0.4394,0.4400,11.991859,0.000000,11.991859,0.048258,0.000000,0.048258
695850,100,4.0400,108.750,0.4394,0.4500,11.994880,0.000000,11.994880,0.048271,0.000000,0.048271
695950,100,4.0400,108.750,0.4394,0.4500,11.997901,0.000000,11.997901,0.048283,0.000000,0.048283
696050,100,4.0400,108.750,0.4394,0.4400,12.000922,0.000000,12.000922,0.048295,0.000000,0.048295
696150,100,4.0400,108.750,0.4394,0.4400,12.003943,0.000000,12.003943,0.048307,0.000000,0.048307
696250,100,4.0400,108.750,0.4394,0.4400,12.006964,0.000000,12.006964,0.048319,0.000000,0.048319
696350,100,4.0400,108.750,0.4394,0.4400,12.009984,0.000000,12.009984,0.048332,0.000000,0.048332
696450,100,4.0400,108.750,0.4394,0.4400,12.013005,0.000000,12.013005,0.048344,0.000000,0.048344
696550,100,4.0400,108.750,0.4394,0.4500,12.016026,0.000000,12.016026,0.048356,0.000000,0.048356
696650,100,4.0400,108.750,0.4394,0.4400,12.019047,0.000000,12.019047,0.048368,0.000000,0.048368
696750,100,4.0388,108.750,0.4392,0.4400,12.022068,0.000000,12.022068,0.048380,0.000000,0.048380
696850,100,4.0400,107.500,0.4343,0.4400,12.025054,0.000000,12.025054,0.048393,0.000000,0.048393
696950,100,4.0400,108.750,0.4394,0.4400,12.028075,0.000000,12.028075,0.048405,0.000000,0.048405
697050,100,4.0400,108.750,0.4394,0.4400,12.031095,0.000000,12.031095,0.048417,0.000000,0.048417
697150,100,4.0388,108.750,0.4392,0.4400,12.034116,0.000000,12.034116,0.048429,0.000000,0.048429
#MARK,697224,100,"seg_052_p09_b191_end",12.034116,0.000000,12.034116,0.048429,0.000000,0.048429
697250,100,4.0400,110.000,0.4444,0.4500,12.037172,0.000000,12.037172,0.048441,0.000000,0.048441
697350,100,4.0363,118.750,0.4793,0.4800,12.040470,0.000000,12.040470,0.048455,0.000000,0.048455
697450,100,4.0375,117.500,0.4744,0.4700,12.043734,0.000000,12.043734,0.048468,0.000000,0.048468
697550,100,4.0375,117.500,0.4744,0.4700,12.046998,0.000000,12.046998,0.048481,0.000000,0.048481
697650,100,4.0375,117.500,0.4744,0.4700,12.050262,0.000000,12.050262,0.048494,0.000000,0.048494
697750,100,4.0375,117.500,0.4744,0.4700,12.053526,0.000000,12.053526,0.048507,0.000000,0.048507
697850,100,4.0363,117.500,0.4743,0.4700,12.056790,0.000000,12.056790,0.048521,0.000000,0.048521
697950,100,4.0363,117.500,0.4743,0.4700,12.060054,0.000000,12.060054,0.048534,0.000000,0.048534
698050,100,4.0363,117.500,0.4743,0.4700,12.063318,0.000000,12.063318,0.048547,0.000000,0.048547
698150,100,4.0363,116.250,0.4692,0.4700,12.066547,0.000000,12.066547,0.048560,0.000000,0.048560
698250,100,4.0363,116.250,0.4692,0.4700,12.069776,0.000000,12.069776,0.048573,0.000000,0.048573
698350,100,4.0363,116.250,0.4692,0.4700,12.073005,0.000000,12.073005,0.048586,0.000000,0.048586
#MARK,698361,100,"seg_053_p09_b223_start",12.073005,0.000000,12.073005,0.048586,0.000000,0.048586
698450,100,4.0375,117.500,0.4744,0.4700,12.076269,0.000000,12.076269,0.048599,0.000000,0.048599
698550,100,4.0363,117.500,0.4743,0.4700,12.079533,0.000000,12.079533,0.048612,0.000000,0.048612
698650,100,4.0375,116.250,0.4694,0.4700,12.082762,0.000000,12.082762,0.048626,0.000000,0.048626
698750,100,4.0363,117.500,0.4743,0.4700,12.086026,0.000000,12.086026,0.048639,0.000000,0.048639
698850,100,4.0375,117.500,0.4744,0.4700,12.089290,0.000000,12.089290,0.048652,0.000000,0.048652
698950,100,4.0375,117.500,0.4744,0.4700,12.092554,0.000000,12.092554,0.048665,0.000000,0.048665
699050,100,4.0363,116.250,0.4692,0.4700,12.095783,0.000000,12.095783,0.048678,0.000000,0.048678
699150,100,4.0363,117.500,0.4743,0.4700,12.099047,0.000000,12.099047,0.048691,0.000000,0.048691
699250,100,4.0363,116.250,0.4692,0.4700,12.102276,0.000000,12.102276,0.048704,0.000000,0.048704
699350,100,4.0363,117.500,0.4743,0.4700,12.105540,0.000000,12.105540,0.048717,0.000000,0.048717
699450,100,4.0363,116.250,0.4692,0.4700,12.108769,0.000000,12.108769,0.048730,0.000000,0.048730
699550,100,4.0363,116.250,0.4692,0.4700,12.111998,0.000000,12.111998,0.048744,0.000000,0.048744
699650,100,4.0363,116.250,0.4692,0.4700,12.115227,0.000000,12.115227,0.048757,0.000000,0.048757
699750,100,4.0363,117.500,0.4743,0.4700,12.118491,0.000000,12.118491,0.048770,0.000000,0.048770
699850,100,4.0363,117.500,0.4743,0.4700,12.121755,0.000000,12.121755,0.048783,0.000000,0.048783
699950,100,4.0363,117.500,0.4743,0.4700,12.125019,0.000000,12.125019,0.048796,0.000000,0.048796
700050,100,4.0363,116.250,0.4692,0.4700,12.128248,0.000000,12.128248,0.048809,0.000000,0.048809
700150,100,4.0375,115.000,0.4643,0.4600,12.131443,0.000000,12.131443,0.048822,0.000000,0.048822
700250,100,4.0375,116.250,0.4694,0.4700,12.134672,0.000000,12.134672,0.048835,0.000000,0.048835
700350,100,4.0375,115.000,0.4643,0.4600,12.137866,0.000000,12.137866,0.048848,0.000000,0.048848
700450,100,4.0363,115.000,0.4642,0.4600,12.141061,0.000000,12.141061,0.048861,0.000000,0.048861
700550,100,4.0375,115.000,0.4643,0.4600,12.144255,0.000000,12.144255,0.048874,0.000000,0.048874
700650,100,4.0363,115.000,0.4642,0.4600,12.147450,0.000000,12.147450,0.048887,0.000000,0.048887
700750,100,4.0363,116.250,0.4692,0.4600,12.150679,0.000000,12.150679,0.048900,0.000000,0.048900
700850,100,4.0363,116.250,0.4692,0.4700,12.153908,0.000000,12.153908,0.048913,0.000000,0.048913
700950,100,4.0363,116.250,0.4692,0.4700,12.157137,0.000000,12.157137,0.048926,0.000000,0.048926
701050,100,4.0363,116.250,0.4692,0.4600,12.160366,0.000000,12.160366,0.048939,0.000000,0.048939
701150,100,4.0363,116.250,0.4692,0.4700,12.163595,0.000000,12.163595,0.048952,0.000000,0.048952
701250,100,4.0363,116.250,0.4692,0.4700,12.166825,0.000000,12.166825,0.048965,0.000000,0.048965
701350,100,4.0363,116.250,0.4692,0.4700,12.170054,0.000000,12.170054,0.048978,0.000000,0.048978
701450,100,4.0363,116.250,0.4692,0.4700,12.173283,0.000000,12.173283,0.048991,0.000000,0.048991
701550,100,4.0363,115.000,0.4642,0.4700,12.176477,0.000000,12.176477,0.049004,0.000000,0.049004
701650,100,4.0363,116.250,0.4692,0.4700,12.179707,0.000000,12.179707,0.049017,0.000000,0.049017
701750,100,4.0363,115.000,0.4642,0.4600,12.182901,0.000000,12.182901,0.049030,0.000000,0.049030
701850,100,4.0363,115.000,0.4642,0.4600,12.186095,0.000000,12.186095,0.049043,0.000000,0.049043
701950,100,4.0363,115.000,0.4642,0.4600,12.189290,0.000000,12.189290,0.049055,0.000000,0.049055
702050,100,4.0363,115.000,0.4642,0.4600,12.192484,0.000000,12.192484,0.049068,0.000000,0.049068
702150,100,4.0363,115.000,0.4642,0.4600,12.195679,0.000000,12.195679,0.049081,0.000000,0.049081
702250,100,4.0363,115.000,0.4642,0.4700,12.198873,0.000000,12.198873,0.049094,0.000000,0.049094
702350,100,4.0363,116.250,0.4692,0.4600,12.202102,0.000000,12.202102,0.049107,0.000000,0.049107
702450,100,4.0363,116.250,0.4692,0.4700,12.205332,0.000000,12.205332,0.049120,0.000000,0.049120
702550,100,4.0363,116.250,0.4692,0.4700,12.208561,0.000000,12.208561,0.049133,0.000000,0.049133
702650,100,4.0363,116.250,0.4692,0.4700,12.211790,0.000000,12.211790,0.049146,0.000000,0.049146
702750,100,4.0363,116.250,0.4692,0.4700,12.215019,0.000000,12.215019,0.049159,0.000000,0.049159
702850,100,4.0363,115.000,0.4642,0.4600,12.218214,0.000000,12.218214,0.049172,0.000000,0.049172
702950,100,4.0363,115.000,0.4642,0.4600,12.221408,0.000000,12.221408,0.049185,0.000000,0.049185
703050,100,4.0363,115.000,0.4642,0.4600,12.224602,0.000000,12.224602,0.049198,0.000000,0.049198
703150,100,4.0363,115.000,0.4642,0.4600,12.227797,0.000000,12.227797,0.049211,0.000000,0.049211
703250,100,4.0363,115.000,0.4642,0.4600,12.230991,0.000000,12.230991,0.049224,0.000000,0.049224
703350,100,4.0363,115.000,0.4642,0.4600,12.234186,0.000000,12.234186,0.049237,0.000000,0.049237
703450,100,4.0363,115.000,0.4642,0.4600,12.237380,0.000000,12.237380,0.049250,0.000000,0.049250
703550,100,4.0363,116.250,0.4692,0.4600,12.240609,0.000000,12.240609,0.049263,0.000000,0.049263
#MARK,703611,100,"seg_053_p09_b223_end",12.240609,0.000000,12.240609,0.049263,0.000000,0.049263
703650,100,4.0363,118.750,0.4793,0.4600,12.243908,0.000000,12.243908,0.049276,0.000000,0.049276
703750,100,4.0338,126.250,0.5093,0.5100,12.247415,0.000000,12.247415,0.049290,0.000000,0.049290
703850,100,4.0338,123.750,0.4992,0.5000,12.250852,0.000000,12.250852,0.049304,0.000000,0.049304
703950,100,4.0338,123.750,0.4992,0.5000,12.254290,0.000000,12.254290,0.049318,0.000000,0.049318
704050,100,4.0338,123.750,0.4992,0.5000,12.257727,0.000000,12.257727,0.049332,0.000000,0.049332
704150,100,4.0338,125.000,0.5042,0.5000,12.261200,0.000000,12.261200,0.049346,0.000000,0.049346
704250,100,4.0338,123.750,0.4992,0.5000,12.264637,0.000000,12.264637,0.049360,0.000000,0.049360
704350,100,4.0338,123.750,0.4992,0.5000,12.268075,0.000000,12.268075,0.049373,0.000000,0.049373
704450,100,4.0338,123.750,0.4992,0.5000,12.271512,0.000000,12.271512,0.049387,0.000000,0.049387
704550,100,4.0338,123.750,0.4992,0.5000,12.274950,0.000000,12.274950,0.049401,0.000000,0.049401
704650,100,4.0338,123.750,0.4992,0.5000,12.278387,0.000000,12.278387,0.049415,0.000000,0.049415
#MARK,704749,100,"seg_054_p09_b255_start",12.278387,0.000000,12.278387,0.049415,0.000000,0.049415
704750,100,4.0338,123.750,0.4992,0.5000,12.281825,0.000000,12.281825,0.049429,0.000000,0.049429
704850,100,4.0338,123.750,0.4992,0.5000,12.285262,0.000000,12.285262,0.049443,0.000000,0.049443
704950,100,4.0338,123.750,0.4992,0.5000,12.288700,0.000000,12.288700,0.049457,0.000000,0.049457
705050,100,4.0338,123.750,0.4992,0.5000,12.292137,0.000000,12.292137,0.049470,0.000000,0.049470
705150,100,4.0338,123.750,0.4992,0.5000,12.295575,0.000000,12.295575,0.049484,0.000000,0.049484
705250,100,4.0338,123.750,0.4992,0.5000,12.299012,0.000000,12.299012,0.049498,0.000000,0.049498
705350,100,4.0338,123.750,0.4992,0.5000,12.302450,0.000000,12.302450,0.049512,0.000000,0.049512
705450,100,4.0338,123.750,0.4992,0.5000,12.305887,0.000000,12.305887,0.049526,0.000000,0.049526
705550,100,4.0325,123.750,0.4990,0.5000,12.309325,0.000000,12.309325,0.049540,0.000000,0.049540
705650,100,4.0325,123.750,0.4990,0.5000,12.312762,0.000000,12.312762,0.049554,0.000000,0.049554
705750,100,4.0325,123.750,0.4990,0.5000,12.316200,0.000000,12.316200,0.049568,0.000000,0.049568
705850,100,4.0338,122.500,0.4941,0.5000,12.319602,0.000000,12.319602,0.049581,0.000000,0.049581
705950,100,4.0338,123.750,0.4992,0.5000,12.323040,0.000000,12.323040,0.049595,0.000000,0.049595
706050,100,4.0338,123.750,0.4992,0.5000,12.326477,0.000000,12.326477,0.049609,0.000000,0.049609
706150,100,4.0338,123.750,0.4992,0.5000,12.329915,0.000000,12.329915,0.049623,0.000000,0.049623
706250,100,4.0338,123.750,0.4992,0.5000,12.333352,0.000000,12.333352,0.049637,0.000000,0.049637
706350,100,4.0325,123.750,0.4990,0.5000,12.336790,0.000000,12.336790,0.049651,0.000000,0.049651
706450,100,4.0338,122.500,0.4941,0.5000,12.340193,0.000000,12.340193,0.049664,0.000000,0.049664
706550,100,4.0338,122.500,0.4941,0.5000,12.343595,0.000000,12.343595,0.049678,0.000000,0.049678
706650,100,4.0338,122.500,0.4941,0.4900,12.346998,0.000000,12.346998,0.049692,0.000000,0.049692
706750,100,4.0338,122.500,0.4941,0.4900,12.350401,0.000000,12.350401,0.049706,0.000000,0.049706
706850,100,4.0338,122.500,0.4941,0.5000,12.353804,0.000000,12.353804,0.049719,0.000000,0.049719
706950,100,4.0338,122.500,0.4941,0.5000,12.357207,0.000000,12.357207,0.049733,0.000000,0.049733
707050,100,4.0338,122.500,0.4941,0.4900,12.360609,0.000000,12.360609,0.049747,0.000000,0.049747
707150,100,4.0338,122.500,0.4941,0.5000,12.364012,0.000000,12.364012,0.049760,0.000000,0.049760
707250,100,4.0338,122.500,0.4941,0.5000,12.367415,0.000000,12.367415,0.049774,0.000000,0.049774
707350,100,4.0338,122.500,0.4941,0.4900,12.370818,0.000000,12.370818,0.049788,0.000000,0.049788
707450,100,4.0338,122.500,0.4941,0.5000,12.374220,0.000000,12.374220,0.049802,0.000000,0.049802
707550,100,4.0338,122.500,0.4941,0.5000,12.377623,0.000000,12.377623,0.049815,0.000000,0.049815
707650,100,4.0338,122.500,0.4941,0.5000,12.381026,0.000000,12.381026,0.049829,0.000000,0.049829
707750,100,4.0338,122.500,0.4941,0.5000,12.384429,0.000000,12.384429,0.049843,0.000000,0.049843
707850,100,4.0338,122.500,0.4941,0.5000,12.387832,0.000000,12.387832,0.049856,0.000000,0.049856
707950,100,4.0338,122.500,0.4941,0.4900,12.391234,0.000000,12.391234,0.049870,0.000000,0.049870
708050,100,4.0338,122.500,0.4941,0.4900,12.394637,0.000000,12.394637,0.049884,0.000000,0.049884
708150,100,4.0325,122.500,0.4940,0.5000,12.398040,0.000000,12.398040,0.049898,0.000000,0.049898
708250,100,4.0338,122.500,0.4941,0.5000,12.401443,0.000000,12.401443,0.049911,0.000000,0.049911
708350,100,4.0338,122.500,0.4941,0.5000,12.404845,0.000000,12.404845,0.049925,0.000000,0.049925
708450,100,4.0338,122.500,0.4941,0.4900,12.408248,0.000000,12.408248,0.049939,0.000000,0.049939
708550,100,4.0338,122.500,0.4941,0.4900,12.411651,0.000000,12.411651,0.049953,0.000000,0.049953
708650,100,4.0338,122.500,0.4941,0.5000,12.415054,0.000000,12.415054,0.049966,0.000000,0.049966
708750,100,4.0338,122.500,0.4941,0.5000,12.418457,0.000000,12.418457,0.049980,0.000000,0.049980
708850,100,4.0325,122.500,0.4940,0.5000,12.421859,0.000000,12.421859,0.049994,0.000000,0.049994
708950,100,4.0338,122.500,0.4941,0.4900,12.425262,0.000000,12.425262,0.050007,0.000000,0.050007
709050,100,4.0325,122.500,0.4940,0.5000,12.428665,0.000000,12.428665,0.050021,0.000000,0.050021
709150,100,4.0338,122.500,0.4941,0.5000,12.432068,0.000000,12.432068,0.050035,0.000000,0.050035
709250,100,4.0338,123.750,0.4992,0.5000,12.435505,0.000000,12.435505,0.050049,0.000000,0.050049
709350,100,4.0338,122.500,0.4941,0.5000,12.438908,0.000000,12.438908,0.050063,0.000000,0.050063
709450,100,4.0338,121.250,0.4891,0.4900,12.442276,0.000000,12.442276,0.050076,0.000000,0.050076
709550,100,4.0338,122.500,0.4941,0.4900,12.445679,0.000000,12.445679,0.050090,0.000000,0.050090
709650,100,4.0338,122.500,0.4941,0.5000,12.449082,0.000000,12.449082,0.050104,0.000000,0.050104
709750,100,4.0325,122.500,0.4940,0.5000,12.452484,0.000000,12.452484,0.050117,0.000000,0.050117
709850,100,4.0338,122.500,0.4941,0.4900,12.455887,0.000000,12.455887,0.050131,0.000000,0.050131
709950,100,4.0338,122.500,0.4941,0.4900,12.459290,0.000000,12.459290,0.050145,0.000000,0.050145
#MARK,709998,100,"seg_054_p09_b255_end",12.459290,0.000000,12.459290,0.050145,0.000000,0.050145
710050,100,4.0338,122.500,0.4941,0.5000,12.462693,0.000000,12.462693,0.050158,0.000000,0.050158
710150,100,4.0437,88.750,0.3589,0.3600,12.465158,0.000000,12.465158,0.050168,0.000000,0.050168
710250,100,4.0425,91.250,0.3689,0.3700,12.467693,0.000000,12.467693,0.050179,0.000000,0.050179
710350,100,4.0425,95.000,0.3840,0.3800,12.470332,0.000000,12.470332,0.050189,0.000000,0.050189
710450,100,4.0413,96.250,0.3890,0.3900,12.473005,0.000000,12.473005,0.050200,0.000000,0.050200
710550,100,4.0413,97.500,0.3940,0.3900,12.475714,0.000000,12.475714,0.050211,0.000000,0.050211
710650,100,4.0400,101.250,0.4090,0.4100,12.478526,0.000000,12.478526,0.050222,0.000000,0.050222
710750,100,4.0400,103.750,0.4191,0.4100,12.481408,0.000000,12.481408,0.050234,0.000000,0.050234
710850,100,4.0388,105.000,0.4241,0.4300,12.484325,0.000000,12.484325,0.050246,0.000000,0.050246
710950,100,4.0388,106.250,0.4291,0.4400,12.487276,0.000000,12.487276,0.050258,0.000000,0.050258
711050,100,4.0375,110.000,0.4441,0.4400,12.490332,0.000000,12.490332,0.050270,0.000000,0.050270
#MARK,711138,100,"seg_055_p10_b095_start",12.490332,0.000000,12.490332,0.050270,0.000000,0.050270
711150,100,4.0363,111.250,0.4490,0.4500,12.493422,0.000000,12.493422,0.050283,0.000000,0.050283
711250,100,4.0363,112.500,0.4541,0.4500,12.496547,0.000000,12.496547,0.050295,0.000000,0.050295
711350,100,4.0363,113.750,0.4591,0.4600,12.499707,0.000000,12.499707,0.050308,0.000000,0.050308
711450,100,4.0363,113.750,0.4591,0.4600,12.502866,0.000000,12.502866,0.050321,0.000000,0.050321
711550,100,4.0363,113.750,0.4591,0.4600,12.506026,0.000000,12.506026,0.050333,0.000000,0.050333
711650,100,4.0363,113.750,0.4591,0.4600,12.509186,0.000000,12.509186,0.050346,0.000000,0.050346
711750,100,4.0363,113.750,0.4591,0.4600,12.512345,0.000000,12.512345,0.050359,0.000000,0.050359
711850,100,4.0363,112.500,0.4541,0.4600,12.515470,0.000000,12.515470,0.050372,0.000000,0.050372
711950,100,4.0363,112.500,0.4541,0.4500,12.518595,0.000000,12.518595,0.050384,0.000000,0.050384
712050,100,4.0375,110.000,0.4441,0.4500,12.521651,0.000000,12.521651,0.050397,0.000000,0.050397
712150,100,4.0375,108.750,0.4391,0.4400,12.524672,0.000000,12.524672,0.050409,0.000000,0.050409
712250,100,4.0375,106.250,0.4290,0.4300,12.527623,0.000000,12.527623,0.050421,0.000000,0.050421
712350,100,4.0388,105.000,0.4241,0.4300,12.530540,0.000000,12.530540,0.050432,0.000000,0.050432
712450,100,4.0400,101.250,0.4090,0.4100,12.533352,0.000000,12.533352,0.050444,0.000000,0.050444
712550,100,4.0400,100.000,0.4040,0.4100,12.536130,0.000000,12.536130,0.050455,0.000000,0.050455
712650,100,4.0413,97.500,0.3940,0.3900,12.538839,0.000000,12.538839,0.050466,0.000000,0.050466
712750,100,4.0413,95.000,0.3839,0.3800,12.541477,0.000000,12.541477,0.050477,0.000000,0.050477
712850,100,4.0425,91.250,0.3689,0.3700,12.544012,0.000000,12.544012,0.050487,0.000000,0.050487
712950,100,4.0437,90.000,0.3639,0.3600,12.546512,0.000000,12.546512,0.050497,0.000000,0.050497
713050,100,4.0450,86.250,0.3489,0.3500,12.548908,0.000000,12.548908,0.050507,0.000000,0.050507
713150,100,4.0450,83.750,0.3388,0.3400,12.551234,0.000000,12.551234,0.050516,0.000000,0.050516
713250,100,4.0462,82.500,0.3338,0.3300,12.553526,0.000000,12.553526,0.050525,0.000000,0.050525
713350,100,4.0475,80.000,0.3238,0.3200,12.555748,0.000000,12.555748,0.050534,0.000000,0.050534
713450,100,4.0475,78.750,0.3187,0.3200,12.557936,0.000000,12.557936,0.050543,0.000000,0.050543
713550,100,4.0475,76.250,0.3086,0.3100,12.560054,0.000000,12.560054,0.050552,0.000000,0.050552
713650,100,4.0475,77.500,0.3137,0.3100,12.562207,0.000000,12.562207,0.050560,0.000000,0.050560
713750,100,4.0487,75.000,0.3037,0.3000,12.564290,0.000000,12.564290,0.050569,0.000000,0.050569
713850,100,4.0487,73.750,0.2986,0.3000,12.566339,0.000000,12.566339,0.050577,0.000000,0.050577
713950,100,4.0487,72.500,0.2935,0.2900,12.568352,0.000000,12.568352,0.050585,0.000000,0.050585
714050,100,4.0500,72.500,0.2936,0.3000,12.570366,0.000000,12.570366,0.050594,0.000000,0.050594
714150,100,4.0500,72.500,0.2936,0.2900,12.572380,0.000000,12.572380,0.050602,0.000000,0.050602
714250,100,4.0500,72.500,0.2936,0.2900,12.574394,0.000000,12.574394,0.050610,0.000000,0.050610
714350,100,4.0500,71.250,0.2886,0.2900,12.576373,0.000000,12.576373,0.050618,0.000000,0.050618
714450,100,4.0500,71.250,0.2886,0.2900,12.578352,0.000000,12.578352,0.050626,0.000000,0.050626
714550,100,4.0500,71.250,0.2886,0.2900,12.580332,0.000000,12.580332,0.050634,0.000000,0.050634
714650,100,4.0500,71.250,0.2886,0.2900,12.582311,0.000000,12.582311,0.050642,0.000000,0.050642
714750,100,4.0500,71.250,0.2886,0.2900,12.584290,0.000000,12.584290,0.050650,0.000000,0.050650
714850,100,4.0500,71.250,0.2886,0.2900,12.586269,0.000000,12.586269,0.050658,0.000000,0.050658
714950,100,4.0500,71.250,0.2886,0.2900,12.588248,0.000000,12.588248,0.050666,0.000000,0.050666
715050,100,4.0500,72.500,0.2936,0.2900,12.590262,0.000000,12.590262,0.050674,0.000000,0.050674
715150,100,4.0500,72.500,0.2936,0.2900,12.592276,0.000000,12.592276,0.050682,0.000000,0.050682
715250,100,4.0500,73.750,0.2987,0.3000,12.594325,0.000000,12.594325,0.050691,0.000000,0.050691
715350,100,4.0487,73.750,0.2986,0.3000,12.596373,0.000000,12.596373,0.050699,0.000000,0.050699
715450,100,4.0487,76.250,0.3087,0.3100,12.598491,0.000000,12.598491,0.050707,0.000000,0.050707
715550,100,4.0487,76.250,0.3087,0.3100,12.600609,0.000000,12.600609,0.050716,0.000000,0.050716
715650,100,4.0475,77.500,0.3137,0.3200,12.602762,0.000000,12.602762,0.050725,0.000000,0.050725
715750,100,4.0475,78.750,0.3187,0.3200,12.604950,0.000000,12.604950,0.050734,0.000000,0.050734
715850,100,4.0475,81.250,0.3289,0.3300,12.607207,0.000000,12.607207,0.050743,0.000000,0.050743
715950,100,4.0462,82.500,0.3338,0.3300,12.609498,0.000000,12.609498,0.050752,0.000000,0.050752
716050,100,4.0462,83.750,0.3389,0.3400,12.611825,0.000000,12.611825,0.050761,0.000000,0.050761
716150,100,4.0450,86.250,0.3489,0.3500,12.614220,0.000000,12.614220,0.050771,0.000000,0.050771
716250,100,4.0437,90.000,0.3639,0.3600,12.616720,0.000000,12.616720,0.050781,0.000000,0.050781
716350,100,4.0425,92.500,0.3739,0.3700,12.619290,0.000000,12.619290,0.050792,0.000000,0.050792
#MARK,716386,100,"seg_055_p10_b095_end",12.619290,0.000000,12.619290,0.050792,0.000000,0.050792
716450,100,4.0425,96.250,0.3891,0.3900,12.621964,0.000000,12.621964,0.050802,0.000000,0.050802
716550,100,4.0425,95.000,0.3840,0.3800,12.624602,0.000000,12.624602,0.050813,0.000000,0.050813
716650,100,4.0413,98.750,0.3991,0.4000,12.627345,0.000000,12.627345,0.050824,0.000000,0.050824
716750,100,4.0400,102.500,0.4141,0.4200,12.630193,0.000000,12.630193,0.050836,0.000000,0.050836
716850,100,4.0388,106.250,0.4291,0.4300,12.633144,0.000000,12.633144,0.050848,0.000000,0.050848
716950,100,4.0388,107.500,0.4342,0.4400,12.636130,0.000000,12.636130,0.050860,0.000000,0.050860
717050,100,4.0375,111.250,0.4492,0.4500,12.639220,0.000000,12.639220,0.050872,0.000000,0.050872
717150,100,4.0363,115.000,0.4642,0.4600,12.642415,0.000000,12.642415,0.050885,0.000000,0.050885
717250,100,4.0350,117.500,0.4741,0.4700,12.645679,0.000000,12.645679,0.050898,0.000000,0.050898
717350,100,4.0338,120.000,0.4841,0.4900,12.649012,0.000000,12.649012,0.050912,0.000000,0.050912
717450,100,4.0338,121.250,0.4891,0.4900,12.652380,0.000000,12.652380,0.050925,0.000000,0.050925
#MARK,717531,100,"seg_056_p10_b127_start",12.652380,0.000000,12.652380,0.050925,0.000000,0.050925
717550,100,4.0325,125.000,0.5041,0.5000,12.655852,0.000000,12.655852,0.050939,0.000000,0.050939
717650,100,4.0325,126.250,0.5091,0.5100,12.659359,0.000000,12.659359,0.050953,0.000000,0.050953
717750,100,4.0325,127.500,0.5141,0.5100,12.662901,0.000000,12.662901,0.050968,0.000000,0.050968
717850,100,4.0313,127.500,0.5140,0.5100,12.666443,0.000000,12.666443,0.050982,0.000000,0.050982
717950,100,4.0313,128.750,0.5190,0.5200,12.670019,0.000000,12.670019,0.050996,0.000000,0.050996
718050,100,4.0313,128.750,0.5190,0.5200,12.673595,0.000000,12.673595,0.051011,0.000000,0.051011
718150,100,4.0313,128.750,0.5190,0.5200,12.677172,0.000000,12.677172,0.051025,0.000000,0.051025
718250,100,4.0325,127.500,0.5141,0.5100,12.680714,0.000000,12.680714,0.051039,0.000000,0.051039
718350,100,4.0325,126.250,0.5091,0.5100,12.684220,0.000000,12.684220,0.051054,0.000000,0.051054
718450,100,4.0325,122.500,0.4940,0.4900,12.687623,0.000000,12.687623,0.051067,0.000000,0.051067
718550,100,4.0325,121.250,0.4889,0.4900,12.690991,0.000000,12.690991,0.051081,0.000000,0.051081
718650,100,4.0350,118.750,0.4792,0.4700,12.694290,0.000000,12.694290,0.051094,0.000000,0.051094
718750,100,4.0350,117.500,0.4741,0.4700,12.697554,0.000000,12.697554,0.051107,0.000000,0.051107
718850,100,4.0363,112.500,0.4541,0.4500,12.700679,0.000000,12.700679,0.051120,0.000000,0.051120
718950,100,4.0375,111.250,0.4492,0.4500,12.703769,0.000000,12.703769,0.051132,0.000000,0.051132
719050,100,4.0388,106.250,0.4291,0.4300,12.706720,0.000000,12.706720,0.051144,0.000000,0.051144
719150,100,4.0388,103.750,0.4190,0.4200,12.709602,0.000000,12.709602,0.051156,0.000000,0.051156
719250,100,4.0400,98.750,0.3990,0.4000,12.712345,0.000000,12.712345,0.051167,0.000000,0.051167
719350,100,4.0413,95.000,0.3839,0.3900,12.714984,0.000000,12.714984,0.051178,0.000000,0.051178
719450,100,4.0425,92.500,0.3739,0.3700,12.717554,0.000000,12.717554,0.051188,0.000000,0.051188
719550,100,4.0437,90.000,0.3639,0.3600,12.720054,0.000000,12.720054,0.051198,0.000000,0.051198
719650,100,4.0437,87.500,0.3538,0.3500,12.722484,0.000000,12.722484,0.051208,0.000000,0.051208
719750,100,4.0450,83.750,0.3388,0.3400,12.724811,0.000000,12.724811,0.051217,0.000000,0.051217
719850,100,4.0462,82.500,0.3338,0.3300,12.727102,0.000000,12.727102,0.051227,0.000000,0.051227
719950,100,4.0462,80.000,0.3237,0.3200,12.729325,0.000000,12.729325,0.051236,0.000000,0.051236
720050,100,4.0462,78.750,0.3186,0.3200,12.731512,0.000000,12.731512,0.051245,0.000000,0.051245
720150,100,4.0450,85.000,0.3438,0.3500,12.733873,0.000000,12.733873,0.051254,0.000000,0.051254
720250,100,4.0475,75.000,0.3036,0.3000,12.735957,0.000000,12.735957,0.051263,0.000000,0.051263
720350,100,4.0487,72.500,0.2935,0.2900,12.737970,0.000000,12.737970,0.051271,0.000000,0.051271
720450,100,4.0487,72.500,0.2935,0.3000,12.739984,0.000000,12.739984,0.051279,0.000000,0.051279
720550,100,4.0487,73.750,0.2986,0.3000,12.742033,0.000000,12.742033,0.051287,0.000000,0.051287
720650,100,4.0487,72.500,0.2935,0.2900,12.744047,0.000000,12.744047,0.051295,0.000000,0.051295
720750,100,4.0487,72.500,0.2935,0.2900,12.746061,0.000000,12.746061,0.051303,0.000000,0.051303
720850,100,4.0487,72.500,0.2935,0.2900,12.748075,0.000000,12.748075,0.051312,0.000000,0.051312
720950,100,4.0500,72.500,0.2936,0.2900,12.750089,0.000000,12.750089,0.051320,0.000000,0.051320
721050,100,4.0500,72.500,0.2936,0.2900,12.752102,0.000000,12.752102,0.051328,0.000000,0.051328
721150,100,4.0500,72.500,0.2936,0.2900,12.754116,0.000000,12.754116,0.051336,0.000000,0.051336
721250,100,4.0500,72.500,0.2936,0.2900,12.756130,0.000000,12.756130,0.051344,0.000000,0.051344
721350,100,4.0487,72.500,0.2935,0.2900,12.758144,0.000000,12.758144,0.051352,0.000000,0.051352
721450,100,4.0487,75.000,0.3037,0.3000,12.760227,0.000000,12.760227,0.051361,0.000000,0.051361
721550,100,4.0487,73.750,0.2986,0.3000,12.762276,0.000000,12.762276,0.051369,0.000000,0.051369
721650,100,4.0487,75.000,0.3037,0.3000,12.764359,0.000000,12.764359,0.051378,0.000000,0.051378
721750,100,4.0487,76.250,0.3087,0.3100,12.766477,0.000000,12.766477,0.051386,0.000000,0.051386
721850,100,4.0487,77.500,0.3138,0.3200,12.768630,0.000000,12.768630,0.051395,0.000000,0.051395
721950,100,4.0475,80.000,0.3238,0.3200,12.770852,0.000000,12.770852,0.051404,0.000000,0.051404
722050,100,4.0475,81.250,0.3289,0.3300,12.773109,0.000000,12.773109,0.051413,0.000000,0.051413
722150,100,4.0462,82.500,0.3338,0.3400,12.775401,0.000000,12.775401,0.051422,0.000000,0.051422
722250,100,4.0450,85.000,0.3438,0.3400,12.777762,0.000000,12.777762,0.051432,0.000000,0.051432
722350,100,4.0450,88.750,0.3590,0.3600,12.780227,0.000000,12.780227,0.051442,0.000000,0.051442
722450,100,4.0437,90.000,0.3639,0.3700,12.782727,0.000000,12.782727,0.051452,0.000000,0.051452
722550,100,4.0425,93.750,0.3790,0.3800,12.785332,0.000000,12.785332,0.051462,0.000000,0.051462
722650,100,4.0425,96.250,0.3891,0.3900,12.788005,0.000000,12.788005,0.051473,0.000000,0.051473
722750,100,4.0400,101.250,0.4090,0.4100,12.790818,0.000000,12.790818,0.051485,0.000000,0.051485
#MARK,722781,100,"seg_056_p10_b127_end",12.790818,0.000000,12.790818,0.051485,0.000000,0.051485
722850,100,4.0388,105.000,0.4241,0.4300,12.793734,0.000000,12.793734,0.051496,0.000000,0.051496
722950,100,4.0400,101.250,0.4090,0.4100,12.796547,0.000000,12.796547,0.051508,0.000000,0.051508
723050,100,4.0388,105.000,0.4241,0.4300,12.799464,0.000000,12.799464,0.051520,0.000000,0.051520
723150,100,4.0375,110.000,0.4441,0.4500,12.802519,0.000000,12.802519,0.051532,0.000000,0.051532
723250,100,4.0363,115.000,0.4642,0.4600,12.805714,0.000000,12.805714,0.051545,0.000000,0.051545
723350,100,4.0350,118.750,0.4792,0.4800,12.809012,0.000000,12.809012,0.051558,0.000000,0.051558
723450,100,4.0338,122.500,0.4941,0.4900,12.812415,0.000000,12.812415,0.051572,0.000000,0.051572
723550,100,4.0325,125.000,0.5041,0.5000,12.815887,0.000000,12.815887,0.051586,0.000000,0.051586
723650,100,4.0313,130.000,0.5241,0.5200,12.819498,0.000000,12.819498,0.051600,0.000000,0.051600
723750,100,4.0300,132.500,0.5340,0.5300,12.823179,0.000000,12.823179,0.051615,0.000000,0.051615
723850,100,4.0287,135.000,0.5439,0.5500,12.826929,0.000000,12.826929,0.051630,0.000000,0.051630
#MARK,723924,100,"seg_057_p10_b159_start",12.826929,0.000000,12.826929,0.051630,0.000000,0.051630
723950,100,4.0287,137.500,0.5540,0.5500,12.830748,0.000000,12.830748,0.051646,0.000000,0.051646
724050,100,4.0275,141.250,0.5689,0.5700,12.834672,0.000000,12.834672,0.051661,0.000000,0.051661
724150,100,4.0262,142.500,0.5737,0.5700,12.838630,0.000000,12.838630,0.051677,0.000000,0.051677
724250,100,4.0262,142.500,0.5737,0.5800,12.842589,0.000000,12.842589,0.051693,0.000000,0.051693
724350,100,4.0262,143.750,0.5788,0.5800,12.846582,0.000000,12.846582,0.051709,0.000000,0.051709
724450,100,4.0262,143.750,0.5788,0.5800,12.850575,0.000000,12.850575,0.051726,0.000000,0.051726
724550,100,4.0262,142.500,0.5737,0.5800,12.854533,0.000000,12.854533,0.051741,0.000000,0.051741
724650,100,4.0275,141.250,0.5689,0.5600,12.858457,0.000000,12.858457,0.051757,0.000000,0.051757
724750,100,4.0275,138.750,0.5588,0.5600,12.862311,0.000000,12.862311,0.051773,0.000000,0.051773
724850,100,4.0287,136.250,0.5489,0.5500,12.866095,0.000000,12.866095,0.051788,0.000000,0.051788
724950,100,4.0287,132.500,0.5338,0.5400,12.869776,0.000000,12.869776,0.051803,0.000000,0.051803
725050,100,4.0300,130.000,0.5239,0.5200,12.873387,0.000000,12.873387,0.051817,0.000000,0.051817
725150,100,4.0313,127.500,0.5140,0.5100,12.876929,0.000000,12.876929,0.051832,0.000000,0.051832
725250,100,4.0325,121.250,0.4889,0.5000,12.880297,0.000000,12.880297,0.051845,0.000000,0.051845
725350,100,4.0338,118.750,0.4790,0.4800,12.883595,0.000000,12.883595,0.051859,0.000000,0.051859
725450,100,4.0350,113.750,0.4590,0.4600,12.886755,0.000000,12.886755,0.051871,0.000000,0.051871
725550,100,4.0363,110.000,0.4440,0.4500,12.889811,0.000000,12.889811,0.051884,0.000000,0.051884
725650,100,4.0375,105.000,0.4239,0.4300,12.892727,0.000000,12.892727,0.051895,0.000000,0.051895
725750,100,4.0388,102.500,0.4140,0.4100,12.895575,0.000000,12.895575,0.051907,0.000000,0.051907
725850,100,4.0400,97.500,0.3939,0.4000,12.898283,0.000000,12.898283,0.051918,0.000000,0.051918
725950,100,4.0413,93.750,0.3789,0.3800,12.900887,0.000000,12.900887,0.051928,0.000000,0.051928
726050,100,4.0425,91.250,0.3689,0.3700,12.903422,0.000000,12.903422,0.051939,0.000000,0.051939
726150,100,4.0437,87.500,0.3538,0.3600,12.905852,0.000000,12.905852,0.051948,0.000000,0.051948
726250,100,4.0450,83.750,0.3388,0.3400,12.908179,0.000000,12.908179,0.051958,0.000000,0.051958
726350,100,4.0450,82.500,0.3337,0.3300,12.910470,0.000000,12.910470,0.051967,0.000000,0.051967
726450,100,4.0462,81.250,0.3288,0.3300,12.912727,0.000000,12.912727,0.051976,0.000000,0.051976
726550,100,4.0462,78.750,0.3186,0.3200,12.914915,0.000000,12.914915,0.051985,0.000000,0.051985
726650,100,4.0475,77.500,0.3137,0.3200,12.917068,0.000000,12.917068,0.051994,0.000000,0.051994
726750,100,4.0475,76.250,0.3086,0.3100,12.919186,0.000000,12.919186,0.052002,0.000000,0.052002
726850,100,4.0475,75.000,0.3036,0.3000,12.921269,0.000000,12.921269,0.052011,0.000000,0.052011
726950,100,4.0487,73.750,0.2986,0.3000,12.923318,0.000000,12.923318,0.052019,0.000000,0.052019
727050,100,4.0487,73.750,0.2986,0.3000,12.925366,0.000000,12.925366,0.052027,0.000000,0.052027
727150,100,4.0487,73.750,0.2986,0.3000,12.927415,0.000000,12.927415,0.052036,0.000000,0.052036
727250,100,4.0487,72.500,0.2935,0.2900,12.929429,0.000000,12.929429,0.052044,0.000000,0.052044
727350,100,4.0487,72.500,0.2935,0.2900,12.931443,0.000000,12.931443,0.052052,0.000000,0.052052
727450,100,4.0487,73.750,0.2986,0.3000,12.933491,0.000000,12.933491,0.052060,0.000000,0.052060
727550,100,4.0487,73.750,0.2986,0.3000,12.935540,0.000000,12.935540,0.052069,0.000000,0.052069
727650,100,4.0487,73.750,0.2986,0.3000,12.937589,0.000000,12.937589,0.052077,0.000000,0.052077
727750,100,4.0487,73.750,0.2986,0.3000,12.939637,0.000000,12.939637,0.052085,0.000000,0.052085
727850,100,4.0487,73.750,0.2986,0.3000,12.941686,0.000000,12.941686,0.052094,0.000000,0.052094
727950,100,4.0487,75.000,0.3037,0.3100,12.943769,0.000000,12.943769,0.052102,0.000000,0.052102
728050,100,4.0475,76.250,0.3086,0.3100,12.945887,0.000000,12.945887,0.052111,0.000000,0.052111
728150,100,4.0475,78.750,0.3187,0.3200,12.948075,0.000000,12.948075,0.052119,0.000000,0.052119
728250,100,4.0462,80.000,0.3237,0.3200,12.950297,0.000000,12.950297,0.052128,0.000000,0.052128
728350,100,4.0462,82.500,0.3338,0.3300,12.952589,0.000000,12.952589,0.052138,0.000000,0.052138
728450,100,4.0450,85.000,0.3438,0.3400,12.954950,0.000000,12.954950,0.052147,0.000000,0.052147
728550,100,4.0450,86.250,0.3489,0.3500,12.957345,0.000000,12.957345,0.052157,0.000000,0.052157
728650,100,4.0437,90.000,0.3639,0.3600,12.959845,0.000000,12.959845,0.052167,0.000000,0.052167
728750,100,4.0425,92.500,0.3739,0.3700,12.962415,0.000000,12.962415,0.052177,0.000000,0.052177
728850,100,4.0413,96.250,0.3890,0.3900,12.965089,0.000000,12.965089,0.052188,0.000000,0.052188
728950,100,4.0400,100.000,0.4040,0.4100,12.967866,0.000000,12.967866,0.052199,0.000000,0.052199
729050,100,4.0388,103.750,0.4190,0.4200,12.970748,0.000000,12.970748,0.052211,0.000000,0.052211
729150,100,4.0375,108.750,0.4391,0.4400,12.973769,0.000000,12.973769,0.052223,0.000000,0.052223
#MARK,729173,100,"seg_057_p10_b159_end",12.973769,0.000000,12.973769,0.052223,0.000000,0.052223
729250,100,4.0363,113.750,0.4591,0.4600,12.976929,0.000000,12.976929,0.052236,0.000000,0.052236
729350,100,4.0375,107.500,0.4340,0.4400,12.979915,0.000000,12.979915,0.052248,0.000000,0.052248
729450,100,4.0363,113.750,0.4591,0.4600,12.983075,0.000000,12.983075,0.052261,0.000000,0.052261
729550,100,4.0350,117.500,0.4741,0.4700,12.986339,0.000000,12.986339,0.052274,0.000000,0.052274
729650,100,4.0325,123.750,0.4990,0.5000,12.989776,0.000000,12.989776,0.052288,0.000000,0.052288
729750,100,4.0313,128.750,0.5190,0.5100,12.993352,0.000000,12.993352,0.052302,0.000000,0.052302
729850,100,4.0300,132.500,0.5340,0.5400,12.997033,0.000000,12.997033,0.052317,0.000000,0.052317
729950,100,4.0287,136.250,0.5489,0.5500,13.000818,0.000000,13.000818,0.052332,0.000000,0.052332
730050,100,4.0262,141.250,0.5687,0.5700,13.004741,0.000000,13.004741,0.052348,0.000000,0.052348
730150,100,4.0250,145.000,0.5836,0.5900,13.008769,0.000000,13.008769,0.052364,0.000000,0.052364
730250,100,4.0237,148.750,0.5985,0.6000,13.012901,0.000000,13.012901,0.052381,0.000000,0.052381
#MARK,730312,100,"seg_058_p10_b191_start",13.012901,0.000000,13.012901,0.052381,0.000000,0.052381
730350,100,4.0237,152.500,0.6136,0.6200,13.017137,0.000000,13.017137,0.052398,0.000000,0.052398
730450,100,4.0225,155.000,0.6235,0.6200,13.021443,0.000000,13.021443,0.052415,0.000000,0.052415
730550,100,4.0212,156.250,0.6283,0.6300,13.025783,0.000000,13.025783,0.052433,0.000000,0.052433
730650,100,4.0212,157.500,0.6333,0.6300,13.030158,0.000000,13.030158,0.052450,0.000000,0.052450
730750,100,4.0212,158.750,0.6384,0.6400,13.034568,0.000000,13.034568,0.052468,0.000000,0.052468
730850,100,4.0212,157.500,0.6333,0.6300,13.038943,0.000000,13.038943,0.052486,0.000000,0.052486
730950,100,4.0212,156.250,0.6283,0.6300,13.043283,0.000000,13.043283,0.052503,0.000000,0.052503
731050,100,4.0212,155.000,0.6233,0.6200,13.047589,0.000000,13.047589,0.052520,0.000000,0.052520
731150,100,4.0225,152.500,0.6134,0.6100,13.051825,0.000000,13.051825,0.052538,0.000000,0.052538
731250,100,4.0237,148.750,0.5985,0.6000,13.055957,0.000000,13.055957,0.052554,0.000000,0.052554
731350,100,4.0250,145.000,0.5836,0.5900,13.059984,0.000000,13.059984,0.052570,0.000000,0.052570
731450,100,4.0250,141.250,0.5685,0.5700,13.063908,0.000000,13.063908,0.052586,0.000000,0.052586
731550,100,4.0262,138.750,0.5586,0.5600,13.067762,0.000000,13.067762,0.052602,0.000000,0.052602
731650,100,4.0287,132.500,0.5338,0.5300,13.071443,0.000000,13.071443,0.052616,0.000000,0.052616
731750,100,4.0300,126.250,0.5088,0.5100,13.074950,0.000000,13.074950,0.052631,0.000000,0.052631
731850,100,4.0313,122.500,0.4938,0.5000,13.078352,0.000000,13.078352,0.052644,0.000000,0.052644
731950,100,4.0338,116.250,0.4689,0.4700,13.081582,0.000000,13.081582,0.052657,0.000000,0.052657
732050,100,4.0350,113.750,0.4590,0.4600,13.084741,0.000000,13.084741,0.052670,0.000000,0.052670
732150,100,4.0363,107.500,0.4339,0.4400,13.087727,0.000000,13.087727,0.052682,0.000000,0.052682
732250,100,4.0375,102.500,0.4138,0.4200,13.090575,0.000000,13.090575,0.052694,0.000000,0.052694
732350,100,4.0400,98.750,0.3990,0.4000,13.093318,0.000000,13.093318,0.052705,0.000000,0.052705
732450,100,4.0413,93.750,0.3789,0.3800,13.095922,0.000000,13.095922,0.052715,0.000000,0.052715
732550,100,4.0425,90.000,0.3638,0.3700,13.098422,0.000000,13.098422,0.052725,0.000000,0.052725
732650,100,4.0425,88.750,0.3588,0.3600,13.100887,0.000000,13.100887,0.052735,0.000000,0.052735
732750,100,4.0437,85.000,0.3437,0.3400,13.103248,0.000000,13.103248,0.052745,0.000000,0.052745
732850,100,4.0450,82.500,0.3337,0.3300,13.105540,0.000000,13.105540,0.052754,0.000000,0.052754
732950,100,4.0450,80.000,0.3236,0.3200,13.107762,0.000000,13.107762,0.052763,0.000000,0.052763
733050,100,4.0462,78.750,0.3186,0.3200,13.109950,0.000000,13.109950,0.052772,0.000000,0.052772
733150,100,4.0462,76.250,0.3085,0.3100,13.112068,0.000000,13.112068,0.052781,0.000000,0.052781
733250,100,4.0475,76.250,0.3086,0.3100,13.114186,0.000000,13.114186,0.052789,0.000000,0.052789
733350,100,4.0475,75.000,0.3036,0.3000,13.116269,0.000000,13.116269,0.052798,0.000000,0.052798
733450,100,4.0475,75.000,0.3036,0.3000,13.118352,0.000000,13.118352,0.052806,0.000000,0.052806
733550,100,4.0475,75.000,0.3036,0.3000,13.120436,0.000000,13.120436,0.052814,0.000000,0.052814
733650,100,4.0475,73.750,0.2985,0.3000,13.122484,0.000000,13.122484,0.052823,0.000000,0.052823
733750,100,4.0475,73.750,0.2985,0.3000,13.124533,0.000000,13.124533,0.052831,0.000000,0.052831
733850,100,4.0475,73.750,0.2985,0.3000,13.126582,0.000000,13.126582,0.052839,0.000000,0.052839
733950,100,4.0475,73.750,0.2985,0.3000,13.128630,0.000000,13.128630,0.052848,0.000000,0.052848
734050,100,4.0475,73.750,0.2985,0.3000,13.130679,0.000000,13.130679,0.052856,0.000000,0.052856
734150,100,4.0475,76.250,0.3086,0.3100,13.132797,0.000000,13.132797,0.052864,0.000000,0.052864
734250,100,4.0475,76.250,0.3086,0.3100,13.134915,0.000000,13.134915,0.052873,0.000000,0.052873
734350,100,4.0462,77.500,0.3136,0.3100,13.137068,0.000000,13.137068,0.052882,0.000000,0.052882
734450,100,4.0462,78.750,0.3186,0.3200,13.139255,0.000000,13.139255,0.052891,0.000000,0.052891
734550,100,4.0462,81.250,0.3288,0.3300,13.141512,0.000000,13.141512,0.052900,0.000000,0.052900
734650,100,4.0450,82.500,0.3337,0.3300,13.143804,0.000000,13.143804,0.052909,0.000000,0.052909
734750,100,4.0450,85.000,0.3438,0.3400,13.146165,0.000000,13.146165,0.052919,0.000000,0.052919
734850,100,4.0437,88.750,0.3589,0.3600,13.148630,0.000000,13.148630,0.052929,0.000000,0.052929
734950,100,4.0425,90.000,0.3638,0.3600,13.151130,0.000000,13.151130,0.052939,0.000000,0.052939
735050,100,4.0413,93.750,0.3789,0.3800,13.153734,0.000000,13.153734,0.052949,0.000000,0.052949
735150,100,4.0400,97.500,0.3939,0.3900,13.156443,0.000000,13.156443,0.052960,0.000000,0.052960
735250,100,4.0388,102.500,0.4140,0.4200,13.159290,0.000000,13.159290,0.052972,0.000000,0.052972
735350,100,4.0375,106.250,0.4290,0.4300,13.162241,0.000000,13.162241,0.052984,0.000000,0.052984
735450,100,4.0350,112.500,0.4539,0.4500,13.165366,0.000000,13.165366,0.052996,0.000000,0.052996
735550,100,4.0350,117.500,0.4741,0.4700,13.168630,0.000000,13.168630,0.053009,0.000000,0.053009
#MARK,735561,100,"seg_058_p10_b191_end",13.168630,0.000000,13.168630,0.053009,0.000000,0.053009
735650,100,4.0325,121.250,0.4889,0.4900,13.171998,0.000000,13.171998,0.053023,0.000000,0.053023
735750,100,4.0350,113.750,0.4590,0.4600,13.175158,0.000000,13.175158,0.053036,0.000000,0.053036
735850,100,4.0325,121.250,0.4889,0.4900,13.178526,0.000000,13.178526,0.053049,0.000000,0.053049
735950,100,4.0313,127.500,0.5140,0.5100,13.182068,0.000000,13.182068,0.053063,0.000000,0.053063
736050,100,4.0287,132.500,0.5338,0.5300,13.185748,0.000000,13.185748,0.053078,0.000000,0.053078
736150,100,4.0275,138.750,0.5588,0.5600,13.189602,0.000000,13.189602,0.053094,0.000000,0.053094
736250,100,4.0262,143.750,0.5788,0.5800,13.193595,0.000000,13.193595,0.053110,0.000000,0.053110
736350,100,4.0237,147.500,0.5935,0.5900,13.197693,0.000000,13.197693,0.053126,0.000000,0.053126
736450,100,4.0225,155.000,0.6235,0.6200,13.201998,0.000000,13.201998,0.053144,0.000000,0.053144
736550,100,4.0212,158.750,0.6384,0.6400,13.206408,0.000000,13.206408,0.053161,0.000000,0.053161
736650,100,4.0200,162.500,0.6532,0.6500,13.210922,0.000000,13.210922,0.053180,0.000000,0.053180
#MARK,736731,100,"seg_059_p10_b223_start",13.210922,0.000000,13.210922,0.053180,0.000000,0.053180
736750,100,4.0175,167.500,0.6729,0.6700,13.215575,0.000000,13.215575,0.053198,0.000000,0.053198
736850,100,4.0175,168.750,0.6780,0.6800,13.220262,0.000000,13.220262,0.053217,0.000000,0.053217
736950,100,4.0163,171.250,0.6878,0.6900,13.225019,0.000000,13.225019,0.053236,0.000000,0.053236
737050,100,4.0163,171.250,0.6878,0.6900,13.229776,0.000000,13.229776,0.053255,0.000000,0.053255
737150,100,4.0150,173.750,0.6976,0.7000,13.234602,0.000000,13.234602,0.053275,0.000000,0.053275
737250,100,4.0163,171.250,0.6878,0.6900,13.239359,0.000000,13.239359,0.053294,0.000000,0.053294
737350,100,4.0163,170.000,0.6828,0.6800,13.244082,0.000000,13.244082,0.053313,0.000000,0.053313
737450,100,4.0163,168.750,0.6777,0.6800,13.248769,0.000000,13.248769,0.053332,0.000000,0.053332
737550,100,4.0175,165.000,0.6629,0.6600,13.253352,0.000000,13.253352,0.053350,0.000000,0.053350
737650,100,4.0188,161.250,0.6480,0.6500,13.257832,0.000000,13.257832,0.053368,0.000000,0.053368
737750,100,4.0200,158.750,0.6382,0.6400,13.262241,0.000000,13.262241,0.053386,0.000000,0.053386
737850,100,4.0212,155.000,0.6233,0.6200,13.266547,0.000000,13.266547,0.053403,0.000000,0.053403
737950,100,4.0225,148.750,0.5983,0.6000,13.270679,0.000000,13.270679,0.053420,0.000000,0.053420
738050,100,4.0250,141.250,0.5685,0.5700,13.274602,0.000000,13.274602,0.053435,0.000000,0.053435
738150,100,4.0262,137.500,0.5536,0.5500,13.278422,0.000000,13.278422,0.053451,0.000000,0.053451
738250,100,4.0275,131.250,0.5286,0.5300,13.282068,0.000000,13.282068,0.053466,0.000000,0.053466
738350,100,4.0300,125.000,0.5038,0.5100,13.285540,0.000000,13.285540,0.053480,0.000000,0.053480
738450,100,4.0313,120.000,0.4837,0.4900,13.288873,0.000000,13.288873,0.053493,0.000000,0.053493
738550,100,4.0338,113.750,0.4588,0.4600,13.292033,0.000000,13.292033,0.053506,0.000000,0.053506
738650,100,4.0350,107.500,0.4338,0.4400,13.295019,0.000000,13.295019,0.053518,0.000000,0.053518
738750,100,4.0375,102.500,0.4138,0.4200,13.297866,0.000000,13.297866,0.053529,0.000000,0.053529
738850,100,4.0388,98.750,0.3988,0.4000,13.300609,0.000000,13.300609,0.053540,0.000000,0.053540
738950,100,4.0400,95.000,0.3838,0.3800,13.303248,0.000000,13.303248,0.053551,0.000000,0.053551
739050,100,4.0413,90.000,0.3637,0.3700,13.305748,0.000000,13.305748,0.053561,0.000000,0.053561
739150,100,4.0425,87.500,0.3537,0.3600,13.308179,0.000000,13.308179,0.053571,0.000000,0.053571
739250,100,4.0425,83.750,0.3386,0.3400,13.310505,0.000000,13.310505,0.053580,0.000000,0.053580
739350,100,4.0437,82.500,0.3336,0.3300,13.312797,0.000000,13.312797,0.053590,0.000000,0.053590
739450,100,4.0437,80.000,0.3235,0.3200,13.315019,0.000000,13.315019,0.053599,0.000000,0.053599
739550,100,4.0450,78.750,0.3185,0.3200,13.317207,0.000000,13.317207,0.053607,0.000000,0.053607
739650,100,4.0450,77.500,0.3135,0.3100,13.319359,0.000000,13.319359,0.053616,0.000000,0.053616
739750,100,4.0462,76.250,0.3085,0.3100,13.321477,0.000000,13.321477,0.053625,0.000000,0.053625
739850,100,4.0462,75.000,0.3035,0.3000,13.323561,0.000000,13.323561,0.053633,0.000000,0.053633
739950,100,4.0462,75.000,0.3035,0.3000,13.325644,0.000000,13.325644,0.053642,0.000000,0.053642
740050,100,4.0475,75.000,0.3036,0.3000,13.327727,0.000000,13.327727,0.053650,0.000000,0.053650
740150,100,4.0462,75.000,0.3035,0.3000,13.329811,0.000000,13.329811,0.053658,0.000000,0.053658
740250,100,4.0462,75.000,0.3035,0.3000,13.331894,0.000000,13.331894,0.053667,0.000000,0.053667
740350,100,4.0462,75.000,0.3035,0.3000,13.333977,0.000000,13.333977,0.053675,0.000000,0.053675
740450,100,4.0462,75.000,0.3035,0.3000,13.336061,0.000000,13.336061,0.053684,0.000000,0.053684
740550,100,4.0462,76.250,0.3085,0.3100,13.338179,0.000000,13.338179,0.053692,0.000000,0.053692
740650,100,4.0462,77.500,0.3136,0.3100,13.340332,0.000000,13.340332,0.053701,0.000000,0.053701
740750,100,4.0450,78.750,0.3185,0.3200,13.342519,0.000000,13.342519,0.053710,0.000000,0.053710
740850,100,4.0450,81.250,0.3287,0.3200,13.344776,0.000000,13.344776,0.053719,0.000000,0.053719
740950,100,4.0450,82.500,0.3337,0.3300,13.347068,0.000000,13.347068,0.053728,0.000000,0.053728
741050,100,4.0437,85.000,0.3437,0.3400,13.349429,0.000000,13.349429,0.053738,0.000000,0.053738
741150,100,4.0425,88.750,0.3588,0.3600,13.351894,0.000000,13.351894,0.053748,0.000000,0.053748
741250,100,4.0413,91.250,0.3688,0.3700,13.354429,0.000000,13.354429,0.053758,0.000000,0.053758
741350,100,4.0413,95.000,0.3839,0.3800,13.357068,0.000000,13.357068,0.053769,0.000000,0.053769
741450,100,4.0400,98.750,0.3990,0.4000,13.359811,0.000000,13.359811,0.053780,0.000000,0.053780
741550,100,4.0388,102.500,0.4140,0.4200,13.362658,0.000000,13.362658,0.053791,0.000000,0.053791
741650,100,4.0363,108.750,0.4389,0.4400,13.365679,0.000000,13.365679,0.053803,0.000000,0.053803
741750,100,4.0350,113.750,0.4590,0.4600,13.368839,0.000000,13.368839,0.053816,0.000000,0.053816
741850,100,4.0325,120.000,0.4839,0.4900,13.372172,0.000000,13.372172,0.053830,0.000000,0.053830
741950,100,4.0313,126.250,0.5089,0.5100,13.375679,0.000000,13.375679,0.053844,0.000000,0.053844
#MARK,741976,100,"seg_059_p10_b223_end",13.375679,0.000000,13.375679,0.053844,0.000000,0.053844
742050,100,4.0287,133.750,0.5388,0.5400,13.379394,0.000000,13.379394,0.053859,0.000000,0.053859
742150,100,4.0325,120.000,0.4839,0.4800,13.382727,0.000000,13.382727,0.053872,0.000000,0.053872
742250,100,4.0300,126.250,0.5088,0.5100,13.386234,0.000000,13.386234,0.053886,0.000000,0.053886
742350,100,4.0275,135.000,0.5437,0.5400,13.389984,0.000000,13.389984,0.053901,0.000000,0.053901
742450,100,4.0262,140.000,0.5637,0.5700,13.393873,0.000000,13.393873,0.053917,0.000000,0.053917
742550,100,4.0237,147.500,0.5935,0.6000,13.397970,0.000000,13.397970,0.053934,0.000000,0.053934
742650,100,4.0225,152.500,0.6134,0.6100,13.402207,0.000000,13.402207,0.053951,0.000000,0.053951
742750,100,4.0200,157.500,0.6331,0.6300,13.406582,0.000000,13.406582,0.053968,0.000000,0.053968
742850,100,4.0175,166.250,0.6679,0.6700,13.411200,0.000000,13.411200,0.053987,0.000000,0.053987
742950,100,4.0163,170.000,0.6828,0.6800,13.415922,0.000000,13.415922,0.054006,0.000000,0.054006
743050,100,4.0150,173.750,0.6976,0.7000,13.420748,0.000000,13.420748,0.054025,0.000000,0.054025
#MARK,743124,100,"seg_060_p10_b255_start",13.420748,0.000000,13.420748,0.054025,0.000000,0.054025
743150,100,4.0138,178.750,0.7175,0.7200,13.425714,0.000000,13.425714,0.054045,0.000000,0.054045
743250,100,4.0125,182.500,0.7323,0.7300,13.430783,0.000000,13.430783,0.054065,0.000000,0.054065
743350,100,4.0113,183.750,0.7371,0.7400,13.435887,0.000000,13.435887,0.054086,0.000000,0.054086
743450,100,4.0113,186.250,0.7471,0.7500,13.441061,0.000000,13.441061,0.054107,0.000000,0.054107
743550,100,4.0100,188.750,0.7569,0.7600,13.446304,0.000000,13.446304,0.054128,0.000000,0.054128
743650,100,4.0113,186.250,0.7471,0.7500,13.451477,0.000000,13.451477,0.054148,0.000000,0.054148
743750,100,4.0100,185.000,0.7419,0.7400,13.456616,0.000000,13.456616,0.054169,0.000000,0.054169
743850,100,4.0113,182.500,0.7321,0.7300,13.461686,0.000000,13.461686,0.054189,0.000000,0.054189
743950,100,4.0125,180.000,0.7222,0.7200,13.466686,0.000000,13.466686,0.054209,0.000000,0.054209
744050,100,4.0138,175.000,0.7024,0.7000,13.471547,0.000000,13.471547,0.054229,0.000000,0.054229
744150,100,4.0150,171.250,0.6876,0.6900,13.476304,0.000000,13.476304,0.054248,0.000000,0.054248
744250,100,4.0163,166.250,0.6677,0.6700,13.480922,0.000000,13.480922,0.054267,0.000000,0.054267
744350,100,4.0175,161.250,0.6478,0.6500,13.485401,0.000000,13.485401,0.054285,0.000000,0.054285
744450,100,4.0200,153.750,0.6181,0.6200,13.489672,0.000000,13.489672,0.054302,0.000000,0.054302
744550,100,4.0212,147.500,0.5931,0.5900,13.493769,0.000000,13.493769,0.054318,0.000000,0.054318
744650,100,4.0237,141.250,0.5684,0.5700,13.497693,0.000000,13.497693,0.054334,0.000000,0.054334
744750,100,4.0262,133.750,0.5385,0.5400,13.501408,0.000000,13.501408,0.054349,0.000000,0.054349
744850,100,4.0275,127.500,0.5135,0.5100,13.504950,0.000000,13.504950,0.054363,0.000000,0.054363
744950,100,4.0300,121.250,0.4886,0.4900,13.508318,0.000000,13.508318,0.054377,0.000000,0.054377
745050,100,4.0325,115.000,0.4637,0.4600,13.511512,0.000000,13.511512,0.054390,0.000000,0.054390
745150,100,4.0338,108.750,0.4387,0.4400,13.514533,0.000000,13.514533,0.054402,0.000000,0.054402
745250,100,4.0363,103.750,0.4188,0.4200,13.517415,0.000000,13.517415,0.054413,0.000000,0.054413
745350,100,4.0375,100.000,0.4038,0.4000,13.520193,0.000000,13.520193,0.054425,0.000000,0.054425
745450,100,4.0388,95.000,0.3837,0.3800,13.522832,0.000000,13.522832,0.054435,0.000000,0.054435
745550,100,4.0400,91.250,0.3687,0.3700,13.525366,0.000000,13.525366,0.054446,0.000000,0.054446
745650,100,4.0413,88.750,0.3587,0.3600,13.527832,0.000000,13.527832,0.054456,0.000000,0.054456
745750,100,4.0413,85.000,0.3435,0.3400,13.530193,0.000000,13.530193,0.054465,0.000000,0.054465
745850,100,4.0425,82.500,0.3335,0.3300,13.532484,0.000000,13.532484,0.054474,0.000000,0.054474
745950,100,4.0437,80.000,0.3235,0.3200,13.534707,0.000000,13.534707,0.054483,0.000000,0.054483
746050,100,4.0450,78.750,0.3185,0.3200,13.536894,0.000000,13.536894,0.054492,0.000000,0.054492
746150,100,4.0450,77.500,0.3135,0.3100,13.539047,0.000000,13.539047,0.054501,0.000000,0.054501
746250,100,4.0450,76.250,0.3084,0.3100,13.541165,0.000000,13.541165,0.054509,0.000000,0.054509
746350,100,4.0462,76.250,0.3085,0.3100,13.543283,0.000000,13.543283,0.054518,0.000000,0.054518
746450,100,4.0450,75.000,0.3034,0.3000,13.545366,0.000000,13.545366,0.054526,0.000000,0.054526
746550,100,4.0450,75.000,0.3034,0.3000,13.547450,0.000000,13.547450,0.054535,0.000000,0.054535
746650,100,4.0450,75.000,0.3034,0.3000,13.549533,0.000000,13.549533,0.054543,0.000000,0.054543
746750,100,4.0450,75.000,0.3034,0.3100,13.551616,0.000000,13.551616,0.054552,0.000000,0.054552
746850,100,4.0450,76.250,0.3084,0.3100,13.553734,0.000000,13.553734,0.054560,0.000000,0.054560
746950,100,4.0450,76.250,0.3084,0.3100,13.555852,0.000000,13.555852,0.054569,0.000000,0.054569
747050,100,4.0450,77.500,0.3135,0.3200,13.558005,0.000000,13.558005,0.054578,0.000000,0.054578
747150,100,4.0437,80.000,0.3235,0.3200,13.560227,0.000000,13.560227,0.054587,0.000000,0.054587
747250,100,4.0437,81.250,0.3286,0.3300,13.562484,0.000000,13.562484,0.054596,0.000000,0.054596
747350,100,4.0425,83.750,0.3386,0.3400,13.564811,0.000000,13.564811,0.054605,0.000000,0.054605
747450,100,4.0425,86.250,0.3487,0.3500,13.567207,0.000000,13.567207,0.054615,0.000000,0.054615
747550,100,4.0413,90.000,0.3637,0.3700,13.569707,0.000000,13.569707,0.054625,0.000000,0.054625
747650,100,4.0400,93.750,0.3787,0.3800,13.572311,0.000000,13.572311,0.054635,0.000000,0.054635
747750,100,4.0388,98.750,0.3988,0.4000,13.575054,0.000000,13.575054,0.054646,0.000000,0.054646
747850,100,4.0375,102.500,0.4138,0.4100,13.577901,0.000000,13.577901,0.054658,0.000000,0.054658
747950,100,4.0350,108.750,0.4388,0.4400,13.580922,0.000000,13.580922,0.054670,0.000000,0.054670
748050,100,4.0338,113.750,0.4588,0.4600,13.584082,0.000000,13.584082,0.054683,0.000000,0.054683
748150,100,4.0313,118.750,0.4787,0.4800,13.587380,0.000000,13.587380,0.054696,0.000000,0.054696
748250,100,4.0300,126.250,0.5088,0.5100,13.590887,0.000000,13.590887,0.054710,0.000000,0.054710
748350,100,4.0275,132.500,0.5336,0.5300,13.594568,0.000000,13.594568,0.054725,0.000000,0.054725
#MARK,748372,100,"seg_060_p10_b255_end",13.594568,0.000000,13.594568,0.054725,0.000000,0.054725
748450,100,4.0338,108.750,0.4387,0.4400,13.597589,0.000000,13.597589,0.054737,0.000000,0.054737
748550,100,4.0400,91.250,0.3687,0.3700,13.600123,0.000000,13.600123,0.054748,0.000000,0.054748
748650,100,4.0425,86.250,0.3487,0.3500,13.602519,0.000000,13.602519,0.054757,0.000000,0.054757
748750,100,4.0462,71.250,0.2883,0.2900,13.604498,0.000000,13.604498,0.054765,0.000000,0.054765
748850,100,4.0462,71.250,0.2883,0.2900,13.606477,0.000000,13.606477,0.054773,0.000000,0.054773
748950,100,4.0475,71.250,0.2884,0.2900,13.608457,0.000000,13.608457,0.054781,0.000000,0.054781
749050,100,4.0475,71.250,0.2884,0.2900,13.610436,0.000000,13.610436,0.054789,0.000000,0.054789
749150,100,4.0475,71.250,0.2884,0.2900,13.612415,0.000000,13.612415,0.054797,0.000000,0.054797
749250,100,4.0475,71.250,0.2884,0.2900,13.614394,0.000000,13.614394,0.054805,0.000000,0.054805
749350,100,4.0475,71.250,0.2884,0.2900,13.616373,0.000000,13.616373,0.054813,0.000000,0.054813
749450,100,4.0475,70.000,0.2833,0.2800,13.618318,0.000000,13.618318,0.054821,0.000000,0.054821
#MARK,749500,100,"seg_061_p11_b095_start",13.618318,0.000000,13.618318,0.054821,0.000000,0.054821
749550,100,4.0475,71.250,0.2884,0.2900,13.620297,0.000000,13.620297,0.054829,0.000000,0.054829
749650,100,4.0475,71.250,0.2884,0.2800,13.622276,0.000000,13.622276,0.054837,0.000000,0.054837
749750,100,4.0475,71.250,0.2884,0.2900,13.624255,0.000000,13.624255,0.054845,0.000000,0.054845
749850,100,4.0475,71.250,0.2884,0.2900,13.626234,0.000000,13.626234,0.054853,0.000000,0.054853
749950,100,4.0475,71.250,0.2884,0.2900,13.628214,0.000000,13.628214,0.054861,0.000000,0.054861
750050,100,4.0475,71.250,0.2884,0.2900,13.630193,0.000000,13.630193,0.054869,0.000000,0.054869
750150,100,4.0475,71.250,0.2884,0.2900,13.632172,0.000000,13.632172,0.054877,0.000000,0.054877
750250,100,4.0475,71.250,0.2884,0.2900,13.634151,0.000000,13.634151,0.054885,0.000000,0.054885
750350,100,4.0475,72.500,0.2934,0.2900,13.636165,0.000000,13.636165,0.054893,0.000000,0.054893
750450,100,4.0475,71.250,0.2884,0.2900,13.638144,0.000000,13.638144,0.054901,0.000000,0.054901
750550,100,4.0475,71.250,0.2884,0.2900,13.640123,0.000000,13.640123,0.054909,0.000000,0.054909
750650,100,4.0475,71.250,0.2884,0.2900,13.642102,0.000000,13.642102,0.054917,0.000000,0.054917
750750,100,4.0475,71.250,0.2884,0.2900,13.644082,0.000000,13.644082,0.054925,0.000000,0.054925
750850,100,4.0475,71.250,0.2884,0.2900,13.646061,0.000000,13.646061,0.054933,0.000000,0.054933
750950,100,4.0475,71.250,0.2884,0.2900,13.648040,0.000000,13.648040,0.054941,0.000000,0.054941
751050,100,4.0475,71.250,0.2884,0.2900,13.650019,0.000000,13.650019,0.054950,0.000000,0.054950
751150,100,4.0487,70.000,0.2834,0.2800,13.651964,0.000000,13.651964,0.054957,0.000000,0.054957
751250,100,4.0475,70.000,0.2833,0.2800,13.653908,0.000000,13.653908,0.054965,0.000000,0.054965
751350,100,4.0487,70.000,0.2834,0.2800,13.655852,0.000000,13.655852,0.054973,0.000000,0.054973
751450,100,4.0475,70.000,0.2833,0.2800,13.657797,0.000000,13.657797,0.054981,0.000000,0.054981
751550,100,4.0487,70.000,0.2834,0.2800,13.659741,0.000000,13.659741,0.054989,0.000000,0.054989
751650,100,4.0487,70.000,0.2834,0.2800,13.661686,0.000000,13.661686,0.054997,0.000000,0.054997
751750,100,4.0475,70.000,0.2833,0.2800,13.663630,0.000000,13.663630,0.055005,0.000000,0.055005
751850,100,4.0487,70.000,0.2834,0.2800,13.665575,0.000000,13.665575,0.055012,0.000000,0.055012
751950,100,4.0475,70.000,0.2833,0.2800,13.667519,0.000000,13.667519,0.055020,0.000000,0.055020
752050,100,4.0487,70.000,0.2834,0.2800,13.669464,0.000000,13.669464,0.055028,0.000000,0.055028
752150,100,4.0475,70.000,0.2833,0.2800,13.671408,0.000000,13.671408,0.055036,0.000000,0.055036
752250,100,4.0475,70.000,0.2833,0.2800,13.673352,0.000000,13.673352,0.055044,0.000000,0.055044
752350,100,4.0487,70.000,0.2834,0.2800,13.675297,0.000000,13.675297,0.055052,0.000000,0.055052
752450,100,4.0475,70.000,0.2833,0.2800,13.677241,0.000000,13.677241,0.055060,0.000000,0.055060
752550,100,4.0487,68.750,0.2784,0.2800,13.679151,0.000000,13.679151,0.055067,0.000000,0.055067
752650,100,4.0487,70.000,0.2834,0.2800,13.681095,0.000000,13.681095,0.055075,0.000000,0.055075
752750,100,4.0487,70.000,0.2834,0.2800,13.683040,0.000000,13.683040,0.055083,0.000000,0.055083
752850,100,4.0487,70.000,0.2834,0.2800,13.684984,0.000000,13.684984,0.055091,0.000000,0.055091
752950,100,4.0487,70.000,0.2834,0.2800,13.686929,0.000000,13.686929,0.055099,0.000000,0.055099
753050,100,4.0487,70.000,0.2834,0.2800,13.688873,0.000000,13.688873,0.055107,0.000000,0.055107
753150,100,4.0487,70.000,0.2834,0.2800,13.690818,0.000000,13.690818,0.055115,0.000000,0.055115
753250,100,4.0487,70.000,0.2834,0.2800,13.692762,0.000000,13.692762,0.055123,0.000000,0.055123
753350,100,4.0487,70.000,0.2834,0.2800,13.694707,0.000000,13.694707,0.055130,0.000000,0.055130
753450,100,4.0487,70.000,0.2834,0.2800,13.696651,0.000000,13.696651,0.055138,0.000000,0.055138
753550,100,4.0487,70.000,0.2834,0.2800,13.698595,0.000000,13.698595,0.055146,0.000000,0.055146
753650,100,4.0487,70.000,0.2834,0.2800,13.700540,0.000000,13.700540,0.055154,0.000000,0.055154
753750,100,4.0487,70.000,0.2834,0.2800,13.702484,0.000000,13.702484,0.055162,0.000000,0.055162
753850,100,4.0487,68.750,0.2784,0.2800,13.704394,0.000000,13.704394,0.055170,0.000000,0.055170
753950,100,4.0487,70.000,0.2834,0.2800,13.706339,0.000000,13.706339,0.055178,0.000000,0.055178
754050,100,4.0487,70.000,0.2834,0.2800,13.708283,0.000000,13.708283,0.055185,0.000000,0.055185
754150,100,4.0487,70.000,0.2834,0.2800,13.710227,0.000000,13.710227,0.055193,0.000000,0.055193
754250,100,4.0487,70.000,0.2834,0.2800,13.712172,0.000000,13.712172,0.055201,0.000000,0.055201
754350,100,4.0487,70.000,0.2834,0.2800,13.714116,0.000000,13.714116,0.055209,0.000000,0.055209
754450,100,4.0487,70.000,0.2834,0.2800,13.716061,0.000000,13.716061,0.055217,0.000000,0.055217
754550,100,4.0487,70.000,0.2834,0.2800,13.718005,0.000000,13.718005,0.055225,0.000000,0.055225
754650,100,4.0487,70.000,0.2834,0.2800,13.719950,0.000000,13.719950,0.055233,0.000000,0.055233
#MARK,754743,100,"seg_061_p11_b095_end",13.719950,0.000000,13.719950,0.055233,0.000000,0.055233
754750,100,4.0487,70.000,0.2834,0.2800,13.721894,0.000000,13.721894,0.055240,0.000000,0.055240
754850,100,4.0475,72.500,0.2934,0.2900,13.723908,0.000000,13.723908,0.055249,0.000000,0.055249
754950,100,4.0487,71.250,0.2885,0.2900,13.725887,0.000000,13.725887,0.055257,0.000000,0.055257
755050,100,4.0475,71.250,0.2884,0.2900,13.727866,0.000000,13.727866,0.055265,0.000000,0.055265
755150,100,4.0475,71.250,0.2884,0.2900,13.729845,0.000000,13.729845,0.055273,0.000000,0.055273
755250,100,4.0475,71.250,0.2884,0.2900,13.731825,0.000000,13.731825,0.055281,0.000000,0.055281
755350,100,4.0487,71.250,0.2885,0.2900,13.733804,0.000000,13.733804,0.055289,0.000000,0.055289
755450,100,4.0487,71.250,0.2885,0.2900,13.735783,0.000000,13.735783,0.055297,0.000000,0.055297
755550,100,4.0475,71.250,0.2884,0.2900,13.737762,0.000000,13.737762,0.055305,0.000000,0.055305
755650,100,4.0475,71.250,0.2884,0.2900,13.739741,0.000000,13.739741,0.055313,0.000000,0.055313
755750,100,4.0487,71.250,0.2885,0.2900,13.741720,0.000000,13.741720,0.055321,0.000000,0.055321
755850,100,4.0475,71.250,0.2884,0.2900,13.743700,0.000000,13.743700,0.055329,0.000000,0.055329
#MARK,755872,100,"seg_062_p11_b127_start",13.743700,0.000000,13.743700,0.055329,0.000000,0.055329
755950,100,4.0475,71.250,0.2884,0.2900,13.745679,0.000000,13.745679,0.055337,0.000000,0.055337
756050,100,4.0487,71.250,0.2885,0.2900,13.747658,0.000000,13.747658,0.055345,0.000000,0.055345
756150,100,4.0487,71.250,0.2885,0.2800,13.749637,0.000000,13.749637,0.055353,0.000000,0.055353
756250,100,4.0487,71.250,0.2885,0.2900,13.751616,0.000000,13.751616,0.055361,0.000000,0.055361
756350,100,4.0487,71.250,0.2885,0.2900,13.753595,0.000000,13.753595,0.055369,0.000000,0.055369
756450,100,4.0487,71.250,0.2885,0.2900,13.755575,0.000000,13.755575,0.055377,0.000000,0.055377
756550,100,4.0487,71.250,0.2885,0.2900,13.757554,0.000000,13.757554,0.055385,0.000000,0.055385
756650,100,4.0487,71.250,0.2885,0.2900,13.759533,0.000000,13.759533,0.055393,0.000000,0.055393
756750,100,4.0487,71.250,0.2885,0.2900,13.761512,0.000000,13.761512,0.055401,0.000000,0.055401
756850,100,4.0487,71.250,0.2885,0.2900,13.763491,0.000000,13.763491,0.055409,0.000000,0.055409
756950,100,4.0487,71.250,0.2885,0.2900,13.765470,0.000000,13.765470,0.055417,0.000000,0.055417
757050,100,4.0487,70.000,0.2834,0.2800,13.767415,0.000000,13.767415,0.055425,0.000000,0.055425
757150,100,4.0487,71.250,0.2885,0.2900,13.769394,0.000000,13.769394,0.055433,0.000000,0.055433
757250,100,4.0487,71.250,0.2885,0.2800,13.771373,0.000000,13.771373,0.055441,0.000000,0.055441
757350,100,4.0487,70.000,0.2834,0.2800,13.773318,0.000000,13.773318,0.055449,0.000000,0.055449
757450,100,4.0487,71.250,0.2885,0.2800,13.775297,0.000000,13.775297,0.055457,0.000000,0.055457
757550,100,4.0487,70.000,0.2834,0.2800,13.777241,0.000000,13.777241,0.055465,0.000000,0.055465
757650,100,4.0487,70.000,0.2834,0.2800,13.779186,0.000000,13.779186,0.055472,0.000000,0.055472
757750,100,4.0487,70.000,0.2834,0.2800,13.781130,0.000000,13.781130,0.055480,0.000000,0.055480
757850,100,4.0487,70.000,0.2834,0.2800,13.783075,0.000000,13.783075,0.055488,0.000000,0.055488
757950,100,4.0437,86.250,0.3488,0.3500,13.785470,0.000000,13.785470,0.055498,0.000000,0.055498
758050,100,4.0400,97.500,0.3939,0.3900,13.788179,0.000000,13.788179,0.055509,0.000000,0.055509
758150,100,4.0437,87.500,0.3538,0.3500,13.790609,0.000000,13.790609,0.055519,0.000000,0.055519
758250,100,4.0400,97.500,0.3939,0.4000,13.793318,0.000000,13.793318,0.055530,0.000000,0.055530
758350,100,4.0425,88.750,0.3588,0.3600,13.795783,0.000000,13.795783,0.055540,0.000000,0.055540
758450,100,4.0413,93.750,0.3789,0.3800,13.798387,0.000000,13.798387,0.055550,0.000000,0.055550
758550,100,4.0400,97.500,0.3939,0.4000,13.801095,0.000000,13.801095,0.055561,0.000000,0.055561
758650,100,4.0475,72.500,0.2934,0.2900,13.803109,0.000000,13.803109,0.055569,0.000000,0.055569
758750,100,4.0487,70.000,0.2834,0.2800,13.805054,0.000000,13.805054,0.055577,0.000000,0.055577
758850,100,4.0487,70.000,0.2834,0.2800,13.806998,0.000000,13.806998,0.055585,0.000000,0.055585
758950,100,4.0487,68.750,0.2784,0.2800,13.808908,0.000000,13.808908,0.055593,0.000000,0.055593
759050,100,4.0487,70.000,0.2834,0.2800,13.810852,0.000000,13.810852,0.055601,0.000000,0.055601
759150,100,4.0487,70.000,0.2834,0.2800,13.812797,0.000000,13.812797,0.055608,0.000000,0.055608
759250,100,4.0487,70.000,0.2834,0.2800,13.814741,0.000000,13.814741,0.055616,0.000000,0.055616
759350,100,4.0487,70.000,0.2834,0.2800,13.816686,0.000000,13.816686,0.055624,0.000000,0.055624
759450,100,4.0487,70.000,0.2834,0.2800,13.818630,0.000000,13.818630,0.055632,0.000000,0.055632
759550,100,4.0487,70.000,0.2834,0.2800,13.820575,0.000000,13.820575,0.055640,0.000000,0.055640
759650,100,4.0487,70.000,0.2834,0.2800,13.822519,0.000000,13.822519,0.055648,0.000000,0.055648
759750,100,4.0487,70.000,0.2834,0.2800,13.824464,0.000000,13.824464,0.055656,0.000000,0.055656
759850,100,4.0487,68.750,0.2784,0.2800,13.826373,0.000000,13.826373,0.055663,0.000000,0.055663
759950,100,4.0487,70.000,0.2834,0.2800,13.828318,0.000000,13.828318,0.055671,0.000000,0.055671
760050,100,4.0487,70.000,0.2834,0.2800,13.830262,0.000000,13.830262,0.055679,0.000000,0.055679
760150,100,4.0487,70.000,0.2834,0.2800,13.832207,0.000000,13.832207,0.055687,0.000000,0.055687
760250,100,4.0487,70.000,0.2834,0.2800,13.834151,0.000000,13.834151,0.055695,0.000000,0.055695
760350,100,4.0487,68.750,0.2784,0.2800,13.836061,0.000000,13.836061,0.055703,0.000000,0.055703
760450,100,4.0487,70.000,0.2834,0.2800,13.838005,0.000000,13.838005,0.055710,0.000000,0.055710
760550,100,4.0487,70.000,0.2834,0.2800,13.839950,0.000000,13.839950,0.055718,0.000000,0.055718
760650,100,4.0487,70.000,0.2834,0.2800,13.841894,0.000000,13.841894,0.055726,0.000000,0.055726
760750,100,4.0487,70.000,0.2834,0.2800,13.843839,0.000000,13.843839,0.055734,0.000000,0.055734
760850,100,4.0487,70.000,0.2834,0.2800,13.845783,0.000000,13.845783,0.055742,0.000000,0.055742
760950,100,4.0487,70.000,0.2834,0.2800,13.847727,0.000000,13.847727,0.055750,0.000000,0.055750
761050,100,4.0487,70.000,0.2834,0.2800,13.849672,0.000000,13.849672,0.055758,0.000000,0.055758
#MARK,761122,100,"seg_062_p11_b127_end",13.849672,0.000000,13.849672,0.055758,0.000000,0.055758
761150,100,4.0487,70.000,0.2834,0.2800,13.851616,0.000000,13.851616,0.055766,0.000000,0.055766
761250,100,4.0475,72.500,0.2934,0.2900,13.853630,0.000000,13.853630,0.055774,0.000000,0.055774
761350,100,4.0487,71.250,0.2885,0.2900,13.855609,0.000000,13.855609,0.055782,0.000000,0.055782
761450,100,4.0487,71.250,0.2885,0.2800,13.857589,0.000000,13.857589,0.055790,0.000000,0.055790
761550,100,4.0487,71.250,0.2885,0.2900,13.859568,0.000000,13.859568,0.055798,0.000000,0.055798
761650,100,4.0487,71.250,0.2885,0.2900,13.861547,0.000000,13.861547,0.055806,0.000000,0.055806
761750,100,4.0487,71.250,0.2885,0.2900,13.863526,0.000000,13.863526,0.055814,0.000000,0.055814
761850,100,4.0487,71.250,0.2885,0.2900,13.865505,0.000000,13.865505,0.055822,0.000000,0.055822
761950,100,4.0487,71.250,0.2885,0.2900,13.867484,0.000000,13.867484,0.055830,0.000000,0.055830
762050,100,4.0487,71.250,0.2885,0.2900,13.869464,0.000000,13.869464,0.055838,0.000000,0.055838
762150,100,4.0487,71.250,0.2885,0.2900,13.871443,0.000000,13.871443,0.055846,0.000000,0.055846
762250,100,4.0487,71.250,0.2885,0.2900,13.873422,0.000000,13.873422,0.055854,0.000000,0.055854
#MARK,762259,100,"seg_063_p11_b159_start",13.873422,0.000000,13.873422,0.055854,0.000000,0.055854
762350,100,4.0487,71.250,0.2885,0.2800,13.875401,0.000000,13.875401,0.055862,0.000000,0.055862
762450,100,4.0487,71.250,0.2885,0.2900,13.877380,0.000000,13.877380,0.055870,0.000000,0.055870
762550,100,4.0487,71.250,0.2885,0.2900,13.879359,0.000000,13.879359,0.055878,0.000000,0.055878
762650,100,4.0487,71.250,0.2885,0.2900,13.881339,0.000000,13.881339,0.055886,0.000000,0.055886
762750,100,4.0487,71.250,0.2885,0.2900,13.883318,0.000000,13.883318,0.055894,0.000000,0.055894
762850,100,4.0487,71.250,0.2885,0.2800,13.885297,0.000000,13.885297,0.055902,0.000000,0.055902
762950,100,4.0487,71.250,0.2885,0.2900,13.887276,0.000000,13.887276,0.055910,0.000000,0.055910
763050,100,4.0487,71.250,0.2885,0.2900,13.889255,0.000000,13.889255,0.055918,0.000000,0.055918
763150,100,4.0487,71.250,0.2885,0.2900,13.891234,0.000000,13.891234,0.055926,0.000000,0.055926
763250,100,4.0487,71.250,0.2885,0.2900,13.893214,0.000000,13.893214,0.055934,0.000000,0.055934
763350,100,4.0487,71.250,0.2885,0.2900,13.895193,0.000000,13.895193,0.055942,0.000000,0.055942
763450,100,4.0487,71.250,0.2885,0.2900,13.897172,0.000000,13.897172,0.055950,0.000000,0.055950
763550,100,4.0487,71.250,0.2885,0.2900,13.899151,0.000000,13.899151,0.055958,0.000000,0.055958
763650,100,4.0487,71.250,0.2885,0.2900,13.901130,0.000000,13.901130,0.055966,0.000000,0.055966
763750,100,4.0487,71.250,0.2885,0.2900,13.903109,0.000000,13.903109,0.055974,0.000000,0.055974
763850,100,4.0487,71.250,0.2885,0.2900,13.905089,0.000000,13.905089,0.055982,0.000000,0.055982
763950,100,4.0487,70.000,0.2834,0.2800,13.907033,0.000000,13.907033,0.055990,0.000000,0.055990
764050,100,4.0487,70.000,0.2834,0.2800,13.908977,0.000000,13.908977,0.055998,0.000000,0.055998
764150,100,4.0487,70.000,0.2834,0.2800,13.910922,0.000000,13.910922,0.056006,0.000000,0.056006
764250,100,4.0487,70.000,0.2834,0.2800,13.912866,0.000000,13.912866,0.056014,0.000000,0.056014
764350,100,4.0487,70.000,0.2834,0.2800,13.914811,0.000000,13.914811,0.056021,0.000000,0.056021
764450,100,4.0500,70.000,0.2835,0.2800,13.916755,0.000000,13.916755,0.056029,0.000000,0.056029
764550,100,4.0500,70.000,0.2835,0.2800,13.918700,0.000000,13.918700,0.056037,0.000000,0.056037
764650,100,4.0487,70.000,0.2834,0.2800,13.920644,0.000000,13.920644,0.056045,0.000000,0.056045
764750,100,4.0487,70.000,0.2834,0.2800,13.922589,0.000000,13.922589,0.056053,0.000000,0.056053
764850,100,4.0487,70.000,0.2834,0.2800,13.924533,0.000000,13.924533,0.056061,0.000000,0.056061
764950,100,4.0487,70.000,0.2834,0.2800,13.926477,0.000000,13.926477,0.056069,0.000000,0.056069
765050,100,4.0487,70.000,0.2834,0.2800,13.928422,0.000000,13.928422,0.056077,0.000000,0.056077
765150,100,4.0487,70.000,0.2834,0.2800,13.930366,0.000000,13.930366,0.056084,0.000000,0.056084
765250,100,4.0487,68.750,0.2784,0.2800,13.932276,0.000000,13.932276,0.056092,0.000000,0.056092
765350,100,4.0500,70.000,0.2835,0.2800,13.934220,0.000000,13.934220,0.056100,0.000000,0.056100
765450,100,4.0487,70.000,0.2834,0.2800,13.936165,0.000000,13.936165,0.056108,0.000000,0.056108
765550,100,4.0487,70.000,0.2834,0.2800,13.938109,0.000000,13.938109,0.056116,0.000000,0.056116
765650,100,4.0487,70.000,0.2834,0.2800,13.940054,0.000000,13.940054,0.056124,0.000000,0.056124
765750,100,4.0500,70.000,0.2835,0.2800,13.941998,0.000000,13.941998,0.056131,0.000000,0.056131
765850,100,4.0487,70.000,0.2834,0.2800,13.943943,0.000000,13.943943,0.056139,0.000000,0.056139
765950,100,4.0487,70.000,0.2834,0.2800,13.945887,0.000000,13.945887,0.056147,0.000000,0.056147
766050,100,4.0487,70.000,0.2834,0.2800,13.947832,0.000000,13.947832,0.056155,0.000000,0.056155
766150,100,4.0487,68.750,0.2784,0.2800,13.949741,0.000000,13.949741,0.056163,0.000000,0.056163
766250,100,4.0487,70.000,0.2834,0.2800,13.951686,0.000000,13.951686,0.056171,0.000000,0.056171
766350,100,4.0487,68.750,0.2784,0.2800,13.953595,0.000000,13.953595,0.056178,0.000000,0.056178
766450,100,4.0500,70.000,0.2835,0.2800,13.955540,0.000000,13.955540,0.056186,0.000000,0.056186
766550,100,4.0500,70.000,0.2835,0.2800,13.957484,0.000000,13.957484,0.056194,0.000000,0.056194
766650,100,4.0500,70.000,0.2835,0.2800,13.959429,0.000000,13.959429,0.056202,0.000000,0.056202
766750,100,4.0500,68.750,0.2784,0.2800,13.961339,0.000000,13.961339,0.056210,0.000000,0.056210
766850,100,4.0500,70.000,0.2835,0.2800,13.963283,0.000000,13.963283,0.056218,0.000000,0.056218
766950,100,4.0500,70.000,0.2835,0.2800,13.965227,0.000000,13.965227,0.056226,0.000000,0.056226
767050,100,4.0500,70.000,0.2835,0.2800,13.967172,0.000000,13.967172,0.056233,0.000000,0.056233
767150,100,4.0500,70.000,0.2835,0.2800,13.969116,0.000000,13.969116,0.056241,0.000000,0.056241
767250,100,4.0500,70.000,0.2835,0.2800,13.971061,0.000000,13.971061,0.056249,0.000000,0.056249
767350,100,4.0487,70.000,0.2834,0.2800,13.973005,0.000000,13.973005,0.056257,0.000000,0.056257
767450,100,4.0500,70.000,0.2835,0.2800,13.974950,0.000000,13.974950,0.056265,0.000000,0.056265
#MARK,767497,100,"seg_063_p11_b159_end",13.974950,0.000000,13.974950,0.056265,0.000000,0.056265
767550,100,4.0487,71.250,0.2885,0.2900,13.976929,0.000000,13.976929,0.056273,0.000000,0.056273
767650,100,4.0487,71.250,0.2885,0.2900,13.978908,0.000000,13.978908,0.056281,0.000000,0.056281
767750,100,4.0487,71.250,0.2885,0.2900,13.980887,0.000000,13.980887,0.056289,0.000000,0.056289
767850,100,4.0487,71.250,0.2885,0.2900,13.982866,0.000000,13.982866,0.056297,0.000000,0.056297
767950,100,4.0487,71.250,0.2885,0.2900,13.984845,0.000000,13.984845,0.056305,0.000000,0.056305
768050,100,4.0487,71.250,0.2885,0.2900,13.986825,0.000000,13.986825,0.056313,0.000000,0.056313
768150,100,4.0487,71.250,0.2885,0.2900,13.988804,0.000000,13.988804,0.056321,0.000000,0.056321
768250,100,4.0487,71.250,0.2885,0.2900,13.990783,0.000000,13.990783,0.056329,0.000000,0.056329
768350,100,4.0487,71.250,0.2885,0.2900,13.992762,0.000000,13.992762,0.056337,0.000000,0.056337
768450,100,4.0487,71.250,0.2885,0.2900,13.994741,0.000000,13.994741,0.056345,0.000000,0.056345
768550,100,4.0487,71.250,0.2885,0.2900,13.996720,0.000000,13.996720,0.056353,0.000000,0.056353
#MARK,768622,100,"seg_064_p11_b191_start",13.996720,0.000000,13.996720,0.056353,0.000000,0.056353
768650,100,4.0487,71.250,0.2885,0.2900,13.998700,0.000000,13.998700,0.056361,0.000000,0.056361
768750,100,4.0487,71.250,0.2885,0.2900,14.000679,0.000000,14.000679,0.056369,0.000000,0.056369
768850,100,4.0487,71.250,0.2885,0.2900,14.002658,0.000000,14.002658,0.056377,0.000000,0.056377
768950,100,4.0487,71.250,0.2885,0.2900,14.004637,0.000000,14.004637,0.056385,0.000000,0.056385
769050,100,4.0487,71.250,0.2885,0.2800,14.006616,0.000000,14.006616,0.056393,0.000000,0.056393
769150,100,4.0487,71.250,0.2885,0.2900,14.008595,0.000000,14.008595,0.056401,0.000000,0.056401
769250,100,4.0487,71.250,0.2885,0.2900,14.010575,0.000000,14.010575,0.056409,0.000000,0.056409
769350,100,4.0487,71.250,0.2885,0.2900,14.012554,0.000000,14.012554,0.056417,0.000000,0.056417
769450,100,4.0487,71.250,0.2885,0.2900,14.014533,0.000000,14.014533,0.056425,0.000000,0.056425
769550,100,4.0487,71.250,0.2885,0.2900,14.016512,0.000000,14.016512,0.056433,0.000000,0.056433
769650,100,4.0487,71.250,0.2885,0.2900,14.018491,0.000000,14.018491,0.056441,0.000000,0.056441
769750,100,4.0487,71.250,0.2885,0.2900,14.020470,0.000000,14.020470,0.056449,0.000000,0.056449
769850,100,4.0487,71.250,0.2885,0.2900,14.022450,0.000000,14.022450,0.056457,0.000000,0.056457
769950,100,4.0487,71.250,0.2885,0.2900,14.024429,0.000000,14.024429,0.056465,0.000000,0.056465
770050,100,4.0487,71.250,0.2885,0.2900,14.026408,0.000000,14.026408,0.056473,0.000000,0.056473
770150,100,4.0487,71.250,0.2885,0.2900,14.028387,0.000000,14.028387,0.056481,0.000000,0.056481
770250,100,4.0487,71.250,0.2885,0.2900,14.030366,0.000000,14.030366,0.056489,0.000000,0.056489
770350,100,4.0500,70.000,0.2835,0.2800,14.032311,0.000000,14.032311,0.056497,0.000000,0.056497
770450,100,4.0487,70.000,0.2834,0.2800,14.034255,0.000000,14.034255,0.056505,0.000000,0.056505
770550,100,4.0487,70.000,0.2834,0.2800,14.036200,0.000000,14.036200,0.056513,0.000000,0.056513
770650,100,4.0500,70.000,0.2835,0.2800,14.038144,0.000000,14.038144,0.056521,0.000000,0.056521
770750,100,4.0500,70.000,0.2835,0.2800,14.040089,0.000000,14.040089,0.056529,0.000000,0.056529
770850,100,4.0487,70.000,0.2834,0.2800,14.042033,0.000000,14.042033,0.056537,0.000000,0.056537
770950,100,4.0500,70.000,0.2835,0.2800,14.043977,0.000000,14.043977,0.056544,0.000000,0.056544
771050,100,4.0500,70.000,0.2835,0.2800,14.045922,0.000000,14.045922,0.056552,0.000000,0.056552
771150,100,4.0487,70.000,0.2834,0.2800,14.047866,0.000000,14.047866,0.056560,0.000000,0.056560
771250,100,4.0500,70.000,0.2835,0.2800,14.049811,0.000000,14.049811,0.056568,0.000000,0.056568
771350,100,4.0500,70.000,0.2835,0.2800,14.051755,0.000000,14.051755,0.056576,0.000000,0.056576
771450,100,4.0500,70.000,0.2835,0.2800,14.053700,0.000000,14.053700,0.056584,0.000000,0.056584
771550,100,4.0500,70.000,0.2835,0.2800,14.055644,0.000000,14.055644,0.056592,0.000000,0.056592
771650,100,4.0487,70.000,0.2834,0.2800,14.057589,0.000000,14.057589,0.056600,0.000000,0.056600
771750,100,4.0500,70.000,0.2835,0.2800,14.059533,0.000000,14.059533,0.056607,0.000000,0.056607
771850,100,4.0500,70.000,0.2835,0.2800,14.061477,0.000000,14.061477,0.056615,0.000000,0.056615
771950,100,4.0500,70.000,0.2835,0.2800,14.063422,0.000000,14.063422,0.056623,0.000000,0.056623
772050,100,4.0500,70.000,0.2835,0.2800,14.065366,0.000000,14.065366,0.056631,0.000000,0.056631
772150,100,4.0500,71.250,0.2886,0.2900,14.067345,0.000000,14.067345,0.056639,0.000000,0.056639
772250,100,4.0500,70.000,0.2835,0.2800,14.069290,0.000000,14.069290,0.056647,0.000000,0.056647
772350,100,4.0487,70.000,0.2834,0.2800,14.071234,0.000000,14.071234,0.056655,0.000000,0.056655
772450,100,4.0500,70.000,0.2835,0.2800,14.073179,0.000000,14.073179,0.056663,0.000000,0.056663
772550,100,4.0500,70.000,0.2835,0.2800,14.075123,0.000000,14.075123,0.056671,0.000000,0.056671
772650,100,4.0500,70.000,0.2835,0.2800,14.077068,0.000000,14.077068,0.056678,0.000000,0.056678
772750,100,4.0500,70.000,0.2835,0.2800,14.079012,0.000000,14.079012,0.056686,0.000000,0.056686
772850,100,4.0500,70.000,0.2835,0.2800,14.080957,0.000000,14.080957,0.056694,0.000000,0.056694
772950,100,4.0487,70.000,0.2834,0.2800,14.082901,0.000000,14.082901,0.056702,0.000000,0.056702
773050,100,4.0500,70.000,0.2835,0.2800,14.084845,0.000000,14.084845,0.056710,0.000000,0.056710
773150,100,4.0487,70.000,0.2834,0.2800,14.086790,0.000000,14.086790,0.056718,0.000000,0.056718
773250,100,4.0500,70.000,0.2835,0.2800,14.088734,0.000000,14.088734,0.056726,0.000000,0.056726
773350,100,4.0500,70.000,0.2835,0.2800,14.090679,0.000000,14.090679,0.056734,0.000000,0.056734
773450,100,4.0500,70.000,0.2835,0.2800,14.092623,0.000000,14.092623,0.056741,0.000000,0.056741
773550,100,4.0500,70.000,0.2835,0.2800,14.094568,0.000000,14.094568,0.056749,0.000000,0.056749
773650,100,4.0500,70.000,0.2835,0.2800,14.096512,0.000000,14.096512,0.056757,0.000000,0.056757
773750,100,4.0500,70.000,0.2835,0.2800,14.098457,0.000000,14.098457,0.056765,0.000000,0.056765
773850,100,4.0500,70.000,0.2835,0.2800,14.100401,0.000000,14.100401,0.056773,0.000000,0.056773
#MARK,773873,100,"seg_064_p11_b191_end",14.100401,0.000000,14.100401,0.056773,0.000000,0.056773
773950,100,4.0487,72.500,0.2935,0.2900,14.102415,0.000000,14.102415,0.056781,0.000000,0.056781
774050,100,4.0487,71.250,0.2885,0.2900,14.104394,0.000000,14.104394,0.056789,0.000000,0.056789
774150,100,4.0487,71.250,0.2885,0.2900,14.106373,0.000000,14.106373,0.056797,0.000000,0.056797
774250,100,4.0487,71.250,0.2885,0.2900,14.108352,0.000000,14.108352,0.056805,0.000000,0.056805
774350,100,4.0487,71.250,0.2885,0.2900,14.110332,0.000000,14.110332,0.056813,0.000000,0.056813
774450,100,4.0487,71.250,0.2885,0.2900,14.112311,0.000000,14.112311,0.056821,0.000000,0.056821
774550,100,4.0487,71.250,0.2885,0.2900,14.114290,0.000000,14.114290,0.056829,0.000000,0.056829
774650,100,4.0487,71.250,0.2885,0.2900,14.116269,0.000000,14.116269,0.056837,0.000000,0.056837
774750,100,4.0487,71.250,0.2885,0.2900,14.118248,0.000000,14.118248,0.056845,0.000000,0.056845
774850,100,4.0487,71.250,0.2885,0.2900,14.120227,0.000000,14.120227,0.056853,0.000000,0.056853
774950,100,4.0487,71.250,0.2885,0.2900,14.122207,0.000000,14.122207,0.056861,0.000000,0.056861
#MARK,775006,100,"seg_065_p11_b223_start",14.122207,0.000000,14.122207,0.056861,0.000000,0.056861
775050,100,4.0487,71.250,0.2885,0.2900,14.124186,0.000000,14.124186,0.056869,0.000000,0.056869
775150,100,4.0487,71.250,0.2885,0.2900,14.126165,0.000000,14.126165,0.056877,0.000000,0.056877
775250,100,4.0487,71.250,0.2885,0.2900,14.128144,0.000000,14.128144,0.056885,0.000000,0.056885
775350,100,4.0500,71.250,0.2886,0.2800,14.130123,0.000000,14.130123,0.056893,0.000000,0.056893
775450,100,4.0487,71.250,0.2885,0.2900,14.132102,0.000000,14.132102,0.056901,0.000000,0.056901
775550,100,4.0487,71.250,0.2885,0.2900,14.134082,0.000000,14.134082,0.056909,0.000000,0.056909
775650,100,4.0487,71.250,0.2885,0.2900,14.136061,0.000000,14.136061,0.056917,0.000000,0.056917
775750,100,4.0487,71.250,0.2885,0.2800,14.138040,0.000000,14.138040,0.056925,0.000000,0.056925
775850,100,4.0500,71.250,0.2886,0.2900,14.140019,0.000000,14.140019,0.056933,0.000000,0.056933
775950,100,4.0500,71.250,0.2886,0.2900,14.141998,0.000000,14.141998,0.056941,0.000000,0.056941
776050,100,4.0487,71.250,0.2885,0.2900,14.143977,0.000000,14.143977,0.056949,0.000000,0.056949
776150,100,4.0500,71.250,0.2886,0.2900,14.145957,0.000000,14.145957,0.056957,0.000000,0.056957
776250,100,4.0487,71.250,0.2885,0.2900,14.147936,0.000000,14.147936,0.056965,0.000000,0.056965
776350,100,4.0487,71.250,0.2885,0.2900,14.149915,0.000000,14.149915,0.056973,0.000000,0.056973
776450,100,4.0500,71.250,0.2886,0.2900,14.151894,0.000000,14.151894,0.056981,0.000000,0.056981
776550,100,4.0487,71.250,0.2885,0.2900,14.153873,0.000000,14.153873,0.056989,0.000000,0.056989
776650,100,4.0487,71.250,0.2885,0.2800,14.155852,0.000000,14.155852,0.056997,0.000000,0.056997
776750,100,4.0500,70.000,0.2835,0.2800,14.157797,0.000000,14.157797,0.057005,0.000000,0.057005
776850,100,4.0500,70.000,0.2835,0.2800,14.159741,0.000000,14.159741,0.057013,0.000000,0.057013
776950,100,4.0500,70.000,0.2835,0.2800,14.161686,0.000000,14.161686,0.057021,0.000000,0.057021
777050,100,4.0500,70.000,0.2835,0.2800,14.163630,0.000000,14.163630,0.057029,0.000000,0.057029
777150,100,4.0500,70.000,0.2835,0.2800,14.165575,0.000000,14.165575,0.057037,0.000000,0.057037
777250,100,4.0500,70.000,0.2835,0.2800,14.167519,0.000000,14.167519,0.057045,0.000000,0.057045
777350,100,4.0500,70.000,0.2835,0.2800,14.169464,0.000000,14.169464,0.057053,0.000000,0.057053
777450,100,4.0500,70.000,0.2835,0.2800,14.171408,0.000000,14.171408,0.057060,0.000000,0.057060
777550,100,4.0500,70.000,0.2835,0.2800,14.173352,0.000000,14.173352,0.057068,0.000000,0.057068
777650,100,4.0500,70.000,0.2835,0.2800,14.175297,0.000000,14.175297,0.057076,0.000000,0.057076
777750,100,4.0500,70.000,0.2835,0.2800,14.177241,0.000000,14.177241,0.057084,0.000000,0.057084
777850,100,4.0500,70.000,0.2835,0.2800,14.179186,0.000000,14.179186,0.057092,0.000000,0.057092
777950,100,4.0500,70.000,0.2835,0.2800,14.181130,0.000000,14.181130,0.057100,0.000000,0.057100
778050,100,4.0500,70.000,0.2835,0.2800,14.183075,0.000000,14.183075,0.057108,0.000000,0.057108
778150,100,4.0500,70.000,0.2835,0.2800,14.185019,0.000000,14.185019,0.057116,0.000000,0.057116
778250,100,4.0500,70.000,0.2835,0.2800,14.186964,0.000000,14.186964,0.057123,0.000000,0.057123
778350,100,4.0500,70.000,0.2835,0.2800,14.188908,0.000000,14.188908,0.057131,0.000000,0.057131
778450,100,4.0500,70.000,0.2835,0.2800,14.190852,0.000000,14.190852,0.057139,0.000000,0.057139
778550,100,4.0500,70.000,0.2835,0.2800,14.192797,0.000000,14.192797,0.057147,0.000000,0.057147
778650,100,4.0500,70.000,0.2835,0.2800,14.194741,0.000000,14.194741,0.057155,0.000000,0.057155
778750,100,4.0500,70.000,0.2835,0.2800,14.196686,0.000000,14.196686,0.057163,0.000000,0.057163
778850,100,4.0500,70.000,0.2835,0.2800,14.198630,0.000000,14.198630,0.057171,0.000000,0.057171
778950,100,4.0500,68.750,0.2784,0.2800,14.200540,0.000000,14.200540,0.057178,0.000000,0.057178
779050,100,4.0500,70.000,0.2835,0.2800,14.202484,0.000000,14.202484,0.057186,0.000000,0.057186
779150,100,4.0500,70.000,0.2835,0.2800,14.204429,0.000000,14.204429,0.057194,0.000000,0.057194
779250,100,4.0500,70.000,0.2835,0.2800,14.206373,0.000000,14.206373,0.057202,0.000000,0.057202
779350,100,4.0500,70.000,0.2835,0.2800,14.208318,0.000000,14.208318,0.057210,0.000000,0.057210
779450,100,4.0500,70.000,0.2835,0.2800,14.210262,0.000000,14.210262,0.057218,0.000000,0.057218
779550,100,4.0500,70.000,0.2835,0.2800,14.212207,0.000000,14.212207,0.057226,0.000000,0.057226
779650,100,4.0500,70.000,0.2835,0.2800,14.214151,0.000000,14.214151,0.057234,0.000000,0.057234
779750,100,4.0500,70.000,0.2835,0.2800,14.216095,0.000000,14.216095,0.057241,0.000000,0.057241
779850,100,4.0500,70.000,0.2835,0.2800,14.218040,0.000000,14.218040,0.057249,0.000000,0.057249
779950,100,4.0500,70.000,0.2835,0.2800,14.219984,0.000000,14.219984,0.057257,0.000000,0.057257
780050,100,4.0500,70.000,0.2835,0.2800,14.221929,0.000000,14.221929,0.057265,0.000000,0.057265
780150,100,4.0500,70.000,0.2835,0.2800,14.223873,0.000000,14.223873,0.057273,0.000000,0.057273
#MARK,780246,100,"seg_065_p11_b223_end",14.223873,0.000000,14.223873,0.057273,0.000000,0.057273
780250,100,4.0500,70.000,0.2835,0.2800,14.225818,0.000000,14.225818,0.057281,0.000000,0.057281
780350,100,4.0487,73.750,0.2986,0.3000,14.227866,0.000000,14.227866,0.057289,0.000000,0.057289
780450,100,4.0500,71.250,0.2886,0.2900,14.229845,0.000000,14.229845,0.057297,0.000000,0.057297
780550,100,4.0487,71.250,0.2885,0.2900,14.231825,0.000000,14.231825,0.057305,0.000000,0.057305
780650,100,4.0487,71.250,0.2885,0.2900,14.233804,0.000000,14.233804,0.057313,0.000000,0.057313
780750,100,4.0487,71.250,0.2885,0.2800,14.235783,0.000000,14.235783,0.057321,0.000000,0.057321
780850,100,4.0487,71.250,0.2885,0.2900,14.237762,0.000000,14.237762,0.057329,0.000000,0.057329
780950,100,4.0487,71.250,0.2885,0.2900,14.239741,0.000000,14.239741,0.057337,0.000000,0.057337
781050,100,4.0500,71.250,0.2886,0.2900,14.241720,0.000000,14.241720,0.057345,0.000000,0.057345
781150,100,4.0487,71.250,0.2885,0.2900,14.243700,0.000000,14.243700,0.057353,0.000000,0.057353
781250,100,4.0487,71.250,0.2885,0.2900,14.245679,0.000000,14.245679,0.057361,0.000000,0.057361
781350,100,4.0500,71.250,0.2886,0.2900,14.247658,0.000000,14.247658,0.057369,0.000000,0.057369
#MARK,781363,100,"seg_066_p11_b255_start",14.247658,0.000000,14.247658,0.057369,0.000000,0.057369
781450,100,4.0487,71.250,0.2885,0.2900,14.249637,0.000000,14.249637,0.057377,0.000000,0.057377
781550,100,4.0500,71.250,0.2886,0.2900,14.251616,0.000000,14.251616,0.057385,0.000000,0.057385
781650,100,4.0500,71.250,0.2886,0.2900,14.253595,0.000000,14.253595,0.057393,0.000000,0.057393
781750,100,4.0487,71.250,0.2885,0.2900,14.255575,0.000000,14.255575,0.057401,0.000000,0.057401
781850,100,4.0487,71.250,0.2885,0.2900,14.257554,0.000000,14.257554,0.057409,0.000000,0.057409
781950,100,4.0487,71.250,0.2885,0.2900,14.259533,0.000000,14.259533,0.057417,0.000000,0.057417
782050,100,4.0487,71.250,0.2885,0.2900,14.261512,0.000000,14.261512,0.057425,0.000000,0.057425
782150,100,4.0487,71.250,0.2885,0.2900,14.263491,0.000000,14.263491,0.057433,0.000000,0.057433
782250,100,4.0487,71.250,0.2885,0.2800,14.265470,0.000000,14.265470,0.057441,0.000000,0.057441
782350,100,4.0500,71.250,0.2886,0.2900,14.267450,0.000000,14.267450,0.057449,0.000000,0.057449
782450,100,4.0500,71.250,0.2886,0.2900,14.269429,0.000000,14.269429,0.057457,0.000000,0.057457
782550,100,4.0500,71.250,0.2886,0.2900,14.271408,0.000000,14.271408,0.057465,0.000000,0.057465
782650,100,4.0500,71.250,0.2886,0.2900,14.273387,0.000000,14.273387,0.057473,0.000000,0.057473
782750,100,4.0487,71.250,0.2885,0.2800,14.275366,0.000000,14.275366,0.057481,0.000000,0.057481
782850,100,4.0500,71.250,0.2886,0.2900,14.277345,0.000000,14.277345,0.057489,0.000000,0.057489
782950,100,4.0487,71.250,0.2885,0.2900,14.279325,0.000000,14.279325,0.057497,0.000000,0.057497
783050,100,4.0500,71.250,0.2886,0.2900,14.281304,0.000000,14.281304,0.057505,0.000000,0.057505
783150,100,4.0500,70.000,0.2835,0.2800,14.283248,0.000000,14.283248,0.057513,0.000000,0.057513
783250,100,4.0500,70.000,0.2835,0.2800,14.285193,0.000000,14.285193,0.057521,0.000000,0.057521
783350,100,4.0500,70.000,0.2835,0.2800,14.287137,0.000000,14.287137,0.057529,0.000000,0.057529
783450,100,4.0500,70.000,0.2835,0.2800,14.289082,0.000000,14.289082,0.057537,0.000000,0.057537
783550,100,4.0500,70.000,0.2835,0.2800,14.291026,0.000000,14.291026,0.057545,0.000000,0.057545
783650,100,4.0500,70.000,0.2835,0.2800,14.292970,0.000000,14.292970,0.057553,0.000000,0.057553
783750,100,4.0500,70.000,0.2835,0.2800,14.294915,0.000000,14.294915,0.057561,0.000000,0.057561
783850,100,4.0500,70.000,0.2835,0.2800,14.296859,0.000000,14.296859,0.057568,0.000000,0.057568
783950,100,4.0500,70.000,0.2835,0.2800,14.298804,0.000000,14.298804,0.057576,0.000000,0.057576
784050,100,4.0500,70.000,0.2835,0.2800,14.300748,0.000000,14.300748,0.057584,0.000000,0.057584
784150,100,4.0500,70.000,0.2835,0.2800,14.302693,0.000000,14.302693,0.057592,0.000000,0.057592
784250,100,4.0500,68.750,0.2784,0.2800,14.304602,0.000000,14.304602,0.057600,0.000000,0.057600
784350,100,4.0500,70.000,0.2835,0.2800,14.306547,0.000000,14.306547,0.057608,0.000000,0.057608
784450,100,4.0500,70.000,0.2835,0.2800,14.308491,0.000000,14.308491,0.057616,0.000000,0.057616
784550,100,4.0500,70.000,0.2835,0.2800,14.310436,0.000000,14.310436,0.057623,0.000000,0.057623
784650,100,4.0500,70.000,0.2835,0.2800,14.312380,0.000000,14.312380,0.057631,0.000000,0.057631
784750,100,4.0500,70.000,0.2835,0.2800,14.314325,0.000000,14.314325,0.057639,0.000000,0.057639
784850,100,4.0500,70.000,0.2835,0.2800,14.316269,0.000000,14.316269,0.057647,0.000000,0.057647
784950,100,4.0500,70.000,0.2835,0.2800,14.318214,0.000000,14.318214,0.057655,0.000000,0.057655
785050,100,4.0500,70.000,0.2835,0.2800,14.320158,0.000000,14.320158,0.057663,0.000000,0.057663
785150,100,4.0500,70.000,0.2835,0.2800,14.322102,0.000000,14.322102,0.057671,0.000000,0.057671
785250,100,4.0500,70.000,0.2835,0.2800,14.324047,0.000000,14.324047,0.057679,0.000000,0.057679
785350,100,4.0500,68.750,0.2784,0.2800,14.325957,0.000000,14.325957,0.057686,0.000000,0.057686
785450,100,4.0500,68.750,0.2784,0.2800,14.327866,0.000000,14.327866,0.057694,0.000000,0.057694
785550,100,4.0500,70.000,0.2835,0.2800,14.329811,0.000000,14.329811,0.057702,0.000000,0.057702
785650,100,4.0500,70.000,0.2835,0.2800,14.331755,0.000000,14.331755,0.057710,0.000000,0.057710
785750,100,4.0500,70.000,0.2835,0.2800,14.333700,0.000000,14.333700,0.057718,0.000000,0.057718
785850,100,4.0500,70.000,0.2835,0.2800,14.335644,0.000000,14.335644,0.057726,0.000000,0.057726
785950,100,4.0500,70.000,0.2835,0.2800,14.337589,0.000000,14.337589,0.057733,0.000000,0.057733
786050,100,4.0500,70.000,0.2835,0.2800,14.339533,0.000000,14.339533,0.057741,0.000000,0.057741
786150,100,4.0500,68.750,0.2784,0.2800,14.341443,0.000000,14.341443,0.057749,0.000000,0.057749
786250,100,4.0500,70.000,0.2835,0.2800,14.343387,0.000000,14.343387,0.057757,0.000000,0.057757
786350,100,4.0500,70.000,0.2835,0.2800,14.345332,0.000000,14.345332,0.057765,0.000000,0.057765
786450,100,4.0500,70.000,0.2835,0.2800,14.347276,0.000000,14.347276,0.057773,0.000000,0.057773
786550,100,4.0500,70.000,0.2835,0.2800,14.349220,0.000000,14.349220,0.057781,0.000000,0.057781
#MARK,786613,100,"seg_066_p11_b255_end",14.349220,0.000000,14.349220,0.057781,0.000000,0.057781
786650,100,4.0487,76.250,0.3087,0.3100,14.351339,0.000000,14.351339,0.057789,0.000000,0.057789
786750,100,4.0475,76.250,0.3086,0.3100,14.353457,0.000000,14.353457,0.057798,0.000000,0.057798
786850,100,4.0475,77.500,0.3137,0.3100,14.355609,0.000000,14.355609,0.057806,0.000000,0.057806
786950,100,4.0475,78.750,0.3187,0.3200,14.357797,0.000000,14.357797,0.057815,0.000000,0.057815
787050,100,4.0462,78.750,0.3186,0.3200,14.359984,0.000000,14.359984,0.057824,0.000000,0.057824
787150,100,4.0462,78.750,0.3186,0.3200,14.362172,0.000000,14.362172,0.057833,0.000000,0.057833
787250,100,4.0462,78.750,0.3186,0.3200,14.364359,0.000000,14.364359,0.057842,0.000000,0.057842
787350,100,4.0475,78.750,0.3187,0.3200,14.366547,0.000000,14.366547,0.057851,0.000000,0.057851
787450,100,4.0475,78.750,0.3187,0.3200,14.368734,0.000000,14.368734,0.057860,0.000000,0.057860
787550,100,4.0475,78.750,0.3187,0.3200,14.370922,0.000000,14.370922,0.057868,0.000000,0.057868
787650,100,4.0462,78.750,0.3186,0.3200,14.373109,0.000000,14.373109,0.057877,0.000000,0.057877
#MARK,787726,100,"seg_067_p12_b095_start",14.373109,0.000000,14.373109,0.057877,0.000000,0.057877
787750,100,4.0475,78.750,0.3187,0.3200,14.375297,0.000000,14.375297,0.057886,0.000000,0.057886
787850,100,4.0475,78.750,0.3187,0.3200,14.377484,0.000000,14.377484,0.057895,0.000000,0.057895
787950,100,4.0475,78.750,0.3187,0.3200,14.379672,0.000000,14.379672,0.057904,0.000000,0.057904
788050,100,4.0475,78.750,0.3187,0.3200,14.381859,0.000000,14.381859,0.057913,0.000000,0.057913
788150,100,4.0475,78.750,0.3187,0.3200,14.384047,0.000000,14.384047,0.057921,0.000000,0.057921
788250,100,4.0462,78.750,0.3186,0.3200,14.386234,0.000000,14.386234,0.057930,0.000000,0.057930
788350,100,4.0475,78.750,0.3187,0.3200,14.388422,0.000000,14.388422,0.057939,0.000000,0.057939
788450,100,4.0462,78.750,0.3186,0.3200,14.390609,0.000000,14.390609,0.057948,0.000000,0.057948
788550,100,4.0462,78.750,0.3186,0.3200,14.392797,0.000000,14.392797,0.057957,0.000000,0.057957
788650,100,4.0462,78.750,0.3186,0.3200,14.394984,0.000000,14.394984,0.057966,0.000000,0.057966
788750,100,4.0462,78.750,0.3186,0.3200,14.397172,0.000000,14.397172,0.057975,0.000000,0.057975
788850,100,4.0462,78.750,0.3186,0.3200,14.399359,0.000000,14.399359,0.057983,0.000000,0.057983
788950,100,4.0462,80.000,0.3237,0.3200,14.401582,0.000000,14.401582,0.057992,0.000000,0.057992
789050,100,4.0462,78.750,0.3186,0.3200,14.403769,0.000000,14.403769,0.058001,0.000000,0.058001
789150,100,4.0462,80.000,0.3237,0.3200,14.405991,0.000000,14.405991,0.058010,0.000000,0.058010
789250,100,4.0475,80.000,0.3238,0.3200,14.408214,0.000000,14.408214,0.058019,0.000000,0.058019
789350,100,4.0475,78.750,0.3187,0.3200,14.410401,0.000000,14.410401,0.058028,0.000000,0.058028
789450,100,4.0475,77.500,0.3137,0.3200,14.412554,0.000000,14.412554,0.058037,0.000000,0.058037
789550,100,4.0475,77.500,0.3137,0.3100,14.414707,0.000000,14.414707,0.058046,0.000000,0.058046
789650,100,4.0475,77.500,0.3137,0.3100,14.416859,0.000000,14.416859,0.058054,0.000000,0.058054
789750,100,4.0475,77.500,0.3137,0.3200,14.419012,0.000000,14.419012,0.058063,0.000000,0.058063
789850,100,4.0475,77.500,0.3137,0.3100,14.421165,0.000000,14.421165,0.058072,0.000000,0.058072
789950,100,4.0475,77.500,0.3137,0.3200,14.423318,0.000000,14.423318,0.058080,0.000000,0.058080
790050,100,4.0475,77.500,0.3137,0.3200,14.425470,0.000000,14.425470,0.058089,0.000000,0.058089
790150,100,4.0475,77.500,0.3137,0.3200,14.427623,0.000000,14.427623,0.058098,0.000000,0.058098
790250,100,4.0475,78.750,0.3187,0.3200,14.429811,0.000000,14.429811,0.058107,0.000000,0.058107
790350,100,4.0475,77.500,0.3137,0.3100,14.431964,0.000000,14.431964,0.058115,0.000000,0.058115
790450,100,4.0475,77.500,0.3137,0.3100,14.434116,0.000000,14.434116,0.058124,0.000000,0.058124
790550,100,4.0475,77.500,0.3137,0.3100,14.436269,0.000000,14.436269,0.058133,0.000000,0.058133
790650,100,4.0475,77.500,0.3137,0.3200,14.438422,0.000000,14.438422,0.058142,0.000000,0.058142
790750,100,4.0475,77.500,0.3137,0.3200,14.440575,0.000000,14.440575,0.058150,0.000000,0.058150
790850,100,4.0475,76.250,0.3086,0.3100,14.442693,0.000000,14.442693,0.058159,0.000000,0.058159
790950,100,4.0475,76.250,0.3086,0.3100,14.444811,0.000000,14.444811,0.058167,0.000000,0.058167
791050,100,4.0487,75.000,0.3037,0.3000,14.446894,0.000000,14.446894,0.058176,0.000000,0.058176
791150,100,4.0475,75.000,0.3036,0.3000,14.448977,0.000000,14.448977,0.058184,0.000000,0.058184
791250,100,4.0475,75.000,0.3036,0.3000,14.451061,0.000000,14.451061,0.058193,0.000000,0.058193
791350,100,4.0475,75.000,0.3036,0.3000,14.453144,0.000000,14.453144,0.058201,0.000000,0.058201
791450,100,4.0475,75.000,0.3036,0.3000,14.455227,0.000000,14.455227,0.058210,0.000000,0.058210
791550,100,4.0475,75.000,0.3036,0.3000,14.457311,0.000000,14.457311,0.058218,0.000000,0.058218
791650,100,4.0475,76.250,0.3086,0.3100,14.459429,0.000000,14.459429,0.058227,0.000000,0.058227
791750,100,4.0475,76.250,0.3086,0.3100,14.461547,0.000000,14.461547,0.058235,0.000000,0.058235
791850,100,4.0475,77.500,0.3137,0.3200,14.463700,0.000000,14.463700,0.058244,0.000000,0.058244
791950,100,4.0475,77.500,0.3137,0.3200,14.465852,0.000000,14.465852,0.058253,0.000000,0.058253
792050,100,4.0475,77.500,0.3137,0.3200,14.468005,0.000000,14.468005,0.058261,0.000000,0.058261
792150,100,4.0475,77.500,0.3137,0.3200,14.470158,0.000000,14.470158,0.058270,0.000000,0.058270
792250,100,4.0475,77.500,0.3137,0.3100,14.472311,0.000000,14.472311,0.058279,0.000000,0.058279
792350,100,4.0475,76.250,0.3086,0.3100,14.474429,0.000000,14.474429,0.058287,0.000000,0.058287
792450,100,4.0475,76.250,0.3086,0.3100,14.476547,0.000000,14.476547,0.058296,0.000000,0.058296
792550,100,4.0475,76.250,0.3086,0.3100,14.478665,0.000000,14.478665,0.058304,0.000000,0.058304
792650,100,4.0475,75.000,0.3036,0.3000,14.480748,0.000000,14.480748,0.058313,0.000000,0.058313
792750,100,4.0475,76.250,0.3086,0.3100,14.482866,0.000000,14.482866,0.058321,0.000000,0.058321
792850,100,4.0475,76.250,0.3086,0.3100,14.484984,0.000000,14.484984,0.058330,0.000000,0.058330
792950,100,4.0475,76.250,0.3086,0.3100,14.487102,0.000000,14.487102,0.058339,0.000000,0.058339
#MARK,792974,100,"seg_067_p12_b095_end",14.487102,0.000000,14.487102,0.058339,0.000000,0.058339
793050,100,4.0475,77.500,0.3137,0.3100,14.489255,0.000000,14.489255,0.058347,0.000000,0.058347
793150,100,4.0462,78.750,0.3186,0.3200,14.491443,0.000000,14.491443,0.058356,0.000000,0.058356
793250,100,4.0462,78.750,0.3186,0.3200,14.493630,0.000000,14.493630,0.058365,0.000000,0.058365
793350,100,4.0462,80.000,0.3237,0.3200,14.495852,0.000000,14.495852,0.058374,0.000000,0.058374
793450,100,4.0462,78.750,0.3186,0.3200,14.498040,0.000000,14.498040,0.058383,0.000000,0.058383
793550,100,4.0462,78.750,0.3186,0.3200,14.500227,0.000000,14.500227,0.058392,0.000000,0.058392
793650,100,4.0462,78.750,0.3186,0.3200,14.502415,0.000000,14.502415,0.058401,0.000000,0.058401
793750,100,4.0475,77.500,0.3137,0.3100,14.504568,0.000000,14.504568,0.058409,0.000000,0.058409
793850,100,4.0475,77.500,0.3137,0.3200,14.506720,0.000000,14.506720,0.058418,0.000000,0.058418
793950,100,4.0462,78.750,0.3186,0.3200,14.508908,0.000000,14.508908,0.058427,0.000000,0.058427
794050,100,4.0462,81.250,0.3288,0.3200,14.511165,0.000000,14.511165,0.058436,0.000000,0.058436
#MARK,794118,100,"seg_068_p12_b127_start",14.511165,0.000000,14.511165,0.058436,0.000000,0.058436
794150,100,4.0462,80.000,0.3237,0.3200,14.513387,0.000000,14.513387,0.058445,0.000000,0.058445
794250,100,4.0475,77.500,0.3137,0.3200,14.515540,0.000000,14.515540,0.058454,0.000000,0.058454
794350,100,4.0475,77.500,0.3137,0.3100,14.517693,0.000000,14.517693,0.058462,0.000000,0.058462
794450,100,4.0475,78.750,0.3187,0.3200,14.519880,0.000000,14.519880,0.058471,0.000000,0.058471
794550,100,4.0462,78.750,0.3186,0.3200,14.522068,0.000000,14.522068,0.058480,0.000000,0.058480
794650,100,4.0462,77.500,0.3136,0.3200,14.524220,0.000000,14.524220,0.058489,0.000000,0.058489
794750,100,4.0462,80.000,0.3237,0.3200,14.526443,0.000000,14.526443,0.058498,0.000000,0.058498
794850,100,4.0462,78.750,0.3186,0.3200,14.528630,0.000000,14.528630,0.058507,0.000000,0.058507
794950,100,4.0462,78.750,0.3186,0.3200,14.530818,0.000000,14.530818,0.058515,0.000000,0.058515
795050,100,4.0462,78.750,0.3186,0.3200,14.533005,0.000000,14.533005,0.058524,0.000000,0.058524
795150,100,4.0462,78.750,0.3186,0.3200,14.535193,0.000000,14.535193,0.058533,0.000000,0.058533
795250,100,4.0462,80.000,0.3237,0.3200,14.537415,0.000000,14.537415,0.058542,0.000000,0.058542
795350,100,4.0462,81.250,0.3288,0.3300,14.539672,0.000000,14.539672,0.058551,0.000000,0.058551
795450,100,4.0462,82.500,0.3338,0.3300,14.541964,0.000000,14.541964,0.058561,0.000000,0.058561
795550,100,4.0462,78.750,0.3186,0.3200,14.544151,0.000000,14.544151,0.058569,0.000000,0.058569
795650,100,4.0462,78.750,0.3186,0.3200,14.546339,0.000000,14.546339,0.058578,0.000000,0.058578
795750,100,4.0462,80.000,0.3237,0.3200,14.548561,0.000000,14.548561,0.058587,0.000000,0.058587
795850,100,4.0462,80.000,0.3237,0.3200,14.550783,0.000000,14.550783,0.058596,0.000000,0.058596
795950,100,4.0462,81.250,0.3288,0.3200,14.553040,0.000000,14.553040,0.058605,0.000000,0.058605
796050,100,4.0462,78.750,0.3186,0.3200,14.555227,0.000000,14.555227,0.058614,0.000000,0.058614
796150,100,4.0462,80.000,0.3237,0.3200,14.557450,0.000000,14.557450,0.058623,0.000000,0.058623
796250,100,4.0462,81.250,0.3288,0.3300,14.559707,0.000000,14.559707,0.058632,0.000000,0.058632
796350,100,4.0462,80.000,0.3237,0.3200,14.561929,0.000000,14.561929,0.058641,0.000000,0.058641
796450,100,4.0462,81.250,0.3288,0.3300,14.564186,0.000000,14.564186,0.058651,0.000000,0.058651
796550,100,4.0462,81.250,0.3288,0.3300,14.566443,0.000000,14.566443,0.058660,0.000000,0.058660
796650,100,4.0462,81.250,0.3288,0.3300,14.568700,0.000000,14.568700,0.058669,0.000000,0.058669
796750,100,4.0462,78.750,0.3186,0.3200,14.570887,0.000000,14.570887,0.058678,0.000000,0.058678
796850,100,4.0462,77.500,0.3136,0.3200,14.573040,0.000000,14.573040,0.058686,0.000000,0.058686
796950,100,4.0475,76.250,0.3086,0.3100,14.575158,0.000000,14.575158,0.058695,0.000000,0.058695
797050,100,4.0462,78.750,0.3186,0.3200,14.577345,0.000000,14.577345,0.058704,0.000000,0.058704
797150,100,4.0462,81.250,0.3288,0.3300,14.579602,0.000000,14.579602,0.058713,0.000000,0.058713
797250,100,4.0462,80.000,0.3237,0.3200,14.581825,0.000000,14.581825,0.058722,0.000000,0.058722
797350,100,4.0462,80.000,0.3237,0.3200,14.584047,0.000000,14.584047,0.058731,0.000000,0.058731
797450,100,4.0462,81.250,0.3288,0.3300,14.586304,0.000000,14.586304,0.058740,0.000000,0.058740
797550,100,4.0462,81.250,0.3288,0.3300,14.588561,0.000000,14.588561,0.058749,0.000000,0.058749
797650,100,4.0462,81.250,0.3288,0.3300,14.590818,0.000000,14.590818,0.058758,0.000000,0.058758
797750,100,4.0462,81.250,0.3288,0.3300,14.593075,0.000000,14.593075,0.058767,0.000000,0.058767
797850,100,4.0462,81.250,0.3288,0.3300,14.595332,0.000000,14.595332,0.058777,0.000000,0.058777
797950,100,4.0462,81.250,0.3288,0.3300,14.597589,0.000000,14.597589,0.058786,0.000000,0.058786
798050,100,4.0462,81.250,0.3288,0.3300,14.599845,0.000000,14.599845,0.058795,0.000000,0.058795
798150,100,4.0462,81.250,0.3288,0.3300,14.602102,0.000000,14.602102,0.058804,0.000000,0.058804
798250,100,4.0450,82.500,0.3337,0.3300,14.604394,0.000000,14.604394,0.058813,0.000000,0.058813
798350,100,4.0462,81.250,0.3288,0.3300,14.606651,0.000000,14.606651,0.058822,0.000000,0.058822
798450,100,4.0462,81.250,0.3288,0.3300,14.608908,0.000000,14.608908,0.058831,0.000000,0.058831
798550,100,4.0462,81.250,0.3288,0.3300,14.611165,0.000000,14.611165,0.058841,0.000000,0.058841
798650,100,4.0462,81.250,0.3288,0.3300,14.613422,0.000000,14.613422,0.058850,0.000000,0.058850
798750,100,4.0462,81.250,0.3288,0.3300,14.615679,0.000000,14.615679,0.058859,0.000000,0.058859
798850,100,4.0462,81.250,0.3288,0.3300,14.617936,0.000000,14.617936,0.058868,0.000000,0.058868
798950,100,4.0462,81.250,0.3288,0.3300,14.620193,0.000000,14.620193,0.058877,0.000000,0.058877
799050,100,4.0462,81.250,0.3288,0.3300,14.622450,0.000000,14.622450,0.058886,0.000000,0.058886
799150,100,4.0462,81.250,0.3288,0.3300,14.624707,0.000000,14.624707,0.058895,0.000000,0.058895
799250,100,4.0462,81.250,0.3288,0.3300,14.626964,0.000000,14.626964,0.058905,0.000000,0.058905
799350,100,4.0462,81.250,0.3288,0.3300,14.629220,0.000000,14.629220,0.058914,0.000000,0.058914
#MARK,799374,100,"seg_068_p12_b127_end",14.629220,0.000000,14.629220,0.058914,0.000000,0.058914
799450,100,4.0462,82.500,0.3338,0.3300,14.631512,0.000000,14.631512,0.058923,0.000000,0.058923
799550,100,4.0462,81.250,0.3288,0.3200,14.633769,0.000000,14.633769,0.058932,0.000000,0.058932
799650,100,4.0450,82.500,0.3337,0.3400,14.636061,0.000000,14.636061,0.058941,0.000000,0.058941
799750,100,4.0437,85.000,0.3437,0.3400,14.638422,0.000000,14.638422,0.058951,0.000000,0.058951
799850,100,4.0450,85.000,0.3438,0.3400,14.640783,0.000000,14.640783,0.058960,0.000000,0.058960
799950,100,4.0437,85.000,0.3437,0.3500,14.643144,0.000000,14.643144,0.058970,0.000000,0.058970
800050,100,4.0437,85.000,0.3437,0.3400,14.645505,0.000000,14.645505,0.058980,0.000000,0.058980
800150,100,4.0437,85.000,0.3437,0.3500,14.647866,0.000000,14.647866,0.058989,0.000000,0.058989
800250,100,4.0437,86.250,0.3488,0.3500,14.650262,0.000000,14.650262,0.058999,0.000000,0.058999
800350,100,4.0437,86.250,0.3488,0.3500,14.652658,0.000000,14.652658,0.059008,0.000000,0.059008
800450,100,4.0450,86.250,0.3489,0.3500,14.655054,0.000000,14.655054,0.059018,0.000000,0.059018
#MARK,800507,100,"seg_069_p12_b159_start",14.655054,0.000000,14.655054,0.059018,0.000000,0.059018
800550,100,4.0450,86.250,0.3489,0.3500,14.657450,0.000000,14.657450,0.059028,0.000000,0.059028
800650,100,4.0437,86.250,0.3488,0.3500,14.659845,0.000000,14.659845,0.059038,0.000000,0.059038
800750,100,4.0437,86.250,0.3488,0.3500,14.662241,0.000000,14.662241,0.059047,0.000000,0.059047
800850,100,4.0437,86.250,0.3488,0.3500,14.664637,0.000000,14.664637,0.059057,0.000000,0.059057
800950,100,4.0437,85.000,0.3437,0.3500,14.666998,0.000000,14.666998,0.059066,0.000000,0.059066
801050,100,4.0437,85.000,0.3437,0.3400,14.669359,0.000000,14.669359,0.059076,0.000000,0.059076
801150,100,4.0437,85.000,0.3437,0.3400,14.671720,0.000000,14.671720,0.059086,0.000000,0.059086
801250,100,4.0437,85.000,0.3437,0.3400,14.674082,0.000000,14.674082,0.059095,0.000000,0.059095
801350,100,4.0437,85.000,0.3437,0.3400,14.676443,0.000000,14.676443,0.059105,0.000000,0.059105
801450,100,4.0437,85.000,0.3437,0.3500,14.678804,0.000000,14.678804,0.059114,0.000000,0.059114
801550,100,4.0437,85.000,0.3437,0.3500,14.681165,0.000000,14.681165,0.059124,0.000000,0.059124
801650,100,4.0437,85.000,0.3437,0.3400,14.683526,0.000000,14.683526,0.059133,0.000000,0.059133
801750,100,4.0437,86.250,0.3488,0.3400,14.685922,0.000000,14.685922,0.059143,0.000000,0.059143
801850,100,4.0450,83.750,0.3388,0.3400,14.688248,0.000000,14.688248,0.059152,0.000000,0.059152
801950,100,4.0450,83.750,0.3388,0.3400,14.690575,0.000000,14.690575,0.059162,0.000000,0.059162
802050,100,4.0437,83.750,0.3387,0.3400,14.692901,0.000000,14.692901,0.059171,0.000000,0.059171
802150,100,4.0450,83.750,0.3388,0.3400,14.695227,0.000000,14.695227,0.059181,0.000000,0.059181
802250,100,4.0437,83.750,0.3387,0.3400,14.697554,0.000000,14.697554,0.059190,0.000000,0.059190
802350,100,4.0437,83.750,0.3387,0.3400,14.699880,0.000000,14.699880,0.059199,0.000000,0.059199
802450,100,4.0450,83.750,0.3388,0.3400,14.702207,0.000000,14.702207,0.059209,0.000000,0.059209
802550,100,4.0437,83.750,0.3387,0.3400,14.704533,0.000000,14.704533,0.059218,0.000000,0.059218
802650,100,4.0437,83.750,0.3387,0.3400,14.706859,0.000000,14.706859,0.059228,0.000000,0.059228
802750,100,4.0450,83.750,0.3388,0.3400,14.709186,0.000000,14.709186,0.059237,0.000000,0.059237
802850,100,4.0437,83.750,0.3387,0.3400,14.711512,0.000000,14.711512,0.059246,0.000000,0.059246
802950,100,4.0450,83.750,0.3388,0.3400,14.713839,0.000000,14.713839,0.059256,0.000000,0.059256
803050,100,4.0450,83.750,0.3388,0.3400,14.716165,0.000000,14.716165,0.059265,0.000000,0.059265
803150,100,4.0450,83.750,0.3388,0.3400,14.718491,0.000000,14.718491,0.059275,0.000000,0.059275
803250,100,4.0437,83.750,0.3387,0.3400,14.720818,0.000000,14.720818,0.059284,0.000000,0.059284
803350,100,4.0437,83.750,0.3387,0.3400,14.723144,0.000000,14.723144,0.059293,0.000000,0.059293
803450,100,4.0450,83.750,0.3388,0.3400,14.725470,0.000000,14.725470,0.059303,0.000000,0.059303
803550,100,4.0450,83.750,0.3388,0.3400,14.727797,0.000000,14.727797,0.059312,0.000000,0.059312
803650,100,4.0450,83.750,0.3388,0.3400,14.730123,0.000000,14.730123,0.059322,0.000000,0.059322
803750,100,4.0437,83.750,0.3387,0.3400,14.732450,0.000000,14.732450,0.059331,0.000000,0.059331
803850,100,4.0437,83.750,0.3387,0.3400,14.734776,0.000000,14.734776,0.059341,0.000000,0.059341
803950,100,4.0450,83.750,0.3388,0.3400,14.737102,0.000000,14.737102,0.059350,0.000000,0.059350
804050,100,4.0450,83.750,0.3388,0.3400,14.739429,0.000000,14.739429,0.059359,0.000000,0.059359
804150,100,4.0437,83.750,0.3387,0.3400,14.741755,0.000000,14.741755,0.059369,0.000000,0.059369
804250,100,4.0450,83.750,0.3388,0.3400,14.744082,0.000000,14.744082,0.059378,0.000000,0.059378
804350,100,4.0437,83.750,0.3387,0.3400,14.746408,0.000000,14.746408,0.059388,0.000000,0.059388
804450,100,4.0437,83.750,0.3387,0.3400,14.748734,0.000000,14.748734,0.059397,0.000000,0.059397
804550,100,4.0450,83.750,0.3388,0.3400,14.751061,0.000000,14.751061,0.059406,0.000000,0.059406
804650,100,4.0450,83.750,0.3388,0.3400,14.753387,0.000000,14.753387,0.059416,0.000000,0.059416
804750,100,4.0437,85.000,0.3437,0.3400,14.755748,0.000000,14.755748,0.059425,0.000000,0.059425
804850,100,4.0437,85.000,0.3437,0.3400,14.758109,0.000000,14.758109,0.059435,0.000000,0.059435
804950,100,4.0437,83.750,0.3387,0.3400,14.760436,0.000000,14.760436,0.059444,0.000000,0.059444
805050,100,4.0437,83.750,0.3387,0.3400,14.762762,0.000000,14.762762,0.059454,0.000000,0.059454
805150,100,4.0450,85.000,0.3438,0.3400,14.765123,0.000000,14.765123,0.059463,0.000000,0.059463
805250,100,4.0450,83.750,0.3388,0.3400,14.767450,0.000000,14.767450,0.059473,0.000000,0.059473
805350,100,4.0450,85.000,0.3438,0.3400,14.769811,0.000000,14.769811,0.059482,0.000000,0.059482
805450,100,4.0450,82.500,0.3337,0.3300,14.772102,0.000000,14.772102,0.059492,0.000000,0.059492
805550,100,4.0450,82.500,0.3337,0.3300,14.774394,0.000000,14.774394,0.059501,0.000000,0.059501
805650,100,4.0450,82.500,0.3337,0.3300,14.776686,0.000000,14.776686,0.059510,0.000000,0.059510
805750,100,4.0437,85.000,0.3437,0.3400,14.779047,0.000000,14.779047,0.059520,0.000000,0.059520
#MARK,805753,100,"seg_069_p12_b159_end",14.779047,0.000000,14.779047,0.059520,0.000000,0.059520
805850,100,4.0450,82.500,0.3337,0.3300,14.781339,0.000000,14.781339,0.059529,0.000000,0.059529
805950,100,4.0450,82.500,0.3337,0.3300,14.783630,0.000000,14.783630,0.059538,0.000000,0.059538
806050,100,4.0450,82.500,0.3337,0.3300,14.785922,0.000000,14.785922,0.059547,0.000000,0.059547
806150,100,4.0450,82.500,0.3337,0.3400,14.788214,0.000000,14.788214,0.059557,0.000000,0.059557
806250,100,4.0450,82.500,0.3337,0.3300,14.790505,0.000000,14.790505,0.059566,0.000000,0.059566
806350,100,4.0450,82.500,0.3337,0.3300,14.792797,0.000000,14.792797,0.059575,0.000000,0.059575
806450,100,4.0450,82.500,0.3337,0.3300,14.795089,0.000000,14.795089,0.059584,0.000000,0.059584
806550,100,4.0450,83.750,0.3388,0.3400,14.797415,0.000000,14.797415,0.059594,0.000000,0.059594
806650,100,4.0450,85.000,0.3438,0.3400,14.799776,0.000000,14.799776,0.059603,0.000000,0.059603
806750,100,4.0437,86.250,0.3488,0.3500,14.802172,0.000000,14.802172,0.059613,0.000000,0.059613
806850,100,4.0437,86.250,0.3488,0.3500,14.804568,0.000000,14.804568,0.059623,0.000000,0.059623
#MARK,806873,100,"seg_070_p12_b191_start",14.804568,0.000000,14.804568,0.059623,0.000000,0.059623
806950,100,4.0437,83.750,0.3387,0.3400,14.806894,0.000000,14.806894,0.059632,0.000000,0.059632
807050,100,4.0450,82.500,0.3337,0.3300,14.809186,0.000000,14.809186,0.059641,0.000000,0.059641
807150,100,4.0437,85.000,0.3437,0.3400,14.811547,0.000000,14.811547,0.059651,0.000000,0.059651
807250,100,4.0437,86.250,0.3488,0.3500,14.813943,0.000000,14.813943,0.059661,0.000000,0.059661
807350,100,4.0437,87.500,0.3538,0.3500,14.816373,0.000000,14.816373,0.059671,0.000000,0.059671
807450,100,4.0425,87.500,0.3537,0.3600,14.818804,0.000000,14.818804,0.059680,0.000000,0.059680
807550,100,4.0425,87.500,0.3537,0.3600,14.821234,0.000000,14.821234,0.059690,0.000000,0.059690
807650,100,4.0425,88.750,0.3588,0.3600,14.823700,0.000000,14.823700,0.059700,0.000000,0.059700
807750,100,4.0437,88.750,0.3589,0.3600,14.826165,0.000000,14.826165,0.059710,0.000000,0.059710
807850,100,4.0425,87.500,0.3537,0.3600,14.828595,0.000000,14.828595,0.059720,0.000000,0.059720
807950,100,4.0425,88.750,0.3588,0.3600,14.831061,0.000000,14.831061,0.059730,0.000000,0.059730
808050,100,4.0425,88.750,0.3588,0.3600,14.833526,0.000000,14.833526,0.059740,0.000000,0.059740
808150,100,4.0425,88.750,0.3588,0.3600,14.835991,0.000000,14.835991,0.059750,0.000000,0.059750
808250,100,4.0425,88.750,0.3588,0.3600,14.838457,0.000000,14.838457,0.059760,0.000000,0.059760
808350,100,4.0425,88.750,0.3588,0.3600,14.840922,0.000000,14.840922,0.059770,0.000000,0.059770
808450,100,4.0425,88.750,0.3588,0.3600,14.843387,0.000000,14.843387,0.059780,0.000000,0.059780
808550,100,4.0425,87.500,0.3537,0.3500,14.845818,0.000000,14.845818,0.059790,0.000000,0.059790
808650,100,4.0437,87.500,0.3538,0.3500,14.848248,0.000000,14.848248,0.059799,0.000000,0.059799
808750,100,4.0425,86.250,0.3487,0.3500,14.850644,0.000000,14.850644,0.059809,0.000000,0.059809
808850,100,4.0437,86.250,0.3488,0.3500,14.853040,0.000000,14.853040,0.059819,0.000000,0.059819
808950,100,4.0425,86.250,0.3487,0.3500,14.855436,0.000000,14.855436,0.059828,0.000000,0.059828
809050,100,4.0437,86.250,0.3488,0.3500,14.857832,0.000000,14.857832,0.059838,0.000000,0.059838
809150,100,4.0425,86.250,0.3487,0.3500,14.860227,0.000000,14.860227,0.059848,0.000000,0.059848
809250,100,4.0425,86.250,0.3487,0.3500,14.862623,0.000000,14.862623,0.059858,0.000000,0.059858
809350,100,4.0425,87.500,0.3537,0.3600,14.865054,0.000000,14.865054,0.059867,0.000000,0.059867
809450,100,4.0437,86.250,0.3488,0.3500,14.867450,0.000000,14.867450,0.059877,0.000000,0.059877
809550,100,4.0437,87.500,0.3538,0.3500,14.869880,0.000000,14.869880,0.059887,0.000000,0.059887
809650,100,4.0437,87.500,0.3538,0.3500,14.872311,0.000000,14.872311,0.059897,0.000000,0.059897
809750,100,4.0437,86.250,0.3488,0.3500,14.874707,0.000000,14.874707,0.059906,0.000000,0.059906
809850,100,4.0425,87.500,0.3537,0.3600,14.877137,0.000000,14.877137,0.059916,0.000000,0.059916
809950,100,4.0437,87.500,0.3538,0.3500,14.879568,0.000000,14.879568,0.059926,0.000000,0.059926
810050,100,4.0425,87.500,0.3537,0.3500,14.881998,0.000000,14.881998,0.059936,0.000000,0.059936
810150,100,4.0425,87.500,0.3537,0.3500,14.884429,0.000000,14.884429,0.059946,0.000000,0.059946
810250,100,4.0425,87.500,0.3537,0.3500,14.886859,0.000000,14.886859,0.059956,0.000000,0.059956
810350,100,4.0437,86.250,0.3488,0.3500,14.889255,0.000000,14.889255,0.059965,0.000000,0.059965
810450,100,4.0437,87.500,0.3538,0.3500,14.891686,0.000000,14.891686,0.059975,0.000000,0.059975
810550,100,4.0437,87.500,0.3538,0.3500,14.894116,0.000000,14.894116,0.059985,0.000000,0.059985
810650,100,4.0425,86.250,0.3487,0.3500,14.896512,0.000000,14.896512,0.059995,0.000000,0.059995
810750,100,4.0425,87.500,0.3537,0.3500,14.898943,0.000000,14.898943,0.060004,0.000000,0.060004
810850,100,4.0437,86.250,0.3488,0.3500,14.901339,0.000000,14.901339,0.060014,0.000000,0.060014
810950,100,4.0437,87.500,0.3538,0.3600,14.903769,0.000000,14.903769,0.060024,0.000000,0.060024
811050,100,4.0425,86.250,0.3487,0.3500,14.906165,0.000000,14.906165,0.060034,0.000000,0.060034
811150,100,4.0425,87.500,0.3537,0.3600,14.908595,0.000000,14.908595,0.060043,0.000000,0.060043
811250,100,4.0425,86.250,0.3487,0.3500,14.910991,0.000000,14.910991,0.060053,0.000000,0.060053
811350,100,4.0425,86.250,0.3487,0.3500,14.913387,0.000000,14.913387,0.060063,0.000000,0.060063
811450,100,4.0425,86.250,0.3487,0.3500,14.915783,0.000000,14.915783,0.060072,0.000000,0.060072
811550,100,4.0437,86.250,0.3488,0.3500,14.918179,0.000000,14.918179,0.060082,0.000000,0.060082
811650,100,4.0425,87.500,0.3537,0.3500,14.920609,0.000000,14.920609,0.060092,0.000000,0.060092
811750,100,4.0425,87.500,0.3537,0.3500,14.923040,0.000000,14.923040,0.060102,0.000000,0.060102
811850,100,4.0437,87.500,0.3538,0.3500,14.925470,0.000000,14.925470,0.060112,0.000000,0.060112
811950,100,4.0437,86.250,0.3488,0.3500,14.927866,0.000000,14.927866,0.060121,0.000000,0.060121
812050,100,4.0425,87.500,0.3537,0.3500,14.930297,0.000000,14.930297,0.060131,0.000000,0.060131
#MARK,812095,100,"seg_070_p12_b191_end",14.930297,0.000000,14.930297,0.060131,0.000000,0.060131
812150,100,4.0437,86.250,0.3488,0.3500,14.932693,0.000000,14.932693,0.060141,0.000000,0.060141
812250,100,4.0437,85.000,0.3437,0.3400,14.935054,0.000000,14.935054,0.060150,0.000000,0.060150
812350,100,4.0425,87.500,0.3537,0.3600,14.937484,0.000000,14.937484,0.060160,0.000000,0.060160
812450,100,4.0425,90.000,0.3638,0.3600,14.939984,0.000000,14.939984,0.060170,0.000000,0.060170
812550,100,4.0425,91.250,0.3689,0.3700,14.942519,0.000000,14.942519,0.060181,0.000000,0.060181
812650,100,4.0413,91.250,0.3688,0.3700,14.945054,0.000000,14.945054,0.060191,0.000000,0.060191
812750,100,4.0413,91.250,0.3688,0.3700,14.947589,0.000000,14.947589,0.060201,0.000000,0.060201
812850,100,4.0413,91.250,0.3688,0.3700,14.950123,0.000000,14.950123,0.060211,0.000000,0.060211
812950,100,4.0413,91.250,0.3688,0.3700,14.952658,0.000000,14.952658,0.060222,0.000000,0.060222
813050,100,4.0413,91.250,0.3688,0.3700,14.955193,0.000000,14.955193,0.060232,0.000000,0.060232
813150,100,4.0413,91.250,0.3688,0.3700,14.957727,0.000000,14.957727,0.060242,0.000000,0.060242
#MARK,813225,100,"seg_071_p12_b223_start",14.957727,0.000000,14.957727,0.060242,0.000000,0.060242
813250,100,4.0413,91.250,0.3688,0.3700,14.960262,0.000000,14.960262,0.060252,0.000000,0.060252
813350,100,4.0413,91.250,0.3688,0.3700,14.962797,0.000000,14.962797,0.060263,0.000000,0.060263
813450,100,4.0413,91.250,0.3688,0.3700,14.965332,0.000000,14.965332,0.060273,0.000000,0.060273
813550,100,4.0413,91.250,0.3688,0.3700,14.967866,0.000000,14.967866,0.060283,0.000000,0.060283
813650,100,4.0413,91.250,0.3688,0.3700,14.970401,0.000000,14.970401,0.060293,0.000000,0.060293
813750,100,4.0413,91.250,0.3688,0.3700,14.972936,0.000000,14.972936,0.060303,0.000000,0.060303
813850,100,4.0413,91.250,0.3688,0.3700,14.975470,0.000000,14.975470,0.060314,0.000000,0.060314
813950,100,4.0413,91.250,0.3688,0.3700,14.978005,0.000000,14.978005,0.060324,0.000000,0.060324
814050,100,4.0413,91.250,0.3688,0.3700,14.980540,0.000000,14.980540,0.060334,0.000000,0.060334
814150,100,4.0413,91.250,0.3688,0.3700,14.983075,0.000000,14.983075,0.060344,0.000000,0.060344
814250,100,4.0413,91.250,0.3688,0.3700,14.985609,0.000000,14.985609,0.060355,0.000000,0.060355
814350,100,4.0413,91.250,0.3688,0.3700,14.988144,0.000000,14.988144,0.060365,0.000000,0.060365
814450,100,4.0413,91.250,0.3688,0.3700,14.990679,0.000000,14.990679,0.060375,0.000000,0.060375
814550,100,4.0413,90.000,0.3637,0.3700,14.993179,0.000000,14.993179,0.060385,0.000000,0.060385
814650,100,4.0413,91.250,0.3688,0.3700,14.995714,0.000000,14.995714,0.060396,0.000000,0.060396
814750,100,4.0413,92.500,0.3738,0.3700,14.998283,0.000000,14.998283,0.060406,0.000000,0.060406
814850,100,4.0413,92.500,0.3738,0.3700,15.000852,0.000000,15.000852,0.060416,0.000000,0.060416
814950,100,4.0413,91.250,0.3688,0.3700,15.003387,0.000000,15.003387,0.060427,0.000000,0.060427
815050,100,4.0413,91.250,0.3688,0.3600,15.005922,0.000000,15.005922,0.060437,0.000000,0.060437
815150,100,4.0413,90.000,0.3637,0.3700,15.008422,0.000000,15.008422,0.060447,0.000000,0.060447
815250,100,4.0413,91.250,0.3688,0.3700,15.010957,0.000000,15.010957,0.060457,0.000000,0.060457
815350,100,4.0413,93.750,0.3789,0.3800,15.013561,0.000000,15.013561,0.060468,0.000000,0.060468
815450,100,4.0400,93.750,0.3787,0.3800,15.016165,0.000000,15.016165,0.060478,0.000000,0.060478
815550,100,4.0400,93.750,0.3787,0.3800,15.018769,0.000000,15.018769,0.060489,0.000000,0.060489
815650,100,4.0400,93.750,0.3787,0.3800,15.021373,0.000000,15.021373,0.060499,0.000000,0.060499
815750,100,4.0400,93.750,0.3787,0.3800,15.023977,0.000000,15.023977,0.060510,0.000000,0.060510
815850,100,4.0400,93.750,0.3787,0.3800,15.026582,0.000000,15.026582,0.060520,0.000000,0.060520
815950,100,4.0400,95.000,0.3838,0.3800,15.029220,0.000000,15.029220,0.060531,0.000000,0.060531
816050,100,4.0400,93.750,0.3787,0.3800,15.031825,0.000000,15.031825,0.060541,0.000000,0.060541
816150,100,4.0400,95.000,0.3838,0.3800,15.034464,0.000000,15.034464,0.060552,0.000000,0.060552
816250,100,4.0413,91.250,0.3688,0.3700,15.036998,0.000000,15.036998,0.060562,0.000000,0.060562
816350,100,4.0413,93.750,0.3789,0.3800,15.039602,0.000000,15.039602,0.060573,0.000000,0.060573
816450,100,4.0413,92.500,0.3738,0.3700,15.042172,0.000000,15.042172,0.060583,0.000000,0.060583
816550,100,4.0400,95.000,0.3838,0.3800,15.044811,0.000000,15.044811,0.060594,0.000000,0.060594
816650,100,4.0400,95.000,0.3838,0.3800,15.047450,0.000000,15.047450,0.060605,0.000000,0.060605
816750,100,4.0400,93.750,0.3787,0.3800,15.050054,0.000000,15.050054,0.060615,0.000000,0.060615
816850,100,4.0400,93.750,0.3787,0.3800,15.052658,0.000000,15.052658,0.060626,0.000000,0.060626
816950,100,4.0400,95.000,0.3838,0.3800,15.055297,0.000000,15.055297,0.060636,0.000000,0.060636
817050,100,4.0400,93.750,0.3787,0.3800,15.057901,0.000000,15.057901,0.060647,0.000000,0.060647
817150,100,4.0400,95.000,0.3838,0.3800,15.060540,0.000000,15.060540,0.060657,0.000000,0.060657
817250,100,4.0413,90.000,0.3637,0.3600,15.063040,0.000000,15.063040,0.060668,0.000000,0.060668
817350,100,4.0413,91.250,0.3688,0.3700,15.065575,0.000000,15.065575,0.060678,0.000000,0.060678
817450,100,4.0413,88.750,0.3587,0.3600,15.068040,0.000000,15.068040,0.060688,0.000000,0.060688
817550,100,4.0425,86.250,0.3487,0.3500,15.070436,0.000000,15.070436,0.060697,0.000000,0.060697
817650,100,4.0437,85.000,0.3437,0.3400,15.072797,0.000000,15.072797,0.060707,0.000000,0.060707
817750,100,4.0425,87.500,0.3537,0.3500,15.075227,0.000000,15.075227,0.060717,0.000000,0.060717
817850,100,4.0425,87.500,0.3537,0.3500,15.077658,0.000000,15.077658,0.060727,0.000000,0.060727
817950,100,4.0425,88.750,0.3588,0.3600,15.080123,0.000000,15.080123,0.060737,0.000000,0.060737
818050,100,4.0425,88.750,0.3588,0.3600,15.082589,0.000000,15.082589,0.060747,0.000000,0.060747
818150,100,4.0425,86.250,0.3487,0.3500,15.084984,0.000000,15.084984,0.060756,0.000000,0.060756
818250,100,4.0425,86.250,0.3487,0.3500,15.087380,0.000000,15.087380,0.060766,0.000000,0.060766
818350,100,4.0425,86.250,0.3487,0.3500,15.089776,0.000000,15.089776,0.060776,0.000000,0.060776
818450,100,4.0425,86.250,0.3487,0.3500,15.092172,0.000000,15.092172,0.060785,0.000000,0.060785
#MARK,818475,100,"seg_071_p12_b223_end",15.092172,0.000000,15.092172,0.060785,0.000000,0.060785
818550,100,4.0437,82.500,0.3336,0.3300,15.094464,0.000000,15.094464,0.060795,0.000000,0.060795
818650,100,4.0425,87.500,0.3537,0.3600,15.096894,0.000000,15.096894,0.060804,0.000000,0.060804
818750,100,4.0413,88.750,0.3587,0.3600,15.099359,0.000000,15.099359,0.060814,0.000000,0.060814
818850,100,4.0413,90.000,0.3637,0.3600,15.101859,0.000000,15.101859,0.060824,0.000000,0.060824
818950,100,4.0413,88.750,0.3587,0.3600,15.104325,0.000000,15.104325,0.060834,0.000000,0.060834
819050,100,4.0425,86.250,0.3487,0.3500,15.106720,0.000000,15.106720,0.060844,0.000000,0.060844
819150,100,4.0425,87.500,0.3537,0.3600,15.109151,0.000000,15.109151,0.060854,0.000000,0.060854
819250,100,4.0413,90.000,0.3637,0.3600,15.111651,0.000000,15.111651,0.060864,0.000000,0.060864
819350,100,4.0413,91.250,0.3688,0.3700,15.114186,0.000000,15.114186,0.060874,0.000000,0.060874
819450,100,4.0400,93.750,0.3787,0.3800,15.116790,0.000000,15.116790,0.060885,0.000000,0.060885
819550,100,4.0425,88.750,0.3588,0.3600,15.119255,0.000000,15.119255,0.060895,0.000000,0.060895
#MARK,819646,100,"seg_072_p12_b255_start",15.119255,0.000000,15.119255,0.060895,0.000000,0.060895
819650,100,4.0425,86.250,0.3487,0.3500,15.121651,0.000000,15.121651,0.060904,0.000000,0.060904
819750,100,4.0425,87.500,0.3537,0.3500,15.124082,0.000000,15.124082,0.060914,0.000000,0.060914
819850,100,4.0413,90.000,0.3637,0.3600,15.126582,0.000000,15.126582,0.060924,0.000000,0.060924
819950,100,4.0400,92.500,0.3737,0.3700,15.129151,0.000000,15.129151,0.060935,0.000000,0.060935
820050,100,4.0400,93.750,0.3787,0.3700,15.131755,0.000000,15.131755,0.060945,0.000000,0.060945
820150,100,4.0400,95.000,0.3838,0.3800,15.134394,0.000000,15.134394,0.060956,0.000000,0.060956
820250,100,4.0400,93.750,0.3787,0.3800,15.136998,0.000000,15.136998,0.060966,0.000000,0.060966
820350,100,4.0400,93.750,0.3787,0.3800,15.139602,0.000000,15.139602,0.060977,0.000000,0.060977
820450,100,4.0413,88.750,0.3587,0.3600,15.142068,0.000000,15.142068,0.060987,0.000000,0.060987
820550,100,4.0413,91.250,0.3688,0.3700,15.144602,0.000000,15.144602,0.060997,0.000000,0.060997
820650,100,4.0400,93.750,0.3787,0.3800,15.147207,0.000000,15.147207,0.061008,0.000000,0.061008
820750,100,4.0400,95.000,0.3838,0.3800,15.149845,0.000000,15.149845,0.061018,0.000000,0.061018
820850,100,4.0400,93.750,0.3787,0.3800,15.152450,0.000000,15.152450,0.061029,0.000000,0.061029
820950,100,4.0400,93.750,0.3787,0.3800,15.155054,0.000000,15.155054,0.061039,0.000000,0.061039
821050,100,4.0400,92.500,0.3737,0.3700,15.157623,0.000000,15.157623,0.061050,0.000000,0.061050
821150,100,4.0413,91.250,0.3688,0.3700,15.160158,0.000000,15.160158,0.061060,0.000000,0.061060
821250,100,4.0413,92.500,0.3738,0.3700,15.162727,0.000000,15.162727,0.061070,0.000000,0.061070
821350,100,4.0413,91.250,0.3688,0.3700,15.165262,0.000000,15.165262,0.061081,0.000000,0.061081
821450,100,4.0400,96.250,0.3888,0.3900,15.167936,0.000000,15.167936,0.061091,0.000000,0.061091
821550,100,4.0388,95.000,0.3837,0.3900,15.170575,0.000000,15.170575,0.061102,0.000000,0.061102
821650,100,4.0413,88.750,0.3587,0.3600,15.173040,0.000000,15.173040,0.061112,0.000000,0.061112
821750,100,4.0437,83.750,0.3387,0.3400,15.175366,0.000000,15.175366,0.061122,0.000000,0.061122
821850,100,4.0437,81.250,0.3286,0.3300,15.177623,0.000000,15.177623,0.061131,0.000000,0.061131
821950,100,4.0425,86.250,0.3487,0.3500,15.180019,0.000000,15.180019,0.061140,0.000000,0.061140
822050,100,4.0413,92.500,0.3738,0.3700,15.182589,0.000000,15.182589,0.061151,0.000000,0.061151
822150,100,4.0413,91.250,0.3688,0.3700,15.185123,0.000000,15.185123,0.061161,0.000000,0.061161
822250,100,4.0413,91.250,0.3688,0.3700,15.187658,0.000000,15.187658,0.061171,0.000000,0.061171
822350,100,4.0400,91.250,0.3687,0.3700,15.190193,0.000000,15.190193,0.061181,0.000000,0.061181
822450,100,4.0413,90.000,0.3637,0.3600,15.192693,0.000000,15.192693,0.061192,0.000000,0.061192
822550,100,4.0413,90.000,0.3637,0.3600,15.195193,0.000000,15.195193,0.061202,0.000000,0.061202
822650,100,4.0413,91.250,0.3688,0.3700,15.197727,0.000000,15.197727,0.061212,0.000000,0.061212
822750,100,4.0400,93.750,0.3787,0.3800,15.200332,0.000000,15.200332,0.061222,0.000000,0.061222
822850,100,4.0413,92.500,0.3738,0.3700,15.202901,0.000000,15.202901,0.061233,0.000000,0.061233
822950,100,4.0400,95.000,0.3838,0.3800,15.205540,0.000000,15.205540,0.061243,0.000000,0.061243
823050,100,4.0388,97.500,0.3938,0.4000,15.208248,0.000000,15.208248,0.061254,0.000000,0.061254
823150,100,4.0400,95.000,0.3838,0.3800,15.210887,0.000000,15.210887,0.061265,0.000000,0.061265
823250,100,4.0425,85.000,0.3436,0.3500,15.213248,0.000000,15.213248,0.061275,0.000000,0.061275
823350,100,4.0437,81.250,0.3286,0.3300,15.215505,0.000000,15.215505,0.061284,0.000000,0.061284
823450,100,4.0437,82.500,0.3336,0.3300,15.217797,0.000000,15.217797,0.061293,0.000000,0.061293
823550,100,4.0425,85.000,0.3436,0.3400,15.220158,0.000000,15.220158,0.061303,0.000000,0.061303
823650,100,4.0413,88.750,0.3587,0.3600,15.222623,0.000000,15.222623,0.061313,0.000000,0.061313
823750,100,4.0413,91.250,0.3688,0.3700,15.225158,0.000000,15.225158,0.061323,0.000000,0.061323
823850,100,4.0413,91.250,0.3688,0.3700,15.227693,0.000000,15.227693,0.061333,0.000000,0.061333
823950,100,4.0413,90.000,0.3637,0.3700,15.230193,0.000000,15.230193,0.061343,0.000000,0.061343
824050,100,4.0400,92.500,0.3737,0.3700,15.232762,0.000000,15.232762,0.061353,0.000000,0.061353
824150,100,4.0413,91.250,0.3688,0.3700,15.235297,0.000000,15.235297,0.061364,0.000000,0.061364
824250,100,4.0400,92.500,0.3737,0.3700,15.237866,0.000000,15.237866,0.061374,0.000000,0.061374
824350,100,4.0400,92.500,0.3737,0.3700,15.240436,0.000000,15.240436,0.061384,0.000000,0.061384
824450,100,4.0400,92.500,0.3737,0.3700,15.243005,0.000000,15.243005,0.061395,0.000000,0.061395
824550,100,4.0413,88.750,0.3587,0.3600,15.245470,0.000000,15.245470,0.061405,0.000000,0.061405
824650,100,4.0413,88.750,0.3587,0.3600,15.247936,0.000000,15.247936,0.061415,0.000000,0.061415
824750,100,4.0413,90.000,0.3637,0.3600,15.250436,0.000000,15.250436,0.061425,0.000000,0.061425
824850,100,4.0400,92.500,0.3737,0.3700,15.253005,0.000000,15.253005,0.061435,0.000000,0.061435
#MARK,824890,100,"seg_072_p12_b255_end",15.253005,0.000000,15.253005,0.061435,0.000000,0.061435
824950,100,4.0425,78.750,0.3183,0.3200,15.255193,0.000000,15.255193,0.061444,0.000000,0.061444
825050,100,4.0450,78.750,0.3185,0.3200,15.257380,0.000000,15.257380,0.061453,0.000000,0.061453
825150,100,4.0450,78.750,0.3185,0.3200,15.259568,0.000000,15.259568,0.061462,0.000000,0.061462
825250,100,4.0437,80.000,0.3235,0.3200,15.261790,0.000000,15.261790,0.061471,0.000000,0.061471
825350,100,4.0437,78.750,0.3184,0.3200,15.263977,0.000000,15.263977,0.061480,0.000000,0.061480
825450,100,4.0450,78.750,0.3185,0.3200,15.266165,0.000000,15.266165,0.061488,0.000000,0.061488
825550,100,4.0450,78.750,0.3185,0.3200,15.268352,0.000000,15.268352,0.061497,0.000000,0.061497
825650,100,4.0450,80.000,0.3236,0.3200,15.270575,0.000000,15.270575,0.061506,0.000000,0.061506
825750,100,4.0437,81.250,0.3286,0.3300,15.272832,0.000000,15.272832,0.061515,0.000000,0.061515
825850,100,4.0437,80.000,0.3235,0.3200,15.275054,0.000000,15.275054,0.061524,0.000000,0.061524
825950,100,4.0450,78.750,0.3185,0.3200,15.277241,0.000000,15.277241,0.061533,0.000000,0.061533
#MARK,825983,100,"seg_073_p13_b095_start",15.277241,0.000000,15.277241,0.061533,0.000000,0.061533
826050,100,4.0450,78.750,0.3185,0.3200,15.279429,0.000000,15.279429,0.061542,0.000000,0.061542
826150,100,4.0450,80.000,0.3236,0.3200,15.281651,0.000000,15.281651,0.061551,0.000000,0.061551
826250,100,4.0437,80.000,0.3235,0.3200,15.283873,0.000000,15.283873,0.061560,0.000000,0.061560
826350,100,4.0437,80.000,0.3235,0.3200,15.286095,0.000000,15.286095,0.061569,0.000000,0.061569
826450,100,4.0437,80.000,0.3235,0.3200,15.288318,0.000000,15.288318,0.061578,0.000000,0.061578
826550,100,4.0450,78.750,0.3185,0.3200,15.290505,0.000000,15.290505,0.061587,0.000000,0.061587
826650,100,4.0450,80.000,0.3236,0.3200,15.292727,0.000000,15.292727,0.061596,0.000000,0.061596
826750,100,4.0450,78.750,0.3185,0.3200,15.294915,0.000000,15.294915,0.061605,0.000000,0.061605
826850,100,4.0450,78.750,0.3185,0.3200,15.297102,0.000000,15.297102,0.061614,0.000000,0.061614
826950,100,4.0450,78.750,0.3185,0.3200,15.299290,0.000000,15.299290,0.061622,0.000000,0.061622
827050,100,4.0437,80.000,0.3235,0.3200,15.301512,0.000000,15.301512,0.061631,0.000000,0.061631
827150,100,4.0437,80.000,0.3235,0.3200,15.303734,0.000000,15.303734,0.061640,0.000000,0.061640
827250,100,4.0437,81.250,0.3286,0.3300,15.305991,0.000000,15.305991,0.061650,0.000000,0.061650
827350,100,4.0437,80.000,0.3235,0.3200,15.308214,0.000000,15.308214,0.061659,0.000000,0.061659
827450,100,4.0450,80.000,0.3236,0.3200,15.310436,0.000000,15.310436,0.061668,0.000000,0.061668
827550,100,4.0437,81.250,0.3286,0.3200,15.312693,0.000000,15.312693,0.061677,0.000000,0.061677
827650,100,4.0437,81.250,0.3286,0.3200,15.314950,0.000000,15.314950,0.061686,0.000000,0.061686
827750,100,4.0450,78.750,0.3185,0.3200,15.317137,0.000000,15.317137,0.061695,0.000000,0.061695
827850,100,4.0437,78.750,0.3184,0.3200,15.319325,0.000000,15.319325,0.061703,0.000000,0.061703
827950,100,4.0450,78.750,0.3185,0.3200,15.321512,0.000000,15.321512,0.061712,0.000000,0.061712
828050,100,4.0450,78.750,0.3185,0.3200,15.323700,0.000000,15.323700,0.061721,0.000000,0.061721
828150,100,4.0437,78.750,0.3184,0.3200,15.325887,0.000000,15.325887,0.061730,0.000000,0.061730
828250,100,4.0450,78.750,0.3185,0.3200,15.328075,0.000000,15.328075,0.061739,0.000000,0.061739
828350,100,4.0450,78.750,0.3185,0.3200,15.330262,0.000000,15.330262,0.061748,0.000000,0.061748
828450,100,4.0450,78.750,0.3185,0.3200,15.332450,0.000000,15.332450,0.061757,0.000000,0.061757
828550,100,4.0450,80.000,0.3236,0.3200,15.334672,0.000000,15.334672,0.061766,0.000000,0.061766
828650,100,4.0450,78.750,0.3185,0.3200,15.336859,0.000000,15.336859,0.061774,0.000000,0.061774
828750,100,4.0450,78.750,0.3185,0.3200,15.339047,0.000000,15.339047,0.061783,0.000000,0.061783
828850,100,4.0450,78.750,0.3185,0.3200,15.341234,0.000000,15.341234,0.061792,0.000000,0.061792
828950,100,4.0450,78.750,0.3185,0.3200,15.343422,0.000000,15.343422,0.061801,0.000000,0.061801
829050,100,4.0450,78.750,0.3185,0.3200,15.345609,0.000000,15.345609,0.061810,0.000000,0.061810
829150,100,4.0450,80.000,0.3236,0.3200,15.347832,0.000000,15.347832,0.061819,0.000000,0.061819
829250,100,4.0450,78.750,0.3185,0.3200,15.350019,0.000000,15.350019,0.061828,0.000000,0.061828
829350,100,4.0450,78.750,0.3185,0.3200,15.352207,0.000000,15.352207,0.061836,0.000000,0.061836
829450,100,4.0450,78.750,0.3185,0.3200,15.354394,0.000000,15.354394,0.061845,0.000000,0.061845
829550,100,4.0450,78.750,0.3185,0.3200,15.356582,0.000000,15.356582,0.061854,0.000000,0.061854
829650,100,4.0437,78.750,0.3184,0.3200,15.358769,0.000000,15.358769,0.061863,0.000000,0.061863
829750,100,4.0450,78.750,0.3185,0.3200,15.360957,0.000000,15.360957,0.061872,0.000000,0.061872
829850,100,4.0450,78.750,0.3185,0.3200,15.363144,0.000000,15.363144,0.061881,0.000000,0.061881
829950,100,4.0450,80.000,0.3236,0.3200,15.365366,0.000000,15.365366,0.061890,0.000000,0.061890
830050,100,4.0450,78.750,0.3185,0.3200,15.367554,0.000000,15.367554,0.061899,0.000000,0.061899
830150,100,4.0450,78.750,0.3185,0.3200,15.369741,0.000000,15.369741,0.061907,0.000000,0.061907
830250,100,4.0450,77.500,0.3135,0.3200,15.371894,0.000000,15.371894,0.061916,0.000000,0.061916
830350,100,4.0450,77.500,0.3135,0.3100,15.374047,0.000000,15.374047,0.061925,0.000000,0.061925
830450,100,4.0450,77.500,0.3135,0.3100,15.376200,0.000000,15.376200,0.061934,0.000000,0.061934
830550,100,4.0450,77.500,0.3135,0.3100,15.378352,0.000000,15.378352,0.061942,0.000000,0.061942
830650,100,4.0450,77.500,0.3135,0.3100,15.380505,0.000000,15.380505,0.061951,0.000000,0.061951
830750,100,4.0462,76.250,0.3085,0.3100,15.382623,0.000000,15.382623,0.061960,0.000000,0.061960
830850,100,4.0462,73.750,0.2984,0.3000,15.384672,0.000000,15.384672,0.061968,0.000000,0.061968
830950,100,4.0462,75.000,0.3035,0.3000,15.386755,0.000000,15.386755,0.061976,0.000000,0.061976
831050,100,4.0450,75.000,0.3034,0.3000,15.388839,0.000000,15.388839,0.061985,0.000000,0.061985
831150,100,4.0450,76.250,0.3084,0.3100,15.390957,0.000000,15.390957,0.061993,0.000000,0.061993
#MARK,831229,100,"seg_073_p13_b095_end",15.390957,0.000000,15.390957,0.061993,0.000000,0.061993
831250,100,4.0450,77.500,0.3135,0.3100,15.393109,0.000000,15.393109,0.062002,0.000000,0.062002
831350,100,4.0425,82.500,0.3335,0.3300,15.395401,0.000000,15.395401,0.062011,0.000000,0.062011
831450,100,4.0437,81.250,0.3286,0.3300,15.397658,0.000000,15.397658,0.062020,0.000000,0.062020
831550,100,4.0437,82.500,0.3336,0.3300,15.399950,0.000000,15.399950,0.062030,0.000000,0.062030
831650,100,4.0437,81.250,0.3286,0.3300,15.402207,0.000000,15.402207,0.062039,0.000000,0.062039
831750,100,4.0437,82.500,0.3336,0.3300,15.404498,0.000000,15.404498,0.062048,0.000000,0.062048
831850,100,4.0425,85.000,0.3436,0.3400,15.406859,0.000000,15.406859,0.062058,0.000000,0.062058
831950,100,4.0437,81.250,0.3286,0.3300,15.409116,0.000000,15.409116,0.062067,0.000000,0.062067
832050,100,4.0450,78.750,0.3185,0.3200,15.411304,0.000000,15.411304,0.062076,0.000000,0.062076
832150,100,4.0450,78.750,0.3185,0.3200,15.413491,0.000000,15.413491,0.062084,0.000000,0.062084
832250,100,4.0437,80.000,0.3235,0.3200,15.415714,0.000000,15.415714,0.062093,0.000000,0.062093
832350,100,4.0437,82.500,0.3336,0.3300,15.418005,0.000000,15.418005,0.062103,0.000000,0.062103
#MARK,832395,100,"seg_074_p13_b127_start",15.418005,0.000000,15.418005,0.062103,0.000000,0.062103
832450,100,4.0437,81.250,0.3286,0.3300,15.420262,0.000000,15.420262,0.062112,0.000000,0.062112
832550,100,4.0437,82.500,0.3336,0.3300,15.422554,0.000000,15.422554,0.062121,0.000000,0.062121
832650,100,4.0437,82.500,0.3336,0.3300,15.424845,0.000000,15.424845,0.062130,0.000000,0.062130
832750,100,4.0425,83.750,0.3386,0.3400,15.427172,0.000000,15.427172,0.062140,0.000000,0.062140
832850,100,4.0425,83.750,0.3386,0.3400,15.429498,0.000000,15.429498,0.062149,0.000000,0.062149
832950,100,4.0437,81.250,0.3286,0.3300,15.431755,0.000000,15.431755,0.062158,0.000000,0.062158
833050,100,4.0450,80.000,0.3236,0.3200,15.433977,0.000000,15.433977,0.062167,0.000000,0.062167
833150,100,4.0437,80.000,0.3235,0.3200,15.436200,0.000000,15.436200,0.062176,0.000000,0.062176
833250,100,4.0437,82.500,0.3336,0.3300,15.438491,0.000000,15.438491,0.062185,0.000000,0.062185
833350,100,4.0437,82.500,0.3336,0.3300,15.440783,0.000000,15.440783,0.062195,0.000000,0.062195
833450,100,4.0437,80.000,0.3235,0.3300,15.443005,0.000000,15.443005,0.062204,0.000000,0.062204
833550,100,4.0437,81.250,0.3286,0.3300,15.445262,0.000000,15.445262,0.062213,0.000000,0.062213
833650,100,4.0437,81.250,0.3286,0.3300,15.447519,0.000000,15.447519,0.062222,0.000000,0.062222
833750,100,4.0437,82.500,0.3336,0.3300,15.449811,0.000000,15.449811,0.062231,0.000000,0.062231
833850,100,4.0437,82.500,0.3336,0.3300,15.452102,0.000000,15.452102,0.062241,0.000000,0.062241
833950,100,4.0450,80.000,0.3236,0.3200,15.454325,0.000000,15.454325,0.062249,0.000000,0.062249
834050,100,4.0450,78.750,0.3185,0.3200,15.456512,0.000000,15.456512,0.062258,0.000000,0.062258
834150,100,4.0437,80.000,0.3235,0.3200,15.458734,0.000000,15.458734,0.062267,0.000000,0.062267
834250,100,4.0450,80.000,0.3236,0.3200,15.460957,0.000000,15.460957,0.062276,0.000000,0.062276
834350,100,4.0437,81.250,0.3286,0.3200,15.463214,0.000000,15.463214,0.062285,0.000000,0.062285
834450,100,4.0437,80.000,0.3235,0.3200,15.465436,0.000000,15.465436,0.062294,0.000000,0.062294
834550,100,4.0437,78.750,0.3184,0.3200,15.467623,0.000000,15.467623,0.062303,0.000000,0.062303
834650,100,4.0450,80.000,0.3236,0.3200,15.469845,0.000000,15.469845,0.062312,0.000000,0.062312
834750,100,4.0437,80.000,0.3235,0.3200,15.472068,0.000000,15.472068,0.062321,0.000000,0.062321
834850,100,4.0437,81.250,0.3286,0.3300,15.474325,0.000000,15.474325,0.062330,0.000000,0.062330
834950,100,4.0437,81.250,0.3286,0.3300,15.476582,0.000000,15.476582,0.062340,0.000000,0.062340
835050,100,4.0450,78.750,0.3185,0.3200,15.478769,0.000000,15.478769,0.062348,0.000000,0.062348
835150,100,4.0450,77.500,0.3135,0.3100,15.480922,0.000000,15.480922,0.062357,0.000000,0.062357
835250,100,4.0450,80.000,0.3236,0.3200,15.483144,0.000000,15.483144,0.062366,0.000000,0.062366
835350,100,4.0437,80.000,0.3235,0.3200,15.485366,0.000000,15.485366,0.062375,0.000000,0.062375
835450,100,4.0437,81.250,0.3286,0.3300,15.487623,0.000000,15.487623,0.062384,0.000000,0.062384
835550,100,4.0450,80.000,0.3236,0.3200,15.489845,0.000000,15.489845,0.062393,0.000000,0.062393
835650,100,4.0450,78.750,0.3185,0.3200,15.492033,0.000000,15.492033,0.062402,0.000000,0.062402
835750,100,4.0437,80.000,0.3235,0.3200,15.494255,0.000000,15.494255,0.062411,0.000000,0.062411
835850,100,4.0437,81.250,0.3286,0.3300,15.496512,0.000000,15.496512,0.062420,0.000000,0.062420
835950,100,4.0437,82.500,0.3336,0.3300,15.498804,0.000000,15.498804,0.062429,0.000000,0.062429
836050,100,4.0437,80.000,0.3235,0.3200,15.501026,0.000000,15.501026,0.062438,0.000000,0.062438
836150,100,4.0450,77.500,0.3135,0.3100,15.503179,0.000000,15.503179,0.062447,0.000000,0.062447
836250,100,4.0437,77.500,0.3134,0.3200,15.505332,0.000000,15.505332,0.062456,0.000000,0.062456
836350,100,4.0437,80.000,0.3235,0.3200,15.507554,0.000000,15.507554,0.062465,0.000000,0.062465
836450,100,4.0437,81.250,0.3286,0.3300,15.509811,0.000000,15.509811,0.062474,0.000000,0.062474
836550,100,4.0437,80.000,0.3235,0.3200,15.512033,0.000000,15.512033,0.062483,0.000000,0.062483
836650,100,4.0437,80.000,0.3235,0.3200,15.514255,0.000000,15.514255,0.062492,0.000000,0.062492
836750,100,4.0437,80.000,0.3235,0.3200,15.516477,0.000000,15.516477,0.062501,0.000000,0.062501
836850,100,4.0450,81.250,0.3287,0.3300,15.518734,0.000000,15.518734,0.062510,0.000000,0.062510
836950,100,4.0437,80.000,0.3235,0.3200,15.520957,0.000000,15.520957,0.062519,0.000000,0.062519
837050,100,4.0437,80.000,0.3235,0.3200,15.523179,0.000000,15.523179,0.062528,0.000000,0.062528
837150,100,4.0437,80.000,0.3235,0.3200,15.525401,0.000000,15.525401,0.062537,0.000000,0.062537
837250,100,4.0437,80.000,0.3235,0.3200,15.527623,0.000000,15.527623,0.062546,0.000000,0.062546
837350,100,4.0437,81.250,0.3286,0.3300,15.529880,0.000000,15.529880,0.062555,0.000000,0.062555
837450,100,4.0437,81.250,0.3286,0.3300,15.532137,0.000000,15.532137,0.062564,0.000000,0.062564
837550,100,4.0437,82.500,0.3336,0.3300,15.534429,0.000000,15.534429,0.062573,0.000000,0.062573
#MARK,837645,100,"seg_074_p13_b127_end",15.534429,0.000000,15.534429,0.062573,0.000000,0.062573
837650,100,4.0437,82.500,0.3336,0.3300,15.536720,0.000000,15.536720,0.062583,0.000000,0.062583
837750,100,4.0413,88.750,0.3587,0.3600,15.539186,0.000000,15.539186,0.062593,0.000000,0.062593
837850,100,4.0425,87.500,0.3537,0.3500,15.541616,0.000000,15.541616,0.062602,0.000000,0.062602
837950,100,4.0413,86.250,0.3486,0.3500,15.544012,0.000000,15.544012,0.062612,0.000000,0.062612
838050,100,4.0425,87.500,0.3537,0.3500,15.546443,0.000000,15.546443,0.062622,0.000000,0.062622
838150,100,4.0425,87.500,0.3537,0.3600,15.548873,0.000000,15.548873,0.062632,0.000000,0.062632
838250,100,4.0425,87.500,0.3537,0.3500,15.551304,0.000000,15.551304,0.062642,0.000000,0.062642
838350,100,4.0425,86.250,0.3487,0.3500,15.553700,0.000000,15.553700,0.062651,0.000000,0.062651
838450,100,4.0413,86.250,0.3486,0.3500,15.556095,0.000000,15.556095,0.062661,0.000000,0.062661
838550,100,4.0425,86.250,0.3487,0.3500,15.558491,0.000000,15.558491,0.062671,0.000000,0.062671
838650,100,4.0413,86.250,0.3486,0.3500,15.560887,0.000000,15.560887,0.062680,0.000000,0.062680
838750,100,4.0413,86.250,0.3486,0.3500,15.563283,0.000000,15.563283,0.062690,0.000000,0.062690
#MARK,838773,100,"seg_075_p13_b159_start",15.563283,0.000000,15.563283,0.062690,0.000000,0.062690
838850,100,4.0413,86.250,0.3486,0.3500,15.565679,0.000000,15.565679,0.062700,0.000000,0.062700
838950,100,4.0413,87.500,0.3536,0.3500,15.568109,0.000000,15.568109,0.062710,0.000000,0.062710
839050,100,4.0425,86.250,0.3487,0.3500,15.570505,0.000000,15.570505,0.062719,0.000000,0.062719
839150,100,4.0425,86.250,0.3487,0.3500,15.572901,0.000000,15.572901,0.062729,0.000000,0.062729
839250,100,4.0425,86.250,0.3487,0.3500,15.575297,0.000000,15.575297,0.062739,0.000000,0.062739
839350,100,4.0425,86.250,0.3487,0.3500,15.577693,0.000000,15.577693,0.062748,0.000000,0.062748
839450,100,4.0425,86.250,0.3487,0.3500,15.580089,0.000000,15.580089,0.062758,0.000000,0.062758
839550,100,4.0425,86.250,0.3487,0.3500,15.582484,0.000000,15.582484,0.062768,0.000000,0.062768
839650,100,4.0425,85.000,0.3436,0.3400,15.584845,0.000000,15.584845,0.062777,0.000000,0.062777
839750,100,4.0425,85.000,0.3436,0.3400,15.587207,0.000000,15.587207,0.062787,0.000000,0.062787
839850,100,4.0425,85.000,0.3436,0.3400,15.589568,0.000000,15.589568,0.062796,0.000000,0.062796
839950,100,4.0425,85.000,0.3436,0.3400,15.591929,0.000000,15.591929,0.062806,0.000000,0.062806
840050,100,4.0425,83.750,0.3386,0.3400,15.594255,0.000000,15.594255,0.062815,0.000000,0.062815
840150,100,4.0425,83.750,0.3386,0.3400,15.596582,0.000000,15.596582,0.062825,0.000000,0.062825
840250,100,4.0437,82.500,0.3336,0.3300,15.598873,0.000000,15.598873,0.062834,0.000000,0.062834
840350,100,4.0437,82.500,0.3336,0.3300,15.601165,0.000000,15.601165,0.062843,0.000000,0.062843
840450,100,4.0437,82.500,0.3336,0.3300,15.603457,0.000000,15.603457,0.062852,0.000000,0.062852
840550,100,4.0437,82.500,0.3336,0.3300,15.605748,0.000000,15.605748,0.062862,0.000000,0.062862
840650,100,4.0425,83.750,0.3386,0.3400,15.608075,0.000000,15.608075,0.062871,0.000000,0.062871
840750,100,4.0425,82.500,0.3335,0.3300,15.610366,0.000000,15.610366,0.062880,0.000000,0.062880
840850,100,4.0425,83.750,0.3386,0.3400,15.612693,0.000000,15.612693,0.062890,0.000000,0.062890
840950,100,4.0425,82.500,0.3335,0.3300,15.614984,0.000000,15.614984,0.062899,0.000000,0.062899
841050,100,4.0437,82.500,0.3336,0.3300,15.617276,0.000000,15.617276,0.062908,0.000000,0.062908
841150,100,4.0437,82.500,0.3336,0.3300,15.619568,0.000000,15.619568,0.062918,0.000000,0.062918
841250,100,4.0425,82.500,0.3335,0.3300,15.621859,0.000000,15.621859,0.062927,0.000000,0.062927
841350,100,4.0425,83.750,0.3386,0.3400,15.624186,0.000000,15.624186,0.062936,0.000000,0.062936
841450,100,4.0425,85.000,0.3436,0.3400,15.626547,0.000000,15.626547,0.062946,0.000000,0.062946
841550,100,4.0425,82.500,0.3335,0.3300,15.628839,0.000000,15.628839,0.062955,0.000000,0.062955
841650,100,4.0425,85.000,0.3436,0.3400,15.631200,0.000000,15.631200,0.062965,0.000000,0.062965
841750,100,4.0425,85.000,0.3436,0.3400,15.633561,0.000000,15.633561,0.062974,0.000000,0.062974
841850,100,4.0425,86.250,0.3487,0.3400,15.635957,0.000000,15.635957,0.062984,0.000000,0.062984
841950,100,4.0425,86.250,0.3487,0.3500,15.638352,0.000000,15.638352,0.062994,0.000000,0.062994
842050,100,4.0425,85.000,0.3436,0.3400,15.640714,0.000000,15.640714,0.063003,0.000000,0.063003
842150,100,4.0425,85.000,0.3436,0.3400,15.643075,0.000000,15.643075,0.063013,0.000000,0.063013
842250,100,4.0425,85.000,0.3436,0.3400,15.645436,0.000000,15.645436,0.063022,0.000000,0.063022
842350,100,4.0425,85.000,0.3436,0.3400,15.647797,0.000000,15.647797,0.063032,0.000000,0.063032
842450,100,4.0425,85.000,0.3436,0.3400,15.650158,0.000000,15.650158,0.063041,0.000000,0.063041
842550,100,4.0425,85.000,0.3436,0.3400,15.652519,0.000000,15.652519,0.063051,0.000000,0.063051
842650,100,4.0425,85.000,0.3436,0.3500,15.654880,0.000000,15.654880,0.063060,0.000000,0.063060
842750,100,4.0425,85.000,0.3436,0.3400,15.657241,0.000000,15.657241,0.063070,0.000000,0.063070
842850,100,4.0425,85.000,0.3436,0.3400,15.659602,0.000000,15.659602,0.063079,0.000000,0.063079
842950,100,4.0425,85.000,0.3436,0.3400,15.661964,0.000000,15.661964,0.063089,0.000000,0.063089
843050,100,4.0425,86.250,0.3487,0.3500,15.664359,0.000000,15.664359,0.063099,0.000000,0.063099
843150,100,4.0425,85.000,0.3436,0.3400,15.666720,0.000000,15.666720,0.063108,0.000000,0.063108
843250,100,4.0425,85.000,0.3436,0.3400,15.669082,0.000000,15.669082,0.063118,0.000000,0.063118
843350,100,4.0425,85.000,0.3436,0.3500,15.671443,0.000000,15.671443,0.063127,0.000000,0.063127
843450,100,4.0425,85.000,0.3436,0.3400,15.673804,0.000000,15.673804,0.063137,0.000000,0.063137
843550,100,4.0413,86.250,0.3486,0.3500,15.676200,0.000000,15.676200,0.063147,0.000000,0.063147
843650,100,4.0425,85.000,0.3436,0.3400,15.678561,0.000000,15.678561,0.063156,0.000000,0.063156
843750,100,4.0413,85.000,0.3435,0.3400,15.680922,0.000000,15.680922,0.063166,0.000000,0.063166
843850,100,4.0413,85.000,0.3435,0.3400,15.683283,0.000000,15.683283,0.063175,0.000000,0.063175
843950,100,4.0425,85.000,0.3436,0.3400,15.685644,0.000000,15.685644,0.063185,0.000000,0.063185
#MARK,844020,100,"seg_075_p13_b159_end",15.685644,0.000000,15.685644,0.063185,0.000000,0.063185
844050,100,4.0413,87.500,0.3536,0.3500,15.688075,0.000000,15.688075,0.063195,0.000000,0.063195
844150,100,4.0400,91.250,0.3687,0.3700,15.690609,0.000000,15.690609,0.063205,0.000000,0.063205
844250,100,4.0400,91.250,0.3687,0.3700,15.693144,0.000000,15.693144,0.063215,0.000000,0.063215
844350,100,4.0400,91.250,0.3687,0.3700,15.695679,0.000000,15.695679,0.063225,0.000000,0.063225
844450,100,4.0413,91.250,0.3688,0.3700,15.698214,0.000000,15.698214,0.063236,0.000000,0.063236
844550,100,4.0413,90.000,0.3637,0.3600,15.700714,0.000000,15.700714,0.063246,0.000000,0.063246
844650,100,4.0400,90.000,0.3636,0.3700,15.703214,0.000000,15.703214,0.063256,0.000000,0.063256
844750,100,4.0400,90.000,0.3636,0.3600,15.705714,0.000000,15.705714,0.063266,0.000000,0.063266
844850,100,4.0400,90.000,0.3636,0.3600,15.708214,0.000000,15.708214,0.063276,0.000000,0.063276
844950,100,4.0400,88.750,0.3585,0.3600,15.710679,0.000000,15.710679,0.063286,0.000000,0.063286
845050,100,4.0413,90.000,0.3637,0.3600,15.713179,0.000000,15.713179,0.063296,0.000000,0.063296
#MARK,845148,100,"seg_076_p13_b191_start",15.713179,0.000000,15.713179,0.063296,0.000000,0.063296
845150,100,4.0413,88.750,0.3587,0.3600,15.715644,0.000000,15.715644,0.063306,0.000000,0.063306
845250,100,4.0413,90.000,0.3637,0.3700,15.718144,0.000000,15.718144,0.063316,0.000000,0.063316
845350,100,4.0413,90.000,0.3637,0.3600,15.720644,0.000000,15.720644,0.063326,0.000000,0.063326
845450,100,4.0413,90.000,0.3637,0.3600,15.723144,0.000000,15.723144,0.063336,0.000000,0.063336
845550,100,4.0400,90.000,0.3636,0.3700,15.725644,0.000000,15.725644,0.063346,0.000000,0.063346
845650,100,4.0400,90.000,0.3636,0.3600,15.728144,0.000000,15.728144,0.063356,0.000000,0.063356
845750,100,4.0400,90.000,0.3636,0.3700,15.730644,0.000000,15.730644,0.063367,0.000000,0.063367
845850,100,4.0400,90.000,0.3636,0.3600,15.733144,0.000000,15.733144,0.063377,0.000000,0.063377
845950,100,4.0400,90.000,0.3636,0.3600,15.735644,0.000000,15.735644,0.063387,0.000000,0.063387
846050,100,4.0400,90.000,0.3636,0.3600,15.738144,0.000000,15.738144,0.063397,0.000000,0.063397
846150,100,4.0400,90.000,0.3636,0.3600,15.740644,0.000000,15.740644,0.063407,0.000000,0.063407
846250,100,4.0400,90.000,0.3636,0.3600,15.743144,0.000000,15.743144,0.063417,0.000000,0.063417
846350,100,4.0400,90.000,0.3636,0.3600,15.745644,0.000000,15.745644,0.063427,0.000000,0.063427
846450,100,4.0400,88.750,0.3585,0.3600,15.748109,0.000000,15.748109,0.063437,0.000000,0.063437
846550,100,4.0413,88.750,0.3587,0.3600,15.750575,0.000000,15.750575,0.063447,0.000000,0.063447
846650,100,4.0413,88.750,0.3587,0.3600,15.753040,0.000000,15.753040,0.063457,0.000000,0.063457
846750,100,4.0413,88.750,0.3587,0.3600,15.755505,0.000000,15.755505,0.063467,0.000000,0.063467
846850,100,4.0413,88.750,0.3587,0.3600,15.757970,0.000000,15.757970,0.063477,0.000000,0.063477
846950,100,4.0413,88.750,0.3587,0.3600,15.760436,0.000000,15.760436,0.063487,0.000000,0.063487
847050,100,4.0413,88.750,0.3587,0.3600,15.762901,0.000000,15.762901,0.063497,0.000000,0.063497
847150,100,4.0413,88.750,0.3587,0.3600,15.765366,0.000000,15.765366,0.063507,0.000000,0.063507
847250,100,4.0413,88.750,0.3587,0.3600,15.767832,0.000000,15.767832,0.063517,0.000000,0.063517
847350,100,4.0413,88.750,0.3587,0.3600,15.770297,0.000000,15.770297,0.063527,0.000000,0.063527
847450,100,4.0413,88.750,0.3587,0.3600,15.772762,0.000000,15.772762,0.063537,0.000000,0.063537
847550,100,4.0413,88.750,0.3587,0.3600,15.775227,0.000000,15.775227,0.063547,0.000000,0.063547
847650,100,4.0413,88.750,0.3587,0.3600,15.777693,0.000000,15.777693,0.063557,0.000000,0.063557
847750,100,4.0413,88.750,0.3587,0.3600,15.780158,0.000000,15.780158,0.063567,0.000000,0.063567
847850,100,4.0413,88.750,0.3587,0.3600,15.782623,0.000000,15.782623,0.063577,0.000000,0.063577
847950,100,4.0413,88.750,0.3587,0.3600,15.785089,0.000000,15.785089,0.063587,0.000000,0.063587
848050,100,4.0400,88.750,0.3585,0.3600,15.787554,0.000000,15.787554,0.063597,0.000000,0.063597
848150,100,4.0400,88.750,0.3585,0.3600,15.790019,0.000000,15.790019,0.063606,0.000000,0.063606
848250,100,4.0413,88.750,0.3587,0.3600,15.792484,0.000000,15.792484,0.063616,0.000000,0.063616
848350,100,4.0413,88.750,0.3587,0.3600,15.794950,0.000000,15.794950,0.063626,0.000000,0.063626
848450,100,4.0400,87.500,0.3535,0.3600,15.797380,0.000000,15.797380,0.063636,0.000000,0.063636
848550,100,4.0413,88.750,0.3587,0.3600,15.799845,0.000000,15.799845,0.063646,0.000000,0.063646
848650,100,4.0400,88.750,0.3585,0.3600,15.802311,0.000000,15.802311,0.063656,0.000000,0.063656
848750,100,4.0400,88.750,0.3585,0.3600,15.804776,0.000000,15.804776,0.063666,0.000000,0.063666
848850,100,4.0413,88.750,0.3587,0.3600,15.807241,0.000000,15.807241,0.063676,0.000000,0.063676
848950,100,4.0413,88.750,0.3587,0.3600,15.809707,0.000000,15.809707,0.063686,0.000000,0.063686
849050,100,4.0400,88.750,0.3585,0.3600,15.812172,0.000000,15.812172,0.063696,0.000000,0.063696
849150,100,4.0413,88.750,0.3587,0.3600,15.814637,0.000000,15.814637,0.063706,0.000000,0.063706
849250,100,4.0400,88.750,0.3585,0.3600,15.817102,0.000000,15.817102,0.063716,0.000000,0.063716
849350,100,4.0400,88.750,0.3585,0.3600,15.819568,0.000000,15.819568,0.063726,0.000000,0.063726
849450,100,4.0413,88.750,0.3587,0.3600,15.822033,0.000000,15.822033,0.063736,0.000000,0.063736
849550,100,4.0413,88.750,0.3587,0.3600,15.824498,0.000000,15.824498,0.063746,0.000000,0.063746
849650,100,4.0413,88.750,0.3587,0.3600,15.826964,0.000000,15.826964,0.063756,0.000000,0.063756
849750,100,4.0413,88.750,0.3587,0.3600,15.829429,0.000000,15.829429,0.063766,0.000000,0.063766
849850,100,4.0413,88.750,0.3587,0.3600,15.831894,0.000000,15.831894,0.063776,0.000000,0.063776
849950,100,4.0400,88.750,0.3585,0.3600,15.834359,0.000000,15.834359,0.063786,0.000000,0.063786
850050,100,4.0400,88.750,0.3585,0.3600,15.836825,0.000000,15.836825,0.063796,0.000000,0.063796
850150,100,4.0400,87.500,0.3535,0.3600,15.839255,0.000000,15.839255,0.063805,0.000000,0.063805
850250,100,4.0413,88.750,0.3587,0.3600,15.841720,0.000000,15.841720,0.063815,0.000000,0.063815
850350,100,4.0413,87.500,0.3536,0.3600,15.844151,0.000000,15.844151,0.063825,0.000000,0.063825
#MARK,850397,100,"seg_076_p13_b191_end",15.844151,0.000000,15.844151,0.063825,0.000000,0.063825
850450,100,4.0400,93.750,0.3787,0.3800,15.846755,0.000000,15.846755,0.063836,0.000000,0.063836
850550,100,4.0388,95.000,0.3837,0.3800,15.849394,0.000000,15.849394,0.063846,0.000000,0.063846
850650,100,4.0388,93.750,0.3786,0.3800,15.851998,0.000000,15.851998,0.063857,0.000000,0.063857
850750,100,4.0388,93.750,0.3786,0.3800,15.854602,0.000000,15.854602,0.063867,0.000000,0.063867
850850,100,4.0388,93.750,0.3786,0.3700,15.857207,0.000000,15.857207,0.063878,0.000000,0.063878
850950,100,4.0388,93.750,0.3786,0.3800,15.859811,0.000000,15.859811,0.063888,0.000000,0.063888
851050,100,4.0388,92.500,0.3736,0.3800,15.862380,0.000000,15.862380,0.063899,0.000000,0.063899
851150,100,4.0388,93.750,0.3786,0.3700,15.864984,0.000000,15.864984,0.063909,0.000000,0.063909
851250,100,4.0388,93.750,0.3786,0.3700,15.867589,0.000000,15.867589,0.063920,0.000000,0.063920
851350,100,4.0388,92.500,0.3736,0.3700,15.870158,0.000000,15.870158,0.063930,0.000000,0.063930
851450,100,4.0388,92.500,0.3736,0.3700,15.872727,0.000000,15.872727,0.063941,0.000000,0.063941
851550,100,4.0388,92.500,0.3736,0.3800,15.875297,0.000000,15.875297,0.063951,0.000000,0.063951
#MARK,851562,100,"seg_077_p13_b223_start",15.875297,0.000000,15.875297,0.063951,0.000000,0.063951
851650,100,4.0388,92.500,0.3736,0.3700,15.877866,0.000000,15.877866,0.063961,0.000000,0.063961
851750,100,4.0388,93.750,0.3786,0.3800,15.880470,0.000000,15.880470,0.063972,0.000000,0.063972
851850,100,4.0388,92.500,0.3736,0.3700,15.883040,0.000000,15.883040,0.063982,0.000000,0.063982
851950,100,4.0388,93.750,0.3786,0.3700,15.885644,0.000000,15.885644,0.063993,0.000000,0.063993
852050,100,4.0388,92.500,0.3736,0.3700,15.888214,0.000000,15.888214,0.064003,0.000000,0.064003
852150,100,4.0388,93.750,0.3786,0.3800,15.890818,0.000000,15.890818,0.064014,0.000000,0.064014
852250,100,4.0388,93.750,0.3786,0.3800,15.893422,0.000000,15.893422,0.064024,0.000000,0.064024
852350,100,4.0388,92.500,0.3736,0.3700,15.895991,0.000000,15.895991,0.064035,0.000000,0.064035
852450,100,4.0388,93.750,0.3786,0.3700,15.898595,0.000000,15.898595,0.064045,0.000000,0.064045
852550,100,4.0388,92.500,0.3736,0.3700,15.901165,0.000000,15.901165,0.064055,0.000000,0.064055
852650,100,4.0388,92.500,0.3736,0.3700,15.903734,0.000000,15.903734,0.064066,0.000000,0.064066
852750,100,4.0388,92.500,0.3736,0.3800,15.906304,0.000000,15.906304,0.064076,0.000000,0.064076
852850,100,4.0388,93.750,0.3786,0.3800,15.908908,0.000000,15.908908,0.064087,0.000000,0.064087
852950,100,4.0388,92.500,0.3736,0.3700,15.911477,0.000000,15.911477,0.064097,0.000000,0.064097
853050,100,4.0388,93.750,0.3786,0.3800,15.914082,0.000000,15.914082,0.064108,0.000000,0.064108
853150,100,4.0388,92.500,0.3736,0.3700,15.916651,0.000000,15.916651,0.064118,0.000000,0.064118
853250,100,4.0388,92.500,0.3736,0.3700,15.919220,0.000000,15.919220,0.064128,0.000000,0.064128
853350,100,4.0388,91.250,0.3685,0.3700,15.921755,0.000000,15.921755,0.064139,0.000000,0.064139
853450,100,4.0400,90.000,0.3636,0.3700,15.924255,0.000000,15.924255,0.064149,0.000000,0.064149
853550,100,4.0400,88.750,0.3585,0.3600,15.926720,0.000000,15.926720,0.064159,0.000000,0.064159
853650,100,4.0400,88.750,0.3585,0.3600,15.929186,0.000000,15.929186,0.064169,0.000000,0.064169
853750,100,4.0400,87.500,0.3535,0.3500,15.931616,0.000000,15.931616,0.064178,0.000000,0.064178
853850,100,4.0413,86.250,0.3486,0.3500,15.934012,0.000000,15.934012,0.064188,0.000000,0.064188
853950,100,4.0400,88.750,0.3585,0.3600,15.936477,0.000000,15.936477,0.064198,0.000000,0.064198
854050,100,4.0400,86.250,0.3485,0.3500,15.938873,0.000000,15.938873,0.064208,0.000000,0.064208
854150,100,4.0413,86.250,0.3486,0.3500,15.941269,0.000000,15.941269,0.064217,0.000000,0.064217
854250,100,4.0400,87.500,0.3535,0.3600,15.943700,0.000000,15.943700,0.064227,0.000000,0.064227
854350,100,4.0400,88.750,0.3585,0.3600,15.946165,0.000000,15.946165,0.064237,0.000000,0.064237
854450,100,4.0413,86.250,0.3486,0.3500,15.948561,0.000000,15.948561,0.064247,0.000000,0.064247
854550,100,4.0413,85.000,0.3435,0.3400,15.950922,0.000000,15.950922,0.064256,0.000000,0.064256
854650,100,4.0413,85.000,0.3435,0.3400,15.953283,0.000000,15.953283,0.064266,0.000000,0.064266
854750,100,4.0425,82.500,0.3335,0.3300,15.955575,0.000000,15.955575,0.064275,0.000000,0.064275
854850,100,4.0413,85.000,0.3435,0.3400,15.957936,0.000000,15.957936,0.064285,0.000000,0.064285
854950,100,4.0425,83.750,0.3386,0.3400,15.960262,0.000000,15.960262,0.064294,0.000000,0.064294
855050,100,4.0413,85.000,0.3435,0.3400,15.962623,0.000000,15.962623,0.064304,0.000000,0.064304
855150,100,4.0413,87.500,0.3536,0.3500,15.965054,0.000000,15.965054,0.064314,0.000000,0.064314
855250,100,4.0400,87.500,0.3535,0.3600,15.967484,0.000000,15.967484,0.064323,0.000000,0.064323
855350,100,4.0413,87.500,0.3536,0.3600,15.969915,0.000000,15.969915,0.064333,0.000000,0.064333
855450,100,4.0400,87.500,0.3535,0.3600,15.972345,0.000000,15.972345,0.064343,0.000000,0.064343
855550,100,4.0400,87.500,0.3535,0.3600,15.974776,0.000000,15.974776,0.064353,0.000000,0.064353
855650,100,4.0400,88.750,0.3585,0.3600,15.977241,0.000000,15.977241,0.064363,0.000000,0.064363
855750,100,4.0400,88.750,0.3585,0.3600,15.979707,0.000000,15.979707,0.064373,0.000000,0.064373
855850,100,4.0400,88.750,0.3585,0.3600,15.982172,0.000000,15.982172,0.064383,0.000000,0.064383
855950,100,4.0400,88.750,0.3585,0.3600,15.984637,0.000000,15.984637,0.064393,0.000000,0.064393
856050,100,4.0400,87.500,0.3535,0.3600,15.987068,0.000000,15.987068,0.064403,0.000000,0.064403
856150,100,4.0400,88.750,0.3585,0.3600,15.989533,0.000000,15.989533,0.064412,0.000000,0.064412
856250,100,4.0400,87.500,0.3535,0.3600,15.991964,0.000000,15.991964,0.064422,0.000000,0.064422
856350,100,4.0400,87.500,0.3535,0.3600,15.994394,0.000000,15.994394,0.064432,0.000000,0.064432
856450,100,4.0400,87.500,0.3535,0.3600,15.996825,0.000000,15.996825,0.064442,0.000000,0.064442
856550,100,4.0400,87.500,0.3535,0.3600,15.999255,0.000000,15.999255,0.064452,0.000000,0.064452
856650,100,4.0400,87.500,0.3535,0.3600,16.001686,0.000000,16.001686,0.064462,0.000000,0.064462
856750,100,4.0400,87.500,0.3535,0.3600,16.004116,0.000000,16.004116,0.064471,0.000000,0.064471
#MARK,856777,100,"seg_077_p13_b223_end",16.004116,0.000000,16.004116,0.064471,0.000000,0.064471
856850,100,4.0388,95.000,0.3837,0.3800,16.006755,0.000000,16.006755,0.064482,0.000000,0.064482
856950,100,4.0388,92.500,0.3736,0.3700,16.009325,0.000000,16.009325,0.064492,0.000000,0.064492
857050,100,4.0388,92.500,0.3736,0.3700,16.011894,0.000000,16.011894,0.064503,0.000000,0.064503
857150,100,4.0388,92.500,0.3736,0.3700,16.014464,0.000000,16.014464,0.064513,0.000000,0.064513
857250,100,4.0388,92.500,0.3736,0.3700,16.017033,0.000000,16.017033,0.064524,0.000000,0.064524
857350,100,4.0388,92.500,0.3736,0.3700,16.019602,0.000000,16.019602,0.064534,0.000000,0.064534
857450,100,4.0388,92.500,0.3736,0.3700,16.022172,0.000000,16.022172,0.064544,0.000000,0.064544
857550,100,4.0388,92.500,0.3736,0.3700,16.024741,0.000000,16.024741,0.064555,0.000000,0.064555
857650,100,4.0388,92.500,0.3736,0.3700,16.027311,0.000000,16.027311,0.064565,0.000000,0.064565
857750,100,4.0388,91.250,0.3685,0.3700,16.029845,0.000000,16.029845,0.064575,0.000000,0.064575
857850,100,4.0388,91.250,0.3685,0.3700,16.032380,0.000000,16.032380,0.064586,0.000000,0.064586
#MARK,857894,100,"seg_078_p13_b255_start",16.032380,0.000000,16.032380,0.064586,0.000000,0.064586
857950,100,4.0388,91.250,0.3685,0.3700,16.034915,0.000000,16.034915,0.064596,0.000000,0.064596
858050,100,4.0388,91.250,0.3685,0.3700,16.037450,0.000000,16.037450,0.064606,0.000000,0.064606
858150,100,4.0388,91.250,0.3685,0.3700,16.039984,0.000000,16.039984,0.064616,0.000000,0.064616
858250,100,4.0388,92.500,0.3736,0.3700,16.042554,0.000000,16.042554,0.064627,0.000000,0.064627
858350,100,4.0388,92.500,0.3736,0.3700,16.045123,0.000000,16.045123,0.064637,0.000000,0.064637
858450,100,4.0388,91.250,0.3685,0.3700,16.047658,0.000000,16.047658,0.064647,0.000000,0.064647
858550,100,4.0388,92.500,0.3736,0.3700,16.050227,0.000000,16.050227,0.064658,0.000000,0.064658
858650,100,4.0388,92.500,0.3736,0.3700,16.052797,0.000000,16.052797,0.064668,0.000000,0.064668
858750,100,4.0388,92.500,0.3736,0.3700,16.055366,0.000000,16.055366,0.064678,0.000000,0.064678
858850,100,4.0388,92.500,0.3736,0.3700,16.057936,0.000000,16.057936,0.064689,0.000000,0.064689
858950,100,4.0388,92.500,0.3736,0.3700,16.060505,0.000000,16.060505,0.064699,0.000000,0.064699
859050,100,4.0388,91.250,0.3685,0.3700,16.063040,0.000000,16.063040,0.064709,0.000000,0.064709
859150,100,4.0388,92.500,0.3736,0.3700,16.065609,0.000000,16.065609,0.064720,0.000000,0.064720
859250,100,4.0388,91.250,0.3685,0.3700,16.068144,0.000000,16.068144,0.064730,0.000000,0.064730
859350,100,4.0388,92.500,0.3736,0.3700,16.070714,0.000000,16.070714,0.064740,0.000000,0.064740
859450,100,4.0388,92.500,0.3736,0.3700,16.073283,0.000000,16.073283,0.064751,0.000000,0.064751
859550,100,4.0388,92.500,0.3736,0.3700,16.075852,0.000000,16.075852,0.064761,0.000000,0.064761
859650,100,4.0388,91.250,0.3685,0.3700,16.078387,0.000000,16.078387,0.064771,0.000000,0.064771
859750,100,4.0400,91.250,0.3687,0.3700,16.080922,0.000000,16.080922,0.064782,0.000000,0.064782
859850,100,4.0400,91.250,0.3687,0.3700,16.083457,0.000000,16.083457,0.064792,0.000000,0.064792
859950,100,4.0400,90.000,0.3636,0.3700,16.085957,0.000000,16.085957,0.064802,0.000000,0.064802
860050,100,4.0388,91.250,0.3685,0.3700,16.088491,0.000000,16.088491,0.064812,0.000000,0.064812
860150,100,4.0388,90.000,0.3635,0.3700,16.090991,0.000000,16.090991,0.064822,0.000000,0.064822
860250,100,4.0388,91.250,0.3685,0.3700,16.093526,0.000000,16.093526,0.064833,0.000000,0.064833
860350,100,4.0400,90.000,0.3636,0.3600,16.096026,0.000000,16.096026,0.064843,0.000000,0.064843
860450,100,4.0388,90.000,0.3635,0.3700,16.098526,0.000000,16.098526,0.064853,0.000000,0.064853
860550,100,4.0388,90.000,0.3635,0.3600,16.101026,0.000000,16.101026,0.064863,0.000000,0.064863
860650,100,4.0388,91.250,0.3685,0.3700,16.103561,0.000000,16.103561,0.064873,0.000000,0.064873
860750,100,4.0388,90.000,0.3635,0.3700,16.106061,0.000000,16.106061,0.064883,0.000000,0.064883
860850,100,4.0388,91.250,0.3685,0.3700,16.108595,0.000000,16.108595,0.064893,0.000000,0.064893
860950,100,4.0400,90.000,0.3636,0.3600,16.111095,0.000000,16.111095,0.064903,0.000000,0.064903
861050,100,4.0400,86.250,0.3485,0.3500,16.113491,0.000000,16.113491,0.064913,0.000000,0.064913
861150,100,4.0413,86.250,0.3486,0.3500,16.115887,0.000000,16.115887,0.064923,0.000000,0.064923
861250,100,4.0413,83.750,0.3385,0.3400,16.118214,0.000000,16.118214,0.064932,0.000000,0.064932
861350,100,4.0413,85.000,0.3435,0.3400,16.120575,0.000000,16.120575,0.064942,0.000000,0.064942
861450,100,4.0413,85.000,0.3435,0.3400,16.122936,0.000000,16.122936,0.064951,0.000000,0.064951
861550,100,4.0413,85.000,0.3435,0.3400,16.125297,0.000000,16.125297,0.064961,0.000000,0.064961
861650,100,4.0400,87.500,0.3535,0.3600,16.127727,0.000000,16.127727,0.064971,0.000000,0.064971
861750,100,4.0400,88.750,0.3585,0.3600,16.130193,0.000000,16.130193,0.064981,0.000000,0.064981
861850,100,4.0400,86.250,0.3485,0.3500,16.132589,0.000000,16.132589,0.064990,0.000000,0.064990
861950,100,4.0413,82.500,0.3334,0.3300,16.134880,0.000000,16.134880,0.065000,0.000000,0.065000
862050,100,4.0413,86.250,0.3486,0.3500,16.137276,0.000000,16.137276,0.065009,0.000000,0.065009
862150,100,4.0400,87.500,0.3535,0.3600,16.139707,0.000000,16.139707,0.065019,0.000000,0.065019
862250,100,4.0413,83.750,0.3385,0.3400,16.142033,0.000000,16.142033,0.065028,0.000000,0.065028
862350,100,4.0413,85.000,0.3435,0.3400,16.144394,0.000000,16.144394,0.065038,0.000000,0.065038
862450,100,4.0400,86.250,0.3485,0.3500,16.146790,0.000000,16.146790,0.065048,0.000000,0.065048
862550,100,4.0388,90.000,0.3635,0.3600,16.149290,0.000000,16.149290,0.065058,0.000000,0.065058
862650,100,4.0388,90.000,0.3635,0.3700,16.151790,0.000000,16.151790,0.065068,0.000000,0.065068
862750,100,4.0388,91.250,0.3685,0.3700,16.154325,0.000000,16.154325,0.065078,0.000000,0.065078
862850,100,4.0388,90.000,0.3635,0.3700,16.156825,0.000000,16.156825,0.065088,0.000000,0.065088
862950,100,4.0388,90.000,0.3635,0.3700,16.159325,0.000000,16.159325,0.065098,0.000000,0.065098
863050,100,4.0388,92.500,0.3736,0.3700,16.161894,0.000000,16.161894,0.065109,0.000000,0.065109
#MARK,863090,100,"seg_078_p13_b255_end",16.161894,0.000000,16.161894,0.065109,0.000000,0.065109
863150,100,4.0400,85.000,0.3434,0.3500,16.164255,0.000000,16.164255,0.065118,0.000000,0.065118
863250,100,4.0437,76.250,0.3083,0.3100,16.166373,0.000000,16.166373,0.065127,0.000000,0.065127
863350,100,4.0437,76.250,0.3083,0.3100,16.168491,0.000000,16.168491,0.065135,0.000000,0.065135
863450,100,4.0425,78.750,0.3183,0.3200,16.170679,0.000000,16.170679,0.065144,0.000000,0.065144
863550,100,4.0425,80.000,0.3234,0.3300,16.172901,0.000000,16.172901,0.065153,0.000000,0.065153
863650,100,4.0413,82.500,0.3334,0.3300,16.175193,0.000000,16.175193,0.065162,0.000000,0.065162
863750,100,4.0413,83.750,0.3385,0.3400,16.177519,0.000000,16.177519,0.065172,0.000000,0.065172
863850,100,4.0413,85.000,0.3435,0.3400,16.179880,0.000000,16.179880,0.065181,0.000000,0.065181
863950,100,4.0413,86.250,0.3486,0.3500,16.182276,0.000000,16.182276,0.065191,0.000000,0.065191
864050,100,4.0400,86.250,0.3485,0.3500,16.184672,0.000000,16.184672,0.065201,0.000000,0.065201
864150,100,4.0400,87.500,0.3535,0.3600,16.187102,0.000000,16.187102,0.065211,0.000000,0.065211
#MARK,864228,100,"seg_079_p14_b095_start",16.187102,0.000000,16.187102,0.065211,0.000000,0.065211
864250,100,4.0400,88.750,0.3585,0.3600,16.189568,0.000000,16.189568,0.065221,0.000000,0.065221
864350,100,4.0388,88.750,0.3584,0.3600,16.192033,0.000000,16.192033,0.065231,0.000000,0.065231
864450,100,4.0388,90.000,0.3635,0.3600,16.194533,0.000000,16.194533,0.065241,0.000000,0.065241
864550,100,4.0388,90.000,0.3635,0.3600,16.197033,0.000000,16.197033,0.065251,0.000000,0.065251
864650,100,4.0388,90.000,0.3635,0.3700,16.199533,0.000000,16.199533,0.065261,0.000000,0.065261
864750,100,4.0388,91.250,0.3685,0.3700,16.202068,0.000000,16.202068,0.065271,0.000000,0.065271
864850,100,4.0388,92.500,0.3736,0.3700,16.204637,0.000000,16.204637,0.065281,0.000000,0.065281
864950,100,4.0388,91.250,0.3685,0.3700,16.207172,0.000000,16.207172,0.065292,0.000000,0.065292
865050,100,4.0388,91.250,0.3685,0.3700,16.209707,0.000000,16.209707,0.065302,0.000000,0.065302
865150,100,4.0388,92.500,0.3736,0.3700,16.212276,0.000000,16.212276,0.065312,0.000000,0.065312
865250,100,4.0388,92.500,0.3736,0.3700,16.214845,0.000000,16.214845,0.065323,0.000000,0.065323
865350,100,4.0388,92.500,0.3736,0.3700,16.217415,0.000000,16.217415,0.065333,0.000000,0.065333
865450,100,4.0388,91.250,0.3685,0.3700,16.219950,0.000000,16.219950,0.065343,0.000000,0.065343
865550,100,4.0388,91.250,0.3685,0.3700,16.222484,0.000000,16.222484,0.065353,0.000000,0.065353
865650,100,4.0388,91.250,0.3685,0.3700,16.225019,0.000000,16.225019,0.065364,0.000000,0.065364
865750,100,4.0388,91.250,0.3685,0.3700,16.227554,0.000000,16.227554,0.065374,0.000000,0.065374
865850,100,4.0388,91.250,0.3685,0.3700,16.230089,0.000000,16.230089,0.065384,0.000000,0.065384
865950,100,4.0388,88.750,0.3584,0.3600,16.232554,0.000000,16.232554,0.065394,0.000000,0.065394
866050,100,4.0400,90.000,0.3636,0.3600,16.235054,0.000000,16.235054,0.065404,0.000000,0.065404
866150,100,4.0388,90.000,0.3635,0.3600,16.237554,0.000000,16.237554,0.065414,0.000000,0.065414
866250,100,4.0400,90.000,0.3636,0.3600,16.240054,0.000000,16.240054,0.065424,0.000000,0.065424
866350,100,4.0400,90.000,0.3636,0.3700,16.242554,0.000000,16.242554,0.065435,0.000000,0.065435
866450,100,4.0388,90.000,0.3635,0.3700,16.245054,0.000000,16.245054,0.065445,0.000000,0.065445
866550,100,4.0388,90.000,0.3635,0.3600,16.247554,0.000000,16.247554,0.065455,0.000000,0.065455
866650,100,4.0400,90.000,0.3636,0.3600,16.250054,0.000000,16.250054,0.065465,0.000000,0.065465
866750,100,4.0388,90.000,0.3635,0.3700,16.252554,0.000000,16.252554,0.065475,0.000000,0.065475
866850,100,4.0388,90.000,0.3635,0.3600,16.255054,0.000000,16.255054,0.065485,0.000000,0.065485
866950,100,4.0388,90.000,0.3635,0.3600,16.257554,0.000000,16.257554,0.065495,0.000000,0.065495
867050,100,4.0388,90.000,0.3635,0.3600,16.260054,0.000000,16.260054,0.065505,0.000000,0.065505
867150,100,4.0388,90.000,0.3635,0.3600,16.262554,0.000000,16.262554,0.065515,0.000000,0.065515
867250,100,4.0400,90.000,0.3636,0.3600,16.265054,0.000000,16.265054,0.065525,0.000000,0.065525
867350,100,4.0388,90.000,0.3635,0.3600,16.267554,0.000000,16.267554,0.065536,0.000000,0.065536
867450,100,4.0388,88.750,0.3584,0.3600,16.270019,0.000000,16.270019,0.065545,0.000000,0.065545
867550,100,4.0400,88.750,0.3585,0.3600,16.272484,0.000000,16.272484,0.065555,0.000000,0.065555
867650,100,4.0388,88.750,0.3584,0.3600,16.274950,0.000000,16.274950,0.065565,0.000000,0.065565
867750,100,4.0400,88.750,0.3585,0.3600,16.277415,0.000000,16.277415,0.065575,0.000000,0.065575
867850,100,4.0400,88.750,0.3585,0.3600,16.279880,0.000000,16.279880,0.065585,0.000000,0.065585
867950,100,4.0388,88.750,0.3584,0.3600,16.282345,0.000000,16.282345,0.065595,0.000000,0.065595
868050,100,4.0388,88.750,0.3584,0.3600,16.284811,0.000000,16.284811,0.065605,0.000000,0.065605
868150,100,4.0388,90.000,0.3635,0.3600,16.287311,0.000000,16.287311,0.065615,0.000000,0.065615
868250,100,4.0388,90.000,0.3635,0.3600,16.289811,0.000000,16.289811,0.065625,0.000000,0.065625
868350,100,4.0388,90.000,0.3635,0.3600,16.292311,0.000000,16.292311,0.065636,0.000000,0.065636
868450,100,4.0388,90.000,0.3635,0.3700,16.294811,0.000000,16.294811,0.065646,0.000000,0.065646
868550,100,4.0388,90.000,0.3635,0.3600,16.297311,0.000000,16.297311,0.065656,0.000000,0.065656
868650,100,4.0388,90.000,0.3635,0.3700,16.299811,0.000000,16.299811,0.065666,0.000000,0.065666
868750,100,4.0388,90.000,0.3635,0.3700,16.302311,0.000000,16.302311,0.065676,0.000000,0.065676
868850,100,4.0388,91.250,0.3685,0.3700,16.304845,0.000000,16.304845,0.065686,0.000000,0.065686
868950,100,4.0388,90.000,0.3635,0.3700,16.307345,0.000000,16.307345,0.065696,0.000000,0.065696
869050,100,4.0388,90.000,0.3635,0.3600,16.309845,0.000000,16.309845,0.065706,0.000000,0.065706
869150,100,4.0388,90.000,0.3635,0.3700,16.312345,0.000000,16.312345,0.065716,0.000000,0.065716
869250,100,4.0388,90.000,0.3635,0.3700,16.314845,0.000000,16.314845,0.065727,0.000000,0.065727
869350,100,4.0388,90.000,0.3635,0.3700,16.317345,0.000000,16.317345,0.065737,0.000000,0.065737
869450,100,4.0388,90.000,0.3635,0.3600,16.319845,0.000000,16.319845,0.065747,0.000000,0.065747
#MARK,869473,100,"seg_079_p14_b095_end",16.319845,0.000000,16.319845,0.065747,0.000000,0.065747
869550,100,4.0413,82.500,0.3334,0.3300,16.322137,0.000000,16.322137,0.065756,0.000000,0.065756
869650,100,4.0425,77.500,0.3133,0.3100,16.324290,0.000000,16.324290,0.065765,0.000000,0.065765
869750,100,4.0413,81.250,0.3284,0.3300,16.326547,0.000000,16.326547,0.065774,0.000000,0.065774
869850,100,4.0413,83.750,0.3385,0.3400,16.328873,0.000000,16.328873,0.065783,0.000000,0.065783
869950,100,4.0413,86.250,0.3486,0.3500,16.331269,0.000000,16.331269,0.065793,0.000000,0.065793
870050,100,4.0400,88.750,0.3585,0.3600,16.333734,0.000000,16.333734,0.065803,0.000000,0.065803
870150,100,4.0388,90.000,0.3635,0.3600,16.336234,0.000000,16.336234,0.065813,0.000000,0.065813
870250,100,4.0388,91.250,0.3685,0.3700,16.338769,0.000000,16.338769,0.065823,0.000000,0.065823
870350,100,4.0375,92.500,0.3735,0.3700,16.341339,0.000000,16.341339,0.065834,0.000000,0.065834
870450,100,4.0375,93.750,0.3785,0.3800,16.343943,0.000000,16.343943,0.065844,0.000000,0.065844
870550,100,4.0375,95.000,0.3836,0.3800,16.346582,0.000000,16.346582,0.065855,0.000000,0.065855
#MARK,870624,100,"seg_080_p14_b127_start",16.346582,0.000000,16.346582,0.065855,0.000000,0.065855
870650,100,4.0375,95.000,0.3836,0.3800,16.349220,0.000000,16.349220,0.065865,0.000000,0.065865
870750,100,4.0363,96.250,0.3885,0.3900,16.351894,0.000000,16.351894,0.065876,0.000000,0.065876
870850,100,4.0363,96.250,0.3885,0.3900,16.354568,0.000000,16.354568,0.065887,0.000000,0.065887
870950,100,4.0363,97.500,0.3935,0.3900,16.357276,0.000000,16.357276,0.065898,0.000000,0.065898
871050,100,4.0363,97.500,0.3935,0.3900,16.359984,0.000000,16.359984,0.065909,0.000000,0.065909
871150,100,4.0363,98.750,0.3986,0.4000,16.362727,0.000000,16.362727,0.065920,0.000000,0.065920
871250,100,4.0363,98.750,0.3986,0.4000,16.365470,0.000000,16.365470,0.065931,0.000000,0.065931
871350,100,4.0363,98.750,0.3986,0.4000,16.368214,0.000000,16.368214,0.065942,0.000000,0.065942
871450,100,4.0363,98.750,0.3986,0.4000,16.370957,0.000000,16.370957,0.065953,0.000000,0.065953
871550,100,4.0363,100.000,0.4036,0.4000,16.373734,0.000000,16.373734,0.065964,0.000000,0.065964
871650,100,4.0363,100.000,0.4036,0.4000,16.376512,0.000000,16.376512,0.065976,0.000000,0.065976
871750,100,4.0363,100.000,0.4036,0.4100,16.379290,0.000000,16.379290,0.065987,0.000000,0.065987
871850,100,4.0350,100.000,0.4035,0.4000,16.382068,0.000000,16.382068,0.065998,0.000000,0.065998
871950,100,4.0350,100.000,0.4035,0.4000,16.384845,0.000000,16.384845,0.066009,0.000000,0.066009
872050,100,4.0350,100.000,0.4035,0.4000,16.387623,0.000000,16.387623,0.066020,0.000000,0.066020
872150,100,4.0363,100.000,0.4036,0.4000,16.390401,0.000000,16.390401,0.066032,0.000000,0.066032
872250,100,4.0350,98.750,0.3985,0.4000,16.393144,0.000000,16.393144,0.066043,0.000000,0.066043
872350,100,4.0363,98.750,0.3986,0.4000,16.395887,0.000000,16.395887,0.066054,0.000000,0.066054
872450,100,4.0363,98.750,0.3986,0.4000,16.398630,0.000000,16.398630,0.066065,0.000000,0.066065
872550,100,4.0363,98.750,0.3986,0.4000,16.401373,0.000000,16.401373,0.066076,0.000000,0.066076
872650,100,4.0363,98.750,0.3986,0.4000,16.404116,0.000000,16.404116,0.066087,0.000000,0.066087
872750,100,4.0363,98.750,0.3986,0.4000,16.406859,0.000000,16.406859,0.066098,0.000000,0.066098
872850,100,4.0363,98.750,0.3986,0.4000,16.409602,0.000000,16.409602,0.066109,0.000000,0.066109
872950,100,4.0363,97.500,0.3935,0.3900,16.412311,0.000000,16.412311,0.066120,0.000000,0.066120
873050,100,4.0363,98.750,0.3986,0.4000,16.415054,0.000000,16.415054,0.066131,0.000000,0.066131
873150,100,4.0363,98.750,0.3986,0.4000,16.417797,0.000000,16.417797,0.066142,0.000000,0.066142
873250,100,4.0363,97.500,0.3935,0.4000,16.420505,0.000000,16.420505,0.066153,0.000000,0.066153
873350,100,4.0363,97.500,0.3935,0.3900,16.423214,0.000000,16.423214,0.066164,0.000000,0.066164
873450,100,4.0363,98.750,0.3986,0.4000,16.425957,0.000000,16.425957,0.066175,0.000000,0.066175
873550,100,4.0363,97.500,0.3935,0.3900,16.428665,0.000000,16.428665,0.066186,0.000000,0.066186
873650,100,4.0363,98.750,0.3986,0.4000,16.431408,0.000000,16.431408,0.066197,0.000000,0.066197
873750,100,4.0363,98.750,0.3986,0.4000,16.434151,0.000000,16.434151,0.066208,0.000000,0.066208
873850,100,4.0363,98.750,0.3986,0.4000,16.436894,0.000000,16.436894,0.066219,0.000000,0.066219
873950,100,4.0363,98.750,0.3986,0.4000,16.439637,0.000000,16.439637,0.066230,0.000000,0.066230
874050,100,4.0363,97.500,0.3935,0.3900,16.442345,0.000000,16.442345,0.066241,0.000000,0.066241
874150,100,4.0363,98.750,0.3986,0.4000,16.445089,0.000000,16.445089,0.066252,0.000000,0.066252
874250,100,4.0363,97.500,0.3935,0.3900,16.447797,0.000000,16.447797,0.066263,0.000000,0.066263
874350,100,4.0363,98.750,0.3986,0.4000,16.450540,0.000000,16.450540,0.066274,0.000000,0.066274
874450,100,4.0350,97.500,0.3934,0.4000,16.453248,0.000000,16.453248,0.066285,0.000000,0.066285
874550,100,4.0350,98.750,0.3985,0.4000,16.455991,0.000000,16.455991,0.066296,0.000000,0.066296
874650,100,4.0350,97.500,0.3934,0.4000,16.458700,0.000000,16.458700,0.066307,0.000000,0.066307
874750,100,4.0350,98.750,0.3985,0.4000,16.461443,0.000000,16.461443,0.066318,0.000000,0.066318
874850,100,4.0350,98.750,0.3985,0.4000,16.464186,0.000000,16.464186,0.066329,0.000000,0.066329
874950,100,4.0350,98.750,0.3985,0.4000,16.466929,0.000000,16.466929,0.066340,0.000000,0.066340
875050,100,4.0350,98.750,0.3985,0.4000,16.469672,0.000000,16.469672,0.066352,0.000000,0.066352
875150,100,4.0350,98.750,0.3985,0.4000,16.472415,0.000000,16.472415,0.066363,0.000000,0.066363
875250,100,4.0350,98.750,0.3985,0.4000,16.475158,0.000000,16.475158,0.066374,0.000000,0.066374
875350,100,4.0350,98.750,0.3985,0.4000,16.477901,0.000000,16.477901,0.066385,0.000000,0.066385
875450,100,4.0363,98.750,0.3986,0.4000,16.480644,0.000000,16.480644,0.066396,0.000000,0.066396
875550,100,4.0363,97.500,0.3935,0.4000,16.483352,0.000000,16.483352,0.066407,0.000000,0.066407
875650,100,4.0363,98.750,0.3986,0.4000,16.486095,0.000000,16.486095,0.066418,0.000000,0.066418
875750,100,4.0350,98.750,0.3985,0.4000,16.488839,0.000000,16.488839,0.066429,0.000000,0.066429
875850,100,4.0350,98.750,0.3985,0.4000,16.491582,0.000000,16.491582,0.066440,0.000000,0.066440
#MARK,875874,100,"seg_080_p14_b127_end",16.491582,0.000000,16.491582,0.066440,0.000000,0.066440
875950,100,4.0425,73.750,0.2981,0.3000,16.493630,0.000000,16.493630,0.066448,0.000000,0.066448
876050,100,4.0425,80.000,0.3234,0.3200,16.495852,0.000000,16.495852,0.066457,0.000000,0.066457
876150,100,4.0400,83.750,0.3383,0.3400,16.498179,0.000000,16.498179,0.066467,0.000000,0.066467
876250,100,4.0400,87.500,0.3535,0.3500,16.500609,0.000000,16.500609,0.066476,0.000000,0.066476
876350,100,4.0388,90.000,0.3635,0.3600,16.503109,0.000000,16.503109,0.066487,0.000000,0.066487
876450,100,4.0375,92.500,0.3735,0.3800,16.505679,0.000000,16.505679,0.066497,0.000000,0.066497
876550,100,4.0363,95.000,0.3834,0.3800,16.508318,0.000000,16.508318,0.066508,0.000000,0.066508
876650,100,4.0363,96.250,0.3885,0.3900,16.510991,0.000000,16.510991,0.066518,0.000000,0.066518
876750,100,4.0363,97.500,0.3935,0.3900,16.513700,0.000000,16.513700,0.066529,0.000000,0.066529
876850,100,4.0350,98.750,0.3985,0.4000,16.516443,0.000000,16.516443,0.066540,0.000000,0.066540
876950,100,4.0350,101.250,0.4085,0.4100,16.519255,0.000000,16.519255,0.066552,0.000000,0.066552
#MARK,876975,100,"seg_081_p14_b159_start",16.519255,0.000000,16.519255,0.066552,0.000000,0.066552
877050,100,4.0350,101.250,0.4085,0.4100,16.522068,0.000000,16.522068,0.066563,0.000000,0.066563
877150,100,4.0338,102.500,0.4135,0.4100,16.524915,0.000000,16.524915,0.066575,0.000000,0.066575
877250,100,4.0338,102.500,0.4135,0.4100,16.527762,0.000000,16.527762,0.066586,0.000000,0.066586
877350,100,4.0338,103.750,0.4185,0.4200,16.530644,0.000000,16.530644,0.066598,0.000000,0.066598
877450,100,4.0338,105.000,0.4235,0.4200,16.533561,0.000000,16.533561,0.066609,0.000000,0.066609
877550,100,4.0338,105.000,0.4235,0.4200,16.536477,0.000000,16.536477,0.066621,0.000000,0.066621
877650,100,4.0338,105.000,0.4235,0.4300,16.539394,0.000000,16.539394,0.066633,0.000000,0.066633
877750,100,4.0325,106.250,0.4285,0.4300,16.542345,0.000000,16.542345,0.066645,0.000000,0.066645
877850,100,4.0325,106.250,0.4285,0.4300,16.545297,0.000000,16.545297,0.066657,0.000000,0.066657
877950,100,4.0325,106.250,0.4285,0.4300,16.548248,0.000000,16.548248,0.066669,0.000000,0.066669
878050,100,4.0325,106.250,0.4285,0.4300,16.551200,0.000000,16.551200,0.066681,0.000000,0.066681
878150,100,4.0325,106.250,0.4285,0.4300,16.554151,0.000000,16.554151,0.066692,0.000000,0.066692
878250,100,4.0325,106.250,0.4285,0.4300,16.557102,0.000000,16.557102,0.066704,0.000000,0.066704
878350,100,4.0325,107.500,0.4335,0.4300,16.560089,0.000000,16.560089,0.066716,0.000000,0.066716
878450,100,4.0325,107.500,0.4335,0.4300,16.563075,0.000000,16.563075,0.066728,0.000000,0.066728
878550,100,4.0325,107.500,0.4335,0.4300,16.566061,0.000000,16.566061,0.066740,0.000000,0.066740
878650,100,4.0325,106.250,0.4285,0.4300,16.569012,0.000000,16.569012,0.066752,0.000000,0.066752
878750,100,4.0325,105.000,0.4234,0.4200,16.571929,0.000000,16.571929,0.066764,0.000000,0.066764
878850,100,4.0325,105.000,0.4234,0.4200,16.574845,0.000000,16.574845,0.066776,0.000000,0.066776
878950,100,4.0325,105.000,0.4234,0.4200,16.577762,0.000000,16.577762,0.066788,0.000000,0.066788
879050,100,4.0325,105.000,0.4234,0.4200,16.580679,0.000000,16.580679,0.066799,0.000000,0.066799
879150,100,4.0325,106.250,0.4285,0.4300,16.583630,0.000000,16.583630,0.066811,0.000000,0.066811
879250,100,4.0338,105.000,0.4235,0.4200,16.586547,0.000000,16.586547,0.066823,0.000000,0.066823
879350,100,4.0338,106.250,0.4286,0.4300,16.589498,0.000000,16.589498,0.066835,0.000000,0.066835
879450,100,4.0325,105.000,0.4234,0.4200,16.592415,0.000000,16.592415,0.066847,0.000000,0.066847
879550,100,4.0325,105.000,0.4234,0.4200,16.595332,0.000000,16.595332,0.066859,0.000000,0.066859
879650,100,4.0325,105.000,0.4234,0.4200,16.598248,0.000000,16.598248,0.066870,0.000000,0.066870
879750,100,4.0325,105.000,0.4234,0.4200,16.601165,0.000000,16.601165,0.066882,0.000000,0.066882
879850,100,4.0325,105.000,0.4234,0.4200,16.604082,0.000000,16.604082,0.066894,0.000000,0.066894
879950,100,4.0325,105.000,0.4234,0.4300,16.606998,0.000000,16.606998,0.066906,0.000000,0.066906
880050,100,4.0325,105.000,0.4234,0.4200,16.609915,0.000000,16.609915,0.066917,0.000000,0.066917
880150,100,4.0325,105.000,0.4234,0.4200,16.612832,0.000000,16.612832,0.066929,0.000000,0.066929
880250,100,4.0325,105.000,0.4234,0.4300,16.615748,0.000000,16.615748,0.066941,0.000000,0.066941
880350,100,4.0338,106.250,0.4286,0.4300,16.618700,0.000000,16.618700,0.066953,0.000000,0.066953
880450,100,4.0325,106.250,0.4285,0.4300,16.621651,0.000000,16.621651,0.066965,0.000000,0.066965
880550,100,4.0325,106.250,0.4285,0.4300,16.624602,0.000000,16.624602,0.066977,0.000000,0.066977
880650,100,4.0325,105.000,0.4234,0.4300,16.627519,0.000000,16.627519,0.066988,0.000000,0.066988
880750,100,4.0325,105.000,0.4234,0.4200,16.630436,0.000000,16.630436,0.067000,0.000000,0.067000
880850,100,4.0325,105.000,0.4234,0.4200,16.633352,0.000000,16.633352,0.067012,0.000000,0.067012
880950,100,4.0325,106.250,0.4285,0.4200,16.636304,0.000000,16.636304,0.067024,0.000000,0.067024
881050,100,4.0325,105.000,0.4234,0.4200,16.639220,0.000000,16.639220,0.067035,0.000000,0.067035
881150,100,4.0325,105.000,0.4234,0.4200,16.642137,0.000000,16.642137,0.067047,0.000000,0.067047
881250,100,4.0325,105.000,0.4234,0.4200,16.645054,0.000000,16.645054,0.067059,0.000000,0.067059
881350,100,4.0325,105.000,0.4234,0.4200,16.647970,0.000000,16.647970,0.067071,0.000000,0.067071
881450,100,4.0325,106.250,0.4285,0.4300,16.650922,0.000000,16.650922,0.067083,0.000000,0.067083
881550,100,4.0325,106.250,0.4285,0.4300,16.653873,0.000000,16.653873,0.067095,0.000000,0.067095
881650,100,4.0325,105.000,0.4234,0.4300,16.656790,0.000000,16.656790,0.067106,0.000000,0.067106
881750,100,4.0325,106.250,0.4285,0.4300,16.659741,0.000000,16.659741,0.067118,0.000000,0.067118
881850,100,4.0325,106.250,0.4285,0.4300,16.662693,0.000000,16.662693,0.067130,0.000000,0.067130
881950,100,4.0325,106.250,0.4285,0.4300,16.665644,0.000000,16.665644,0.067142,0.000000,0.067142
882050,100,4.0325,105.000,0.4234,0.4200,16.668561,0.000000,16.668561,0.067154,0.000000,0.067154
882150,100,4.0325,105.000,0.4234,0.4200,16.671477,0.000000,16.671477,0.067166,0.000000,0.067166
#MARK,882174,100,"seg_081_p14_b159_end",16.671477,0.000000,16.671477,0.067166,0.000000,0.067166
882250,100,4.0388,82.500,0.3332,0.3300,16.673769,0.000000,16.673769,0.067175,0.000000,0.067175
882350,100,4.0388,83.750,0.3382,0.3400,16.676095,0.000000,16.676095,0.067184,0.000000,0.067184
882450,100,4.0388,88.750,0.3584,0.3500,16.678561,0.000000,16.678561,0.067194,0.000000,0.067194
882550,100,4.0375,90.000,0.3634,0.3600,16.681061,0.000000,16.681061,0.067204,0.000000,0.067204
882650,100,4.0363,93.750,0.3784,0.3700,16.683665,0.000000,16.683665,0.067215,0.000000,0.067215
882750,100,4.0350,97.500,0.3934,0.3900,16.686373,0.000000,16.686373,0.067226,0.000000,0.067226
882850,100,4.0350,98.750,0.3985,0.4000,16.689116,0.000000,16.689116,0.067237,0.000000,0.067237
882950,100,4.0338,102.500,0.4135,0.4100,16.691964,0.000000,16.691964,0.067248,0.000000,0.067248
883050,100,4.0325,103.750,0.4184,0.4200,16.694845,0.000000,16.694845,0.067260,0.000000,0.067260
883150,100,4.0325,105.000,0.4234,0.4200,16.697762,0.000000,16.697762,0.067272,0.000000,0.067272
883250,100,4.0325,106.250,0.4285,0.4300,16.700714,0.000000,16.700714,0.067284,0.000000,0.067284
#MARK,883307,100,"seg_082_p14_b191_start",16.700714,0.000000,16.700714,0.067284,0.000000,0.067284
883350,100,4.0325,107.500,0.4335,0.4300,16.703700,0.000000,16.703700,0.067296,0.000000,0.067296
883450,100,4.0313,107.500,0.4334,0.4300,16.706686,0.000000,16.706686,0.067308,0.000000,0.067308
883550,100,4.0313,110.000,0.4434,0.4400,16.709741,0.000000,16.709741,0.067320,0.000000,0.067320
883650,100,4.0313,110.000,0.4434,0.4500,16.712797,0.000000,16.712797,0.067332,0.000000,0.067332
883750,100,4.0300,111.250,0.4483,0.4500,16.715887,0.000000,16.715887,0.067345,0.000000,0.067345
883850,100,4.0313,111.250,0.4485,0.4500,16.718977,0.000000,16.718977,0.067357,0.000000,0.067357
883950,100,4.0300,112.500,0.4534,0.4500,16.722102,0.000000,16.722102,0.067370,0.000000,0.067370
884050,100,4.0300,112.500,0.4534,0.4500,16.725227,0.000000,16.725227,0.067382,0.000000,0.067382
884150,100,4.0300,113.750,0.4584,0.4600,16.728387,0.000000,16.728387,0.067395,0.000000,0.067395
884250,100,4.0300,113.750,0.4584,0.4600,16.731547,0.000000,16.731547,0.067408,0.000000,0.067408
884350,100,4.0300,113.750,0.4584,0.4600,16.734707,0.000000,16.734707,0.067421,0.000000,0.067421
884450,100,4.0300,115.000,0.4635,0.4600,16.737901,0.000000,16.737901,0.067433,0.000000,0.067433
884550,100,4.0300,113.750,0.4584,0.4600,16.741061,0.000000,16.741061,0.067446,0.000000,0.067446
884650,100,4.0300,113.750,0.4584,0.4600,16.744220,0.000000,16.744220,0.067459,0.000000,0.067459
884750,100,4.0300,113.750,0.4584,0.4600,16.747380,0.000000,16.747380,0.067472,0.000000,0.067472
884850,100,4.0300,113.750,0.4584,0.4600,16.750540,0.000000,16.750540,0.067484,0.000000,0.067484
884950,100,4.0300,112.500,0.4534,0.4500,16.753665,0.000000,16.753665,0.067497,0.000000,0.067497
885050,100,4.0300,112.500,0.4534,0.4600,16.756790,0.000000,16.756790,0.067510,0.000000,0.067510
885150,100,4.0300,112.500,0.4534,0.4500,16.759915,0.000000,16.759915,0.067522,0.000000,0.067522
885250,100,4.0300,112.500,0.4534,0.4500,16.763040,0.000000,16.763040,0.067535,0.000000,0.067535
885350,100,4.0300,112.500,0.4534,0.4600,16.766165,0.000000,16.766165,0.067547,0.000000,0.067547
885450,100,4.0300,112.500,0.4534,0.4600,16.769290,0.000000,16.769290,0.067560,0.000000,0.067560
885550,100,4.0300,112.500,0.4534,0.4600,16.772415,0.000000,16.772415,0.067573,0.000000,0.067573
885650,100,4.0300,112.500,0.4534,0.4600,16.775540,0.000000,16.775540,0.067585,0.000000,0.067585
885750,100,4.0300,112.500,0.4534,0.4600,16.778665,0.000000,16.778665,0.067598,0.000000,0.067598
885850,100,4.0300,112.500,0.4534,0.4600,16.781790,0.000000,16.781790,0.067610,0.000000,0.067610
885950,100,4.0300,112.500,0.4534,0.4600,16.784915,0.000000,16.784915,0.067623,0.000000,0.067623
886050,100,4.0300,112.500,0.4534,0.4500,16.788040,0.000000,16.788040,0.067635,0.000000,0.067635
886150,100,4.0300,112.500,0.4534,0.4500,16.791165,0.000000,16.791165,0.067648,0.000000,0.067648
886250,100,4.0300,112.500,0.4534,0.4500,16.794290,0.000000,16.794290,0.067661,0.000000,0.067661
886350,100,4.0300,112.500,0.4534,0.4500,16.797415,0.000000,16.797415,0.067673,0.000000,0.067673
886450,100,4.0300,112.500,0.4534,0.4600,16.800540,0.000000,16.800540,0.067686,0.000000,0.067686
886550,100,4.0300,112.500,0.4534,0.4500,16.803665,0.000000,16.803665,0.067698,0.000000,0.067698
886650,100,4.0300,112.500,0.4534,0.4500,16.806790,0.000000,16.806790,0.067711,0.000000,0.067711
886750,100,4.0300,112.500,0.4534,0.4600,16.809915,0.000000,16.809915,0.067724,0.000000,0.067724
886850,100,4.0300,112.500,0.4534,0.4500,16.813040,0.000000,16.813040,0.067736,0.000000,0.067736
886950,100,4.0300,112.500,0.4534,0.4600,16.816165,0.000000,16.816165,0.067749,0.000000,0.067749
887050,100,4.0300,112.500,0.4534,0.4600,16.819290,0.000000,16.819290,0.067761,0.000000,0.067761
887150,100,4.0300,112.500,0.4534,0.4500,16.822415,0.000000,16.822415,0.067774,0.000000,0.067774
887250,100,4.0300,113.750,0.4584,0.4600,16.825575,0.000000,16.825575,0.067787,0.000000,0.067787
887350,100,4.0300,112.500,0.4534,0.4500,16.828700,0.000000,16.828700,0.067799,0.000000,0.067799
887450,100,4.0300,112.500,0.4534,0.4500,16.831825,0.000000,16.831825,0.067812,0.000000,0.067812
887550,100,4.0300,112.500,0.4534,0.4500,16.834950,0.000000,16.834950,0.067825,0.000000,0.067825
887650,100,4.0300,112.500,0.4534,0.4600,16.838075,0.000000,16.838075,0.067837,0.000000,0.067837
887750,100,4.0287,112.500,0.4532,0.4500,16.841200,0.000000,16.841200,0.067850,0.000000,0.067850
887850,100,4.0287,112.500,0.4532,0.4500,16.844325,0.000000,16.844325,0.067862,0.000000,0.067862
887950,100,4.0300,112.500,0.4534,0.4500,16.847450,0.000000,16.847450,0.067875,0.000000,0.067875
888050,100,4.0287,112.500,0.4532,0.4600,16.850575,0.000000,16.850575,0.067887,0.000000,0.067887
888150,100,4.0300,113.750,0.4584,0.4600,16.853734,0.000000,16.853734,0.067900,0.000000,0.067900
888250,100,4.0300,112.500,0.4534,0.4600,16.856859,0.000000,16.856859,0.067913,0.000000,0.067913
888350,100,4.0300,112.500,0.4534,0.4600,16.859984,0.000000,16.859984,0.067925,0.000000,0.067925
888450,100,4.0287,112.500,0.4532,0.4600,16.863109,0.000000,16.863109,0.067938,0.000000,0.067938
888550,100,4.0287,112.500,0.4532,0.4600,16.866234,0.000000,16.866234,0.067951,0.000000,0.067951
#MARK,888555,100,"seg_082_p14_b191_end",16.866234,0.000000,16.866234,0.067951,0.000000,0.067951
888650,100,4.0400,75.000,0.3030,0.3000,16.868318,0.000000,16.868318,0.067959,0.000000,0.067959
888750,100,4.0388,82.500,0.3332,0.3400,16.870609,0.000000,16.870609,0.067968,0.000000,0.067968
888850,100,4.0375,88.750,0.3583,0.3600,16.873075,0.000000,16.873075,0.067978,0.000000,0.067978
888950,100,4.0350,93.750,0.3783,0.3800,16.875679,0.000000,16.875679,0.067989,0.000000,0.067989
889050,100,4.0338,97.500,0.3933,0.3900,16.878387,0.000000,16.878387,0.068000,0.000000,0.068000
889150,100,4.0325,101.250,0.4083,0.4100,16.881200,0.000000,16.881200,0.068011,0.000000,0.068011
889250,100,4.0325,103.750,0.4184,0.4200,16.884082,0.000000,16.884082,0.068023,0.000000,0.068023
889350,100,4.0313,106.250,0.4283,0.4300,16.887033,0.000000,16.887033,0.068035,0.000000,0.068035
889450,100,4.0313,108.750,0.4384,0.4400,16.890054,0.000000,16.890054,0.068047,0.000000,0.068047
889550,100,4.0300,111.250,0.4483,0.4500,16.893144,0.000000,16.893144,0.068059,0.000000,0.068059
889650,100,4.0300,112.500,0.4534,0.4600,16.896269,0.000000,16.896269,0.068072,0.000000,0.068072
#MARK,889696,100,"seg_083_p14_b223_start",16.896269,0.000000,16.896269,0.068072,0.000000,0.068072
889750,100,4.0287,115.000,0.4633,0.4600,16.899464,0.000000,16.899464,0.068085,0.000000,0.068085
889850,100,4.0287,115.000,0.4633,0.4600,16.902658,0.000000,16.902658,0.068097,0.000000,0.068097
889950,100,4.0287,116.250,0.4683,0.4700,16.905887,0.000000,16.905887,0.068110,0.000000,0.068110
890050,100,4.0275,116.250,0.4682,0.4700,16.909116,0.000000,16.909116,0.068123,0.000000,0.068123
890150,100,4.0275,117.500,0.4732,0.4700,16.912380,0.000000,16.912380,0.068137,0.000000,0.068137
890250,100,4.0275,117.500,0.4732,0.4800,16.915644,0.000000,16.915644,0.068150,0.000000,0.068150
890350,100,4.0275,118.750,0.4783,0.4800,16.918943,0.000000,16.918943,0.068163,0.000000,0.068163
890450,100,4.0262,120.000,0.4831,0.4800,16.922276,0.000000,16.922276,0.068176,0.000000,0.068176
890550,100,4.0262,120.000,0.4831,0.4800,16.925609,0.000000,16.925609,0.068190,0.000000,0.068190
890650,100,4.0262,120.000,0.4831,0.4800,16.928943,0.000000,16.928943,0.068203,0.000000,0.068203
890750,100,4.0262,121.250,0.4882,0.4800,16.932311,0.000000,16.932311,0.068217,0.000000,0.068217
890850,100,4.0262,121.250,0.4882,0.4900,16.935679,0.000000,16.935679,0.068230,0.000000,0.068230
890950,100,4.0262,120.000,0.4831,0.4800,16.939012,0.000000,16.939012,0.068244,0.000000,0.068244
891050,100,4.0275,120.000,0.4833,0.4800,16.942345,0.000000,16.942345,0.068257,0.000000,0.068257
891150,100,4.0262,118.750,0.4781,0.4800,16.945644,0.000000,16.945644,0.068271,0.000000,0.068271
891250,100,4.0262,120.000,0.4831,0.4800,16.948977,0.000000,16.948977,0.068284,0.000000,0.068284
891350,100,4.0262,120.000,0.4831,0.4800,16.952311,0.000000,16.952311,0.068297,0.000000,0.068297
891450,100,4.0262,120.000,0.4831,0.4800,16.955644,0.000000,16.955644,0.068311,0.000000,0.068311
891550,100,4.0262,120.000,0.4831,0.4800,16.958977,0.000000,16.958977,0.068324,0.000000,0.068324
891650,100,4.0262,120.000,0.4831,0.4800,16.962311,0.000000,16.962311,0.068338,0.000000,0.068338
891750,100,4.0262,120.000,0.4831,0.4800,16.965644,0.000000,16.965644,0.068351,0.000000,0.068351
891850,100,4.0262,121.250,0.4882,0.4900,16.969012,0.000000,16.969012,0.068365,0.000000,0.068365
891950,100,4.0262,120.000,0.4831,0.4800,16.972345,0.000000,16.972345,0.068378,0.000000,0.068378
892050,100,4.0262,121.250,0.4882,0.4900,16.975714,0.000000,16.975714,0.068392,0.000000,0.068392
892150,100,4.0262,120.000,0.4831,0.4800,16.979047,0.000000,16.979047,0.068405,0.000000,0.068405
892250,100,4.0262,121.250,0.4882,0.4800,16.982415,0.000000,16.982415,0.068419,0.000000,0.068419
892350,100,4.0262,120.000,0.4831,0.4800,16.985748,0.000000,16.985748,0.068432,0.000000,0.068432
892450,100,4.0262,120.000,0.4831,0.4800,16.989082,0.000000,16.989082,0.068445,0.000000,0.068445
892550,100,4.0262,120.000,0.4831,0.4800,16.992415,0.000000,16.992415,0.068459,0.000000,0.068459
892650,100,4.0262,120.000,0.4831,0.4800,16.995748,0.000000,16.995748,0.068472,0.000000,0.068472
892750,100,4.0262,120.000,0.4831,0.4800,16.999082,0.000000,16.999082,0.068486,0.000000,0.068486
892850,100,4.0262,120.000,0.4831,0.4800,17.002415,0.000000,17.002415,0.068499,0.000000,0.068499
892950,100,4.0262,120.000,0.4831,0.4900,17.005748,0.000000,17.005748,0.068513,0.000000,0.068513
893050,100,4.0262,120.000,0.4831,0.4800,17.009082,0.000000,17.009082,0.068526,0.000000,0.068526
893150,100,4.0262,120.000,0.4831,0.4900,17.012415,0.000000,17.012415,0.068539,0.000000,0.068539
893250,100,4.0262,120.000,0.4831,0.4800,17.015748,0.000000,17.015748,0.068553,0.000000,0.068553
893350,100,4.0262,120.000,0.4831,0.4800,17.019082,0.000000,17.019082,0.068566,0.000000,0.068566
893450,100,4.0262,120.000,0.4831,0.4800,17.022415,0.000000,17.022415,0.068580,0.000000,0.068580
893550,100,4.0262,120.000,0.4831,0.4800,17.025748,0.000000,17.025748,0.068593,0.000000,0.068593
893650,100,4.0262,120.000,0.4831,0.4800,17.029082,0.000000,17.029082,0.068607,0.000000,0.068607
893750,100,4.0262,120.000,0.4831,0.4800,17.032415,0.000000,17.032415,0.068620,0.000000,0.068620
893850,100,4.0262,118.750,0.4781,0.4800,17.035714,0.000000,17.035714,0.068633,0.000000,0.068633
893950,100,4.0262,120.000,0.4831,0.4800,17.039047,0.000000,17.039047,0.068647,0.000000,0.068647
894050,100,4.0262,120.000,0.4831,0.4800,17.042380,0.000000,17.042380,0.068660,0.000000,0.068660
894150,100,4.0262,120.000,0.4831,0.4800,17.045714,0.000000,17.045714,0.068673,0.000000,0.068673
894250,100,4.0262,120.000,0.4831,0.4800,17.049047,0.000000,17.049047,0.068687,0.000000,0.068687
894350,100,4.0262,120.000,0.4831,0.4800,17.052380,0.000000,17.052380,0.068700,0.000000,0.068700
894450,100,4.0262,118.750,0.4781,0.4800,17.055679,0.000000,17.055679,0.068714,0.000000,0.068714
894550,100,4.0262,120.000,0.4831,0.4800,17.059012,0.000000,17.059012,0.068727,0.000000,0.068727
894650,100,4.0262,118.750,0.4781,0.4800,17.062311,0.000000,17.062311,0.068740,0.000000,0.068740
894750,100,4.0262,120.000,0.4831,0.4800,17.065644,0.000000,17.065644,0.068754,0.000000,0.068754
894850,100,4.0262,120.000,0.4831,0.4800,17.068977,0.000000,17.068977,0.068767,0.000000,0.068767
#MARK,894944,100,"seg_083_p14_b223_end",17.068977,0.000000,17.068977,0.068767,0.000000,0.068767
894950,100,4.0262,120.000,0.4831,0.4800,17.072311,0.000000,17.072311,0.068781,0.000000,0.068781
895050,100,4.0363,87.500,0.3532,0.3500,17.074741,0.000000,17.074741,0.068790,0.000000,0.068790
895150,100,4.0350,91.250,0.3682,0.3700,17.077276,0.000000,17.077276,0.068801,0.000000,0.068801
895250,100,4.0338,95.000,0.3832,0.3800,17.079915,0.000000,17.079915,0.068811,0.000000,0.068811
895350,100,4.0325,98.750,0.3982,0.4000,17.082658,0.000000,17.082658,0.068822,0.000000,0.068822
895450,100,4.0313,103.750,0.4182,0.4200,17.085540,0.000000,17.085540,0.068834,0.000000,0.068834
895550,100,4.0300,107.500,0.4332,0.4400,17.088526,0.000000,17.088526,0.068846,0.000000,0.068846
895650,100,4.0287,111.250,0.4482,0.4500,17.091616,0.000000,17.091616,0.068858,0.000000,0.068858
895750,100,4.0275,113.750,0.4581,0.4600,17.094776,0.000000,17.094776,0.068871,0.000000,0.068871
895850,100,4.0275,116.250,0.4682,0.4700,17.098005,0.000000,17.098005,0.068884,0.000000,0.068884
895950,100,4.0262,117.500,0.4731,0.4700,17.101269,0.000000,17.101269,0.068897,0.000000,0.068897
896050,100,4.0262,120.000,0.4831,0.4800,17.104602,0.000000,17.104602,0.068911,0.000000,0.068911
#MARK,896086,100,"seg_084_p14_b255_start",17.104602,0.000000,17.104602,0.068911,0.000000,0.068911
896150,100,4.0250,121.250,0.4880,0.4900,17.107970,0.000000,17.107970,0.068924,0.000000,0.068924
896250,100,4.0250,122.500,0.4931,0.5000,17.111373,0.000000,17.111373,0.068938,0.000000,0.068938
896350,100,4.0250,123.750,0.4981,0.5000,17.114811,0.000000,17.114811,0.068952,0.000000,0.068952
896450,100,4.0237,125.000,0.5030,0.5000,17.118283,0.000000,17.118283,0.068966,0.000000,0.068966
896550,100,4.0237,125.000,0.5030,0.5000,17.121755,0.000000,17.121755,0.068980,0.000000,0.068980
896650,100,4.0237,126.250,0.5080,0.5100,17.125262,0.000000,17.125262,0.068994,0.000000,0.068994
896750,100,4.0237,126.250,0.5080,0.5100,17.128769,0.000000,17.128769,0.069008,0.000000,0.069008
896850,100,4.0237,126.250,0.5080,0.5100,17.132276,0.000000,17.132276,0.069022,0.000000,0.069022
896950,100,4.0237,127.500,0.5130,0.5100,17.135818,0.000000,17.135818,0.069036,0.000000,0.069036
897050,100,4.0237,127.500,0.5130,0.5100,17.139359,0.000000,17.139359,0.069051,0.000000,0.069051
897150,100,4.0237,127.500,0.5130,0.5100,17.142901,0.000000,17.142901,0.069065,0.000000,0.069065
897250,100,4.0225,128.750,0.5179,0.5100,17.146477,0.000000,17.146477,0.069079,0.000000,0.069079
897350,100,4.0237,127.500,0.5130,0.5100,17.150019,0.000000,17.150019,0.069093,0.000000,0.069093
897450,100,4.0237,126.250,0.5080,0.5100,17.153526,0.000000,17.153526,0.069108,0.000000,0.069108
897550,100,4.0237,126.250,0.5080,0.5100,17.157033,0.000000,17.157033,0.069122,0.000000,0.069122
897650,100,4.0225,126.250,0.5078,0.5100,17.160540,0.000000,17.160540,0.069136,0.000000,0.069136
897750,100,4.0237,126.250,0.5080,0.5100,17.164047,0.000000,17.164047,0.069150,0.000000,0.069150
897850,100,4.0237,126.250,0.5080,0.5100,17.167554,0.000000,17.167554,0.069164,0.000000,0.069164
897950,100,4.0225,126.250,0.5078,0.5100,17.171061,0.000000,17.171061,0.069178,0.000000,0.069178
898050,100,4.0237,127.500,0.5130,0.5100,17.174602,0.000000,17.174602,0.069192,0.000000,0.069192
898150,100,4.0237,127.500,0.5130,0.5100,17.178144,0.000000,17.178144,0.069207,0.000000,0.069207
898250,100,4.0237,127.500,0.5130,0.5100,17.181686,0.000000,17.181686,0.069221,0.000000,0.069221
898350,100,4.0225,127.500,0.5129,0.5100,17.185227,0.000000,17.185227,0.069235,0.000000,0.069235
898450,100,4.0237,127.500,0.5130,0.5100,17.188769,0.000000,17.188769,0.069249,0.000000,0.069249
898550,100,4.0237,127.500,0.5130,0.5100,17.192311,0.000000,17.192311,0.069264,0.000000,0.069264
898650,100,4.0237,127.500,0.5130,0.5100,17.195852,0.000000,17.195852,0.069278,0.000000,0.069278
898750,100,4.0225,127.500,0.5129,0.5100,17.199394,0.000000,17.199394,0.069292,0.000000,0.069292
898850,100,4.0225,127.500,0.5129,0.5100,17.202936,0.000000,17.202936,0.069306,0.000000,0.069306
898950,100,4.0225,126.250,0.5078,0.5100,17.206443,0.000000,17.206443,0.069320,0.000000,0.069320
899050,100,4.0225,127.500,0.5129,0.5100,17.209984,0.000000,17.209984,0.069335,0.000000,0.069335
899150,100,4.0225,127.500,0.5129,0.5100,17.213526,0.000000,17.213526,0.069349,0.000000,0.069349
899250,100,4.0225,127.500,0.5129,0.5100,17.217068,0.000000,17.217068,0.069363,0.000000,0.069363
899350,100,4.0225,127.500,0.5129,0.5100,17.220609,0.000000,17.220609,0.069377,0.000000,0.069377
899450,100,4.0225,126.250,0.5078,0.5100,17.224116,0.000000,17.224116,0.069392,0.000000,0.069392
899550,100,4.0225,127.500,0.5129,0.5100,17.227658,0.000000,17.227658,0.069406,0.000000,0.069406
899650,100,4.0225,127.500,0.5129,0.5100,17.231200,0.000000,17.231200,0.069420,0.000000,0.069420
899750,100,4.0225,127.500,0.5129,0.5100,17.234741,0.000000,17.234741,0.069434,0.000000,0.069434
899850,100,4.0225,127.500,0.5129,0.5100,17.238283,0.000000,17.238283,0.069449,0.000000,0.069449
899950,100,4.0225,127.500,0.5129,0.5100,17.241825,0.000000,17.241825,0.069463,0.000000,0.069463
900050,100,4.0225,127.500,0.5129,0.5100,17.245366,0.000000,17.245366,0.069477,0.000000,0.069477
900150,100,4.0225,127.500,0.5129,0.5100,17.248908,0.000000,17.248908,0.069491,0.000000,0.069491
900250,100,4.0225,126.250,0.5078,0.5100,17.252415,0.000000,17.252415,0.069505,0.000000,0.069505
900350,100,4.0225,126.250,0.5078,0.5100,17.255922,0.000000,17.255922,0.069520,0.000000,0.069520
900450,100,4.0225,126.250,0.5078,0.5100,17.259429,0.000000,17.259429,0.069534,0.000000,0.069534
900550,100,4.0225,126.250,0.5078,0.5100,17.262936,0.000000,17.262936,0.069548,0.000000,0.069548
900650,100,4.0225,127.500,0.5129,0.5100,17.266477,0.000000,17.266477,0.069562,0.000000,0.069562
900750,100,4.0225,126.250,0.5078,0.5100,17.269984,0.000000,17.269984,0.069576,0.000000,0.069576
900850,100,4.0225,126.250,0.5078,0.5100,17.273491,0.000000,17.273491,0.069590,0.000000,0.069590
900950,100,4.0225,126.250,0.5078,0.5100,17.276998,0.000000,17.276998,0.069604,0.000000,0.069604
901050,100,4.0225,126.250,0.5078,0.5100,17.280505,0.000000,17.280505,0.069618,0.000000,0.069618
901150,100,4.0225,127.500,0.5129,0.5100,17.284047,0.000000,17.284047,0.069633,0.000000,0.069633
901250,100,4.0225,126.250,0.5078,0.5100,17.287554,0.000000,17.287554,0.069647,0.000000,0.069647
#MARK,901259,100,"seg_084_p14_b255_end",17.287554,0.000000,17.287554,0.069647,0.000000,0.069647
901350,100,4.0375,76.250,0.3079,0.3000,17.289672,0.000000,17.289672,0.069655,0.000000,0.069655
901450,100,4.0388,75.000,0.3029,0.3000,17.291755,0.000000,17.291755,0.069664,0.000000,0.069664
901550,100,4.0388,75.000,0.3029,0.3000,17.293839,0.000000,17.293839,0.069672,0.000000,0.069672
901650,100,4.0388,73.750,0.2979,0.3000,17.295887,0.000000,17.295887,0.069680,0.000000,0.069680
901750,100,4.0388,73.750,0.2979,0.3000,17.297936,0.000000,17.297936,0.069689,0.000000,0.069689
901850,100,4.0388,73.750,0.2979,0.2900,17.299984,0.000000,17.299984,0.069697,0.000000,0.069697
901950,100,4.0400,75.000,0.3030,0.3000,17.302068,0.000000,17.302068,0.069705,0.000000,0.069705
902050,100,4.0400,73.750,0.2979,0.3000,17.304116,0.000000,17.304116,0.069714,0.000000,0.069714
902150,100,4.0400,75.000,0.3030,0.3000,17.306200,0.000000,17.306200,0.069722,0.000000,0.069722
902250,100,4.0400,75.000,0.3030,0.3000,17.308283,0.000000,17.308283,0.069730,0.000000,0.069730
#MARK,902348,100,"seg_085_p15_b095_start",17.308283,0.000000,17.308283,0.069730,0.000000,0.069730
902350,100,4.0400,73.750,0.2979,0.3000,17.310332,0.000000,17.310332,0.069739,0.000000,0.069739
902450,100,4.0400,75.000,0.3030,0.3000,17.312415,0.000000,17.312415,0.069747,0.000000,0.069747
902550,100,4.0400,75.000,0.3030,0.3000,17.314498,0.000000,17.314498,0.069756,0.000000,0.069756
902650,100,4.0400,75.000,0.3030,0.3000,17.316582,0.000000,17.316582,0.069764,0.000000,0.069764
902750,100,4.0400,75.000,0.3030,0.3000,17.318665,0.000000,17.318665,0.069772,0.000000,0.069772
902850,100,4.0400,75.000,0.3030,0.3000,17.320748,0.000000,17.320748,0.069781,0.000000,0.069781
902950,100,4.0388,75.000,0.3029,0.3000,17.322832,0.000000,17.322832,0.069789,0.000000,0.069789
903050,100,4.0400,75.000,0.3030,0.3000,17.324915,0.000000,17.324915,0.069798,0.000000,0.069798
903150,100,4.0400,76.250,0.3081,0.3100,17.327033,0.000000,17.327033,0.069806,0.000000,0.069806
903250,100,4.0388,76.250,0.3080,0.3100,17.329151,0.000000,17.329151,0.069815,0.000000,0.069815
903350,100,4.0388,76.250,0.3080,0.3100,17.331269,0.000000,17.331269,0.069823,0.000000,0.069823
903450,100,4.0388,76.250,0.3080,0.3100,17.333387,0.000000,17.333387,0.069832,0.000000,0.069832
903550,100,4.0388,76.250,0.3080,0.3100,17.335505,0.000000,17.335505,0.069840,0.000000,0.069840
903650,100,4.0388,76.250,0.3080,0.3100,17.337623,0.000000,17.337623,0.069849,0.000000,0.069849
903750,100,4.0388,76.250,0.3080,0.3100,17.339741,0.000000,17.339741,0.069858,0.000000,0.069858
903850,100,4.0400,76.250,0.3081,0.3100,17.341859,0.000000,17.341859,0.069866,0.000000,0.069866
903950,100,4.0388,75.000,0.3029,0.3000,17.343943,0.000000,17.343943,0.069875,0.000000,0.069875
904050,100,4.0400,76.250,0.3081,0.3000,17.346061,0.000000,17.346061,0.069883,0.000000,0.069883
904150,100,4.0400,75.000,0.3030,0.3000,17.348144,0.000000,17.348144,0.069891,0.000000,0.069891
904250,100,4.0400,75.000,0.3030,0.3000,17.350227,0.000000,17.350227,0.069900,0.000000,0.069900
904350,100,4.0400,75.000,0.3030,0.3000,17.352311,0.000000,17.352311,0.069908,0.000000,0.069908
904450,100,4.0400,76.250,0.3081,0.3000,17.354429,0.000000,17.354429,0.069917,0.000000,0.069917
904550,100,4.0400,77.500,0.3131,0.3100,17.356582,0.000000,17.356582,0.069926,0.000000,0.069926
904650,100,4.0400,77.500,0.3131,0.3100,17.358734,0.000000,17.358734,0.069934,0.000000,0.069934
904750,100,4.0388,77.500,0.3130,0.3200,17.360887,0.000000,17.360887,0.069943,0.000000,0.069943
904850,100,4.0388,78.750,0.3181,0.3200,17.363075,0.000000,17.363075,0.069952,0.000000,0.069952
904950,100,4.0388,80.000,0.3231,0.3200,17.365297,0.000000,17.365297,0.069961,0.000000,0.069961
905050,100,4.0388,80.000,0.3231,0.3200,17.367519,0.000000,17.367519,0.069970,0.000000,0.069970
905150,100,4.0388,80.000,0.3231,0.3300,17.369741,0.000000,17.369741,0.069979,0.000000,0.069979
905250,100,4.0375,81.250,0.3280,0.3300,17.371998,0.000000,17.371998,0.069988,0.000000,0.069988
905350,100,4.0388,81.250,0.3281,0.3300,17.374255,0.000000,17.374255,0.069997,0.000000,0.069997
905450,100,4.0375,82.500,0.3331,0.3300,17.376547,0.000000,17.376547,0.070006,0.000000,0.070006
905550,100,4.0375,81.250,0.3280,0.3300,17.378804,0.000000,17.378804,0.070015,0.000000,0.070015
905650,100,4.0388,82.500,0.3332,0.3300,17.381095,0.000000,17.381095,0.070025,0.000000,0.070025
905750,100,4.0388,81.250,0.3281,0.3300,17.383352,0.000000,17.383352,0.070034,0.000000,0.070034
905850,100,4.0388,80.000,0.3231,0.3200,17.385575,0.000000,17.385575,0.070043,0.000000,0.070043
905950,100,4.0388,80.000,0.3231,0.3200,17.387797,0.000000,17.387797,0.070052,0.000000,0.070052
906050,100,4.0388,80.000,0.3231,0.3200,17.390019,0.000000,17.390019,0.070061,0.000000,0.070061
906150,100,4.0388,78.750,0.3181,0.3200,17.392207,0.000000,17.392207,0.070069,0.000000,0.070069
906250,100,4.0400,77.500,0.3131,0.3200,17.394359,0.000000,17.394359,0.070078,0.000000,0.070078
906350,100,4.0388,77.500,0.3130,0.3200,17.396512,0.000000,17.396512,0.070087,0.000000,0.070087
906450,100,4.0400,77.500,0.3131,0.3200,17.398665,0.000000,17.398665,0.070096,0.000000,0.070096
906550,100,4.0388,77.500,0.3130,0.3100,17.400818,0.000000,17.400818,0.070104,0.000000,0.070104
906650,100,4.0388,77.500,0.3130,0.3100,17.402970,0.000000,17.402970,0.070113,0.000000,0.070113
906750,100,4.0388,77.500,0.3130,0.3100,17.405123,0.000000,17.405123,0.070122,0.000000,0.070122
906850,100,4.0388,78.750,0.3181,0.3200,17.407311,0.000000,17.407311,0.070130,0.000000,0.070130
906950,100,4.0388,80.000,0.3231,0.3200,17.409533,0.000000,17.409533,0.070139,0.000000,0.070139
907050,100,4.0388,80.000,0.3231,0.3200,17.411755,0.000000,17.411755,0.070148,0.000000,0.070148
907150,100,4.0375,82.500,0.3331,0.3300,17.414047,0.000000,17.414047,0.070158,0.000000,0.070158
907250,100,4.0375,82.500,0.3331,0.3300,17.416339,0.000000,17.416339,0.070167,0.000000,0.070167
907350,100,4.0375,83.750,0.3381,0.3400,17.418665,0.000000,17.418665,0.070176,0.000000,0.070176
907450,100,4.0375,83.750,0.3381,0.3400,17.420991,0.000000,17.420991,0.070186,0.000000,0.070186
907550,100,4.0375,83.750,0.3381,0.3400,17.423318,0.000000,17.423318,0.070195,0.000000,0.070195
#MARK,907583,100,"seg_085_p15_b095_end",17.423318,0.000000,17.423318,0.070195,0.000000,0.070195
907650,100,4.0363,86.250,0.3481,0.3500,17.425714,0.000000,17.425714,0.070205,0.000000,0.070205
907750,100,4.0338,96.250,0.3882,0.3900,17.428387,0.000000,17.428387,0.070216,0.000000,0.070216
907850,100,4.0325,98.750,0.3982,0.4000,17.431130,0.000000,17.431130,0.070227,0.000000,0.070227
907950,100,4.0325,97.500,0.3932,0.3900,17.433839,0.000000,17.433839,0.070238,0.000000,0.070238
908050,100,4.0338,97.500,0.3933,0.3900,17.436547,0.000000,17.436547,0.070248,0.000000,0.070248
908150,100,4.0338,95.000,0.3832,0.3800,17.439186,0.000000,17.439186,0.070259,0.000000,0.070259
908250,100,4.0338,93.750,0.3782,0.3800,17.441790,0.000000,17.441790,0.070270,0.000000,0.070270
908350,100,4.0350,92.500,0.3732,0.3700,17.444359,0.000000,17.444359,0.070280,0.000000,0.070280
908450,100,4.0350,91.250,0.3682,0.3700,17.446894,0.000000,17.446894,0.070290,0.000000,0.070290
908550,100,4.0350,90.000,0.3632,0.3700,17.449394,0.000000,17.449394,0.070300,0.000000,0.070300
908650,100,4.0350,90.000,0.3632,0.3600,17.451894,0.000000,17.451894,0.070310,0.000000,0.070310
#MARK,908719,100,"seg_086_p15_b127_start",17.451894,0.000000,17.451894,0.070310,0.000000,0.070310
908750,100,4.0350,88.750,0.3581,0.3600,17.454359,0.000000,17.454359,0.070320,0.000000,0.070320
908850,100,4.0363,88.750,0.3582,0.3600,17.456825,0.000000,17.456825,0.070330,0.000000,0.070330
908950,100,4.0350,90.000,0.3632,0.3600,17.459325,0.000000,17.459325,0.070340,0.000000,0.070340
909050,100,4.0350,90.000,0.3632,0.3600,17.461825,0.000000,17.461825,0.070350,0.000000,0.070350
909150,100,4.0350,91.250,0.3682,0.3700,17.464359,0.000000,17.464359,0.070361,0.000000,0.070361
909250,100,4.0338,92.500,0.3731,0.3700,17.466929,0.000000,17.466929,0.070371,0.000000,0.070371
909350,100,4.0338,93.750,0.3782,0.3800,17.469533,0.000000,17.469533,0.070382,0.000000,0.070382
909450,100,4.0338,96.250,0.3882,0.3900,17.472207,0.000000,17.472207,0.070392,0.000000,0.070392
909550,100,4.0325,97.500,0.3932,0.3900,17.474915,0.000000,17.474915,0.070403,0.000000,0.070403
909650,100,4.0325,97.500,0.3932,0.3900,17.477623,0.000000,17.477623,0.070414,0.000000,0.070414
909750,100,4.0325,98.750,0.3982,0.3900,17.480366,0.000000,17.480366,0.070425,0.000000,0.070425
909850,100,4.0325,97.500,0.3932,0.3900,17.483075,0.000000,17.483075,0.070436,0.000000,0.070436
909950,100,4.0325,98.750,0.3982,0.4000,17.485818,0.000000,17.485818,0.070447,0.000000,0.070447
910050,100,4.0325,98.750,0.3982,0.3900,17.488561,0.000000,17.488561,0.070458,0.000000,0.070458
910150,100,4.0325,97.500,0.3932,0.3900,17.491269,0.000000,17.491269,0.070469,0.000000,0.070469
910250,100,4.0325,98.750,0.3982,0.4000,17.494012,0.000000,17.494012,0.070480,0.000000,0.070480
910350,100,4.0325,97.500,0.3932,0.3900,17.496720,0.000000,17.496720,0.070491,0.000000,0.070491
910450,100,4.0325,98.750,0.3982,0.4000,17.499464,0.000000,17.499464,0.070502,0.000000,0.070502
910550,100,4.0325,98.750,0.3982,0.4000,17.502207,0.000000,17.502207,0.070513,0.000000,0.070513
910650,100,4.0313,100.000,0.4031,0.4100,17.504984,0.000000,17.504984,0.070525,0.000000,0.070525
910750,100,4.0313,101.250,0.4082,0.4100,17.507797,0.000000,17.507797,0.070536,0.000000,0.070536
910850,100,4.0313,102.500,0.4132,0.4100,17.510644,0.000000,17.510644,0.070547,0.000000,0.070547
910950,100,4.0313,105.000,0.4233,0.4200,17.513561,0.000000,17.513561,0.070559,0.000000,0.070559
911050,100,4.0300,105.000,0.4232,0.4300,17.516477,0.000000,17.516477,0.070571,0.000000,0.070571
911150,100,4.0300,107.500,0.4332,0.4400,17.519464,0.000000,17.519464,0.070583,0.000000,0.070583
911250,100,4.0300,108.750,0.4383,0.4300,17.522484,0.000000,17.522484,0.070595,0.000000,0.070595
911350,100,4.0287,110.000,0.4432,0.4500,17.525540,0.000000,17.525540,0.070607,0.000000,0.070607
911450,100,4.0275,111.250,0.4481,0.4500,17.528630,0.000000,17.528630,0.070620,0.000000,0.070620
911550,100,4.0275,112.500,0.4531,0.4500,17.531755,0.000000,17.531755,0.070632,0.000000,0.070632
911650,100,4.0275,113.750,0.4581,0.4600,17.534915,0.000000,17.534915,0.070645,0.000000,0.070645
911750,100,4.0275,113.750,0.4581,0.4600,17.538075,0.000000,17.538075,0.070658,0.000000,0.070658
911850,100,4.0275,115.000,0.4632,0.4600,17.541269,0.000000,17.541269,0.070671,0.000000,0.070671
911950,100,4.0275,112.500,0.4531,0.4500,17.544394,0.000000,17.544394,0.070683,0.000000,0.070683
912050,100,4.0275,110.000,0.4430,0.4500,17.547450,0.000000,17.547450,0.070696,0.000000,0.070696
912150,100,4.0287,107.500,0.4331,0.4300,17.550436,0.000000,17.550436,0.070708,0.000000,0.070708
912250,100,4.0300,105.000,0.4232,0.4300,17.553352,0.000000,17.553352,0.070719,0.000000,0.070719
912350,100,4.0313,103.750,0.4182,0.4200,17.556234,0.000000,17.556234,0.070731,0.000000,0.070731
912450,100,4.0313,102.500,0.4132,0.4100,17.559082,0.000000,17.559082,0.070742,0.000000,0.070742
912550,100,4.0313,101.250,0.4082,0.4100,17.561894,0.000000,17.561894,0.070754,0.000000,0.070754
912650,100,4.0313,100.000,0.4031,0.4000,17.564672,0.000000,17.564672,0.070765,0.000000,0.070765
912750,100,4.0325,98.750,0.3982,0.4000,17.567415,0.000000,17.567415,0.070776,0.000000,0.070776
912850,100,4.0325,98.750,0.3982,0.4000,17.570158,0.000000,17.570158,0.070787,0.000000,0.070787
912950,100,4.0325,100.000,0.4032,0.4000,17.572936,0.000000,17.572936,0.070798,0.000000,0.070798
913050,100,4.0313,100.000,0.4031,0.4100,17.575714,0.000000,17.575714,0.070810,0.000000,0.070810
913150,100,4.0313,101.250,0.4082,0.4100,17.578526,0.000000,17.578526,0.070821,0.000000,0.070821
913250,100,4.0300,103.750,0.4181,0.4200,17.581408,0.000000,17.581408,0.070832,0.000000,0.070832
913350,100,4.0300,105.000,0.4232,0.4300,17.584325,0.000000,17.584325,0.070844,0.000000,0.070844
913450,100,4.0287,110.000,0.4432,0.4400,17.587380,0.000000,17.587380,0.070857,0.000000,0.070857
913550,100,4.0275,111.250,0.4481,0.4500,17.590470,0.000000,17.590470,0.070869,0.000000,0.070869
913650,100,4.0275,110.000,0.4430,0.4500,17.593526,0.000000,17.593526,0.070881,0.000000,0.070881
913750,100,4.0275,111.250,0.4481,0.4500,17.596616,0.000000,17.596616,0.070894,0.000000,0.070894
913850,100,4.0275,110.000,0.4430,0.4500,17.599672,0.000000,17.599672,0.070906,0.000000,0.070906
913950,100,4.0275,111.250,0.4481,0.4500,17.602762,0.000000,17.602762,0.070918,0.000000,0.070918
#MARK,913974,100,"seg_086_p15_b127_end",17.602762,0.000000,17.602762,0.070918,0.000000,0.070918
914050,100,4.0300,103.750,0.4181,0.4200,17.605644,0.000000,17.605644,0.070930,0.000000,0.070930
914150,100,4.0200,135.000,0.5427,0.5500,17.609394,0.000000,17.609394,0.070945,0.000000,0.070945
914250,100,4.0188,138.750,0.5576,0.5600,17.613248,0.000000,17.613248,0.070961,0.000000,0.070961
914350,100,4.0188,138.750,0.5576,0.5600,17.617102,0.000000,17.617102,0.070976,0.000000,0.070976
914450,100,4.0200,137.500,0.5527,0.5500,17.620922,0.000000,17.620922,0.070992,0.000000,0.070992
914550,100,4.0212,132.500,0.5328,0.5300,17.624602,0.000000,17.624602,0.071006,0.000000,0.071006
914650,100,4.0212,128.750,0.5177,0.5200,17.628179,0.000000,17.628179,0.071021,0.000000,0.071021
914750,100,4.0225,126.250,0.5078,0.5000,17.631686,0.000000,17.631686,0.071035,0.000000,0.071035
914850,100,4.0237,122.500,0.4929,0.5000,17.635089,0.000000,17.635089,0.071048,0.000000,0.071048
914950,100,4.0237,121.250,0.4879,0.4900,17.638457,0.000000,17.638457,0.071062,0.000000,0.071062
915050,100,4.0237,120.000,0.4828,0.4900,17.641790,0.000000,17.641790,0.071075,0.000000,0.071075
#MARK,915101,100,"seg_087_p15_b159_start",17.641790,0.000000,17.641790,0.071075,0.000000,0.071075
915150,100,4.0250,120.000,0.4830,0.4800,17.645123,0.000000,17.645123,0.071089,0.000000,0.071089
915250,100,4.0250,120.000,0.4830,0.4800,17.648457,0.000000,17.648457,0.071102,0.000000,0.071102
915350,100,4.0250,120.000,0.4830,0.4800,17.651790,0.000000,17.651790,0.071116,0.000000,0.071116
915450,100,4.0237,122.500,0.4929,0.4900,17.655193,0.000000,17.655193,0.071129,0.000000,0.071129
915550,100,4.0237,123.750,0.4979,0.5000,17.658630,0.000000,17.658630,0.071143,0.000000,0.071143
915650,100,4.0225,127.500,0.5129,0.5100,17.662172,0.000000,17.662172,0.071157,0.000000,0.071157
915750,100,4.0212,131.250,0.5278,0.5300,17.665818,0.000000,17.665818,0.071172,0.000000,0.071172
915850,100,4.0212,131.250,0.5278,0.5200,17.669464,0.000000,17.669464,0.071187,0.000000,0.071187
915950,100,4.0212,131.250,0.5278,0.5200,17.673109,0.000000,17.673109,0.071201,0.000000,0.071201
916050,100,4.0212,131.250,0.5278,0.5200,17.676755,0.000000,17.676755,0.071216,0.000000,0.071216
916150,100,4.0212,130.000,0.5228,0.5200,17.680366,0.000000,17.680366,0.071231,0.000000,0.071231
916250,100,4.0212,130.000,0.5228,0.5200,17.683977,0.000000,17.683977,0.071245,0.000000,0.071245
916350,100,4.0212,130.000,0.5228,0.5200,17.687589,0.000000,17.687589,0.071260,0.000000,0.071260
916450,100,4.0212,131.250,0.5278,0.5200,17.691234,0.000000,17.691234,0.071274,0.000000,0.071274
916550,100,4.0212,132.500,0.5328,0.5300,17.694915,0.000000,17.694915,0.071289,0.000000,0.071289
916650,100,4.0200,133.750,0.5377,0.5400,17.698630,0.000000,17.698630,0.071304,0.000000,0.071304
916750,100,4.0200,135.000,0.5427,0.5400,17.702380,0.000000,17.702380,0.071319,0.000000,0.071319
916850,100,4.0188,135.000,0.5425,0.5400,17.706130,0.000000,17.706130,0.071334,0.000000,0.071334
916950,100,4.0188,138.750,0.5576,0.5500,17.709984,0.000000,17.709984,0.071350,0.000000,0.071350
917050,100,4.0175,138.750,0.5574,0.5600,17.713839,0.000000,17.713839,0.071365,0.000000,0.071365
917150,100,4.0175,141.250,0.5675,0.5700,17.717762,0.000000,17.717762,0.071381,0.000000,0.071381
917250,100,4.0175,142.500,0.5725,0.5700,17.721720,0.000000,17.721720,0.071397,0.000000,0.071397
917350,100,4.0163,145.000,0.5824,0.5900,17.725748,0.000000,17.725748,0.071413,0.000000,0.071413
917450,100,4.0150,147.500,0.5922,0.5900,17.729845,0.000000,17.729845,0.071429,0.000000,0.071429
917550,100,4.0150,150.000,0.6022,0.6000,17.734012,0.000000,17.734012,0.071446,0.000000,0.071446
917650,100,4.0138,152.500,0.6121,0.6100,17.738248,0.000000,17.738248,0.071463,0.000000,0.071463
917750,100,4.0125,155.000,0.6219,0.6200,17.742554,0.000000,17.742554,0.071481,0.000000,0.071481
917850,100,4.0125,155.000,0.6219,0.6200,17.746859,0.000000,17.746859,0.071498,0.000000,0.071498
917950,100,4.0125,155.000,0.6219,0.6200,17.751165,0.000000,17.751165,0.071515,0.000000,0.071515
918050,100,4.0113,157.500,0.6318,0.6400,17.755540,0.000000,17.755540,0.071533,0.000000,0.071533
918150,100,4.0125,158.750,0.6370,0.6400,17.759950,0.000000,17.759950,0.071550,0.000000,0.071550
918250,100,4.0113,160.000,0.6418,0.6400,17.764394,0.000000,17.764394,0.071568,0.000000,0.071568
918350,100,4.0113,158.750,0.6368,0.6400,17.768804,0.000000,17.768804,0.071586,0.000000,0.071586
918450,100,4.0125,155.000,0.6219,0.6200,17.773109,0.000000,17.773109,0.071603,0.000000,0.071603
918550,100,4.0138,148.750,0.5970,0.6000,17.777241,0.000000,17.777241,0.071620,0.000000,0.071620
918650,100,4.0150,146.250,0.5872,0.5900,17.781304,0.000000,17.781304,0.071636,0.000000,0.071636
918750,100,4.0163,142.500,0.5723,0.5700,17.785262,0.000000,17.785262,0.071652,0.000000,0.071652
918850,100,4.0175,138.750,0.5574,0.5600,17.789116,0.000000,17.789116,0.071667,0.000000,0.071667
918950,100,4.0175,136.250,0.5474,0.5500,17.792901,0.000000,17.792901,0.071683,0.000000,0.071683
919050,100,4.0188,133.750,0.5375,0.5400,17.796616,0.000000,17.796616,0.071698,0.000000,0.071698
919150,100,4.0188,133.750,0.5375,0.5400,17.800332,0.000000,17.800332,0.071712,0.000000,0.071712
919250,100,4.0188,133.750,0.5375,0.5300,17.804047,0.000000,17.804047,0.071727,0.000000,0.071727
919350,100,4.0188,133.750,0.5375,0.5400,17.807762,0.000000,17.807762,0.071742,0.000000,0.071742
919450,100,4.0188,135.000,0.5425,0.5500,17.811512,0.000000,17.811512,0.071757,0.000000,0.071757
919550,100,4.0175,138.750,0.5574,0.5600,17.815366,0.000000,17.815366,0.071773,0.000000,0.071773
919650,100,4.0163,141.250,0.5673,0.5700,17.819290,0.000000,17.819290,0.071789,0.000000,0.071789
919750,100,4.0163,140.000,0.5623,0.5600,17.823179,0.000000,17.823179,0.071804,0.000000,0.071804
919850,100,4.0163,140.000,0.5623,0.5600,17.827068,0.000000,17.827068,0.071820,0.000000,0.071820
919950,100,4.0175,138.750,0.5574,0.5600,17.830922,0.000000,17.830922,0.071835,0.000000,0.071835
920050,100,4.0175,138.750,0.5574,0.5600,17.834776,0.000000,17.834776,0.071851,0.000000,0.071851
920150,100,4.0175,138.750,0.5574,0.5600,17.838630,0.000000,17.838630,0.071866,0.000000,0.071866
920250,100,4.0175,138.750,0.5574,0.5600,17.842484,0.000000,17.842484,0.071882,0.000000,0.071882
#MARK,920349,100,"seg_087_p15_b159_end",17.842484,0.000000,17.842484,0.071882,0.000000,0.071882
920350,100,4.0175,138.750,0.5574,0.5600,17.846339,0.000000,17.846339,0.071897,0.000000,0.071897
920450,100,4.0100,162.500,0.6516,0.6500,17.850852,0.000000,17.850852,0.071915,0.000000,0.071915
920550,100,4.0012,191.250,0.7652,0.7700,17.856165,0.000000,17.856165,0.071937,0.000000,0.071937
920650,100,4.0012,192.500,0.7702,0.7700,17.861512,0.000000,17.861512,0.071958,0.000000,0.071958
920750,100,4.0000,193.750,0.7750,0.7700,17.866894,0.000000,17.866894,0.071980,0.000000,0.071980
920850,100,4.0000,192.500,0.7700,0.7700,17.872241,0.000000,17.872241,0.072001,0.000000,0.072001
920950,100,4.0012,186.250,0.7452,0.7500,17.877415,0.000000,17.877415,0.072022,0.000000,0.072022
921050,100,4.0037,181.250,0.7257,0.7300,17.882450,0.000000,17.882450,0.072042,0.000000,0.072042
921150,100,4.0050,175.000,0.7009,0.7000,17.887311,0.000000,17.887311,0.072061,0.000000,0.072061
921250,100,4.0062,170.000,0.6811,0.6800,17.892033,0.000000,17.892033,0.072080,0.000000,0.072080
921350,100,4.0075,167.500,0.6713,0.6700,17.896686,0.000000,17.896686,0.072099,0.000000,0.072099
921450,100,4.0075,165.000,0.6612,0.6600,17.901269,0.000000,17.901269,0.072117,0.000000,0.072117
#MARK,921476,100,"seg_088_p15_b191_start",17.901269,0.000000,17.901269,0.072117,0.000000,0.072117
921550,100,4.0087,165.000,0.6614,0.6600,17.905852,0.000000,17.905852,0.072136,0.000000,0.072136
921650,100,4.0087,163.750,0.6564,0.6600,17.910401,0.000000,17.910401,0.072154,0.000000,0.072154
921750,100,4.0087,163.750,0.6564,0.6600,17.914950,0.000000,17.914950,0.072172,0.000000,0.072172
921850,100,4.0075,167.500,0.6713,0.6700,17.919602,0.000000,17.919602,0.072191,0.000000,0.072191
921950,100,4.0062,170.000,0.6811,0.6800,17.924325,0.000000,17.924325,0.072210,0.000000,0.072210
922050,100,4.0062,168.750,0.6761,0.6800,17.929012,0.000000,17.929012,0.072228,0.000000,0.072228
922150,100,4.0075,167.500,0.6713,0.6700,17.933665,0.000000,17.933665,0.072247,0.000000,0.072247
922250,100,4.0075,166.250,0.6662,0.6700,17.938283,0.000000,17.938283,0.072266,0.000000,0.072266
922350,100,4.0075,165.000,0.6612,0.6600,17.942866,0.000000,17.942866,0.072284,0.000000,0.072284
922450,100,4.0075,165.000,0.6612,0.6600,17.947450,0.000000,17.947450,0.072302,0.000000,0.072302
922550,100,4.0087,162.500,0.6514,0.6500,17.951964,0.000000,17.951964,0.072320,0.000000,0.072320
922650,100,4.0087,161.250,0.6464,0.6500,17.956443,0.000000,17.956443,0.072338,0.000000,0.072338
922750,100,4.0087,163.750,0.6564,0.6600,17.960991,0.000000,17.960991,0.072357,0.000000,0.072357
922850,100,4.0075,165.000,0.6612,0.6600,17.965575,0.000000,17.965575,0.072375,0.000000,0.072375
922950,100,4.0062,167.500,0.6710,0.6700,17.970227,0.000000,17.970227,0.072394,0.000000,0.072394
923050,100,4.0050,172.500,0.6909,0.6900,17.975019,0.000000,17.975019,0.072413,0.000000,0.072413
923150,100,4.0050,175.000,0.7009,0.7000,17.979880,0.000000,17.979880,0.072432,0.000000,0.072432
923250,100,4.0037,177.500,0.7107,0.7100,17.984811,0.000000,17.984811,0.072452,0.000000,0.072452
923350,100,4.0025,182.500,0.7305,0.7300,17.989880,0.000000,17.989880,0.072472,0.000000,0.072472
923450,100,4.0012,186.250,0.7452,0.7400,17.995054,0.000000,17.995054,0.072493,0.000000,0.072493
923550,100,3.9987,191.250,0.7648,0.7700,18.000366,0.000000,18.000366,0.072514,0.000000,0.072514
923650,100,3.9987,195.000,0.7798,0.7800,18.005783,0.000000,18.005783,0.072536,0.000000,0.072536
923750,100,3.9962,198.750,0.7943,0.7900,18.011304,0.000000,18.011304,0.072558,0.000000,0.072558
923850,100,3.9962,203.750,0.8142,0.8100,18.016964,0.000000,18.016964,0.072581,0.000000,0.072581
923950,100,3.9950,205.000,0.8190,0.8200,18.022658,0.000000,18.022658,0.072603,0.000000,0.072603
924050,100,3.9938,210.000,0.8387,0.8400,18.028491,0.000000,18.028491,0.072627,0.000000,0.072627
924150,100,3.9925,211.250,0.8434,0.8400,18.034359,0.000000,18.034359,0.072650,0.000000,0.072650
924250,100,3.9925,212.500,0.8484,0.8500,18.040262,0.000000,18.040262,0.072674,0.000000,0.072674
924350,100,3.9913,213.750,0.8531,0.8500,18.046200,0.000000,18.046200,0.072697,0.000000,0.072697
924450,100,3.9913,212.500,0.8481,0.8500,18.052102,0.000000,18.052102,0.072721,0.000000,0.072721
924550,100,3.9925,212.500,0.8484,0.8500,18.058005,0.000000,18.058005,0.072744,0.000000,0.072744
924650,100,3.9925,211.250,0.8434,0.8400,18.063873,0.000000,18.063873,0.072768,0.000000,0.072768
924750,100,3.9925,211.250,0.8434,0.8400,18.069741,0.000000,18.069741,0.072791,0.000000,0.072791
924850,100,3.9913,213.750,0.8531,0.8500,18.075679,0.000000,18.075679,0.072815,0.000000,0.072815
924950,100,3.9925,207.500,0.8284,0.8300,18.081443,0.000000,18.081443,0.072838,0.000000,0.072838
925050,100,3.9950,202.500,0.8090,0.8100,18.087068,0.000000,18.087068,0.072860,0.000000,0.072860
925150,100,3.9975,193.750,0.7745,0.7800,18.092450,0.000000,18.092450,0.072882,0.000000,0.072882
925250,100,4.0000,186.250,0.7450,0.7500,18.097623,0.000000,18.097623,0.072903,0.000000,0.072903
925350,100,4.0012,180.000,0.7202,0.7200,18.102623,0.000000,18.102623,0.072923,0.000000,0.072923
925450,100,4.0025,175.000,0.7004,0.7000,18.107484,0.000000,18.107484,0.072942,0.000000,0.072942
925550,100,4.0037,171.250,0.6856,0.6900,18.112241,0.000000,18.112241,0.072961,0.000000,0.072961
925650,100,4.0050,166.250,0.6658,0.6700,18.116859,0.000000,18.116859,0.072980,0.000000,0.072980
925750,100,4.0062,166.250,0.6660,0.6700,18.121477,0.000000,18.121477,0.072998,0.000000,0.072998
925850,100,4.0050,165.000,0.6608,0.6600,18.126061,0.000000,18.126061,0.073017,0.000000,0.073017
925950,100,4.0050,167.500,0.6708,0.6700,18.130714,0.000000,18.130714,0.073035,0.000000,0.073035
926050,100,4.0062,165.000,0.6610,0.6600,18.135297,0.000000,18.135297,0.073054,0.000000,0.073054
926150,100,4.0062,162.500,0.6510,0.6500,18.139811,0.000000,18.139811,0.073072,0.000000,0.073072
926250,100,4.0062,161.250,0.6460,0.6500,18.144290,0.000000,18.144290,0.073090,0.000000,0.073090
926350,100,4.0062,162.500,0.6510,0.6500,18.148804,0.000000,18.148804,0.073108,0.000000,0.073108
926450,100,4.0062,161.250,0.6460,0.6500,18.153283,0.000000,18.153283,0.073126,0.000000,0.073126
926550,100,4.0075,161.250,0.6462,0.6400,18.157762,0.000000,18.157762,0.073144,0.000000,0.073144
926650,100,4.0075,158.750,0.6362,0.6400,18.162172,0.000000,18.162172,0.073161,0.000000,0.073161
#MARK,926653,100,"seg_088_p15_b191_end",18.162172,0.000000,18.162172,0.073161,0.000000,0.073161
926750,100,3.9962,201.250,0.8042,0.8100,18.167762,0.000000,18.167762,0.073184,0.000000,0.073184
926850,100,3.9825,245.000,0.9757,0.9700,18.174568,0.000000,18.174568,0.073211,0.000000,0.073211
926950,100,3.9800,246.250,0.9801,0.9800,18.181408,0.000000,18.181408,0.073238,0.000000,0.073238
927050,100,3.9800,248.750,0.9900,0.9900,18.188318,0.000000,18.188318,0.073265,0.000000,0.073265
927150,100,3.9800,248.750,0.9900,0.9900,18.195227,0.000000,18.195227,0.073293,0.000000,0.073293
927250,100,3.9800,247.500,0.9851,0.9900,18.202102,0.000000,18.202102,0.073320,0.000000,0.073320
927350,100,3.9813,240.000,0.9555,0.9600,18.208769,0.000000,18.208769,0.073347,0.000000,0.073347
927450,100,3.9850,228.750,0.9116,0.9100,18.215123,0.000000,18.215123,0.073372,0.000000,0.073372
927550,100,3.9875,220.000,0.8772,0.8800,18.221234,0.000000,18.221234,0.073396,0.000000,0.073396
927650,100,3.9913,211.250,0.8432,0.8400,18.227102,0.000000,18.227102,0.073420,0.000000,0.073420
927750,100,3.9925,202.500,0.8085,0.8100,18.232727,0.000000,18.232727,0.073442,0.000000,0.073442
#MARK,927763,100,"seg_089_p15_b223_start",18.232727,0.000000,18.232727,0.073442,0.000000,0.073442
927850,100,3.9950,196.250,0.7840,0.7800,18.238179,0.000000,18.238179,0.073464,0.000000,0.073464
927950,100,3.9962,192.500,0.7693,0.7700,18.243526,0.000000,18.243526,0.073485,0.000000,0.073485
928050,100,3.9962,192.500,0.7693,0.7700,18.248873,0.000000,18.248873,0.073507,0.000000,0.073507
928150,100,3.9962,191.250,0.7643,0.7700,18.254186,0.000000,18.254186,0.073528,0.000000,0.073528
928250,100,3.9975,190.000,0.7595,0.7600,18.259464,0.000000,18.259464,0.073549,0.000000,0.073549
928350,100,3.9975,190.000,0.7595,0.7600,18.264741,0.000000,18.264741,0.073570,0.000000,0.073570
928450,100,3.9975,188.750,0.7545,0.7600,18.269984,0.000000,18.269984,0.073591,0.000000,0.073591
928550,100,3.9975,187.500,0.7495,0.7500,18.275193,0.000000,18.275193,0.073612,0.000000,0.073612
928650,100,3.9975,186.250,0.7445,0.7500,18.280366,0.000000,18.280366,0.073633,0.000000,0.073633
928750,100,3.9987,186.250,0.7448,0.7400,18.285540,0.000000,18.285540,0.073653,0.000000,0.073653
928850,100,3.9975,187.500,0.7495,0.7500,18.290748,0.000000,18.290748,0.073674,0.000000,0.073674
928950,100,3.9975,187.500,0.7495,0.7500,18.295957,0.000000,18.295957,0.073695,0.000000,0.073695
929050,100,3.9975,188.750,0.7545,0.7500,18.301200,0.000000,18.301200,0.073716,0.000000,0.073716
929150,100,3.9962,190.000,0.7593,0.7600,18.306477,0.000000,18.306477,0.073737,0.000000,0.073737
929250,100,3.9962,192.500,0.7693,0.7700,18.311825,0.000000,18.311825,0.073758,0.000000,0.073758
929350,100,3.9962,193.750,0.7743,0.7800,18.317207,0.000000,18.317207,0.073780,0.000000,0.073780
929450,100,3.9950,197.500,0.7890,0.7900,18.322693,0.000000,18.322693,0.073802,0.000000,0.073802
929550,100,3.9925,202.500,0.8085,0.8100,18.328318,0.000000,18.328318,0.073824,0.000000,0.073824
929650,100,3.9900,211.250,0.8429,0.8400,18.334186,0.000000,18.334186,0.073848,0.000000,0.073848
929750,100,3.9875,218.750,0.8723,0.8700,18.340262,0.000000,18.340262,0.073872,0.000000,0.073872
929850,100,3.9850,225.000,0.8966,0.9000,18.346512,0.000000,18.346512,0.073897,0.000000,0.073897
929950,100,3.9825,232.500,0.9259,0.9300,18.352970,0.000000,18.352970,0.073923,0.000000,0.073923
930050,100,3.9813,236.250,0.9406,0.9400,18.359533,0.000000,18.359533,0.073949,0.000000,0.073949
930150,100,3.9800,242.500,0.9652,0.9700,18.366269,0.000000,18.366269,0.073976,0.000000,0.073976
930250,100,3.9787,242.500,0.9648,0.9700,18.373005,0.000000,18.373005,0.074002,0.000000,0.074002
930350,100,3.9787,247.500,0.9847,0.9900,18.379880,0.000000,18.379880,0.074030,0.000000,0.074030
930450,100,3.9775,250.000,0.9944,1.0000,18.386825,0.000000,18.386825,0.074057,0.000000,0.074057
930550,100,3.9762,251.250,0.9990,1.0000,18.393804,0.000000,18.393804,0.074085,0.000000,0.074085
930650,100,3.9762,251.250,0.9990,1.0000,18.400783,0.000000,18.400783,0.074113,0.000000,0.074113
930750,100,3.9762,252.500,1.0040,1.0000,18.407797,0.000000,18.407797,0.074141,0.000000,0.074141
930850,100,3.9762,251.250,0.9990,1.0000,18.414776,0.000000,18.414776,0.074168,0.000000,0.074168
930950,100,3.9762,251.250,0.9990,1.0000,18.421755,0.000000,18.421755,0.074196,0.000000,0.074196
931050,100,3.9762,252.500,1.0040,1.0000,18.428769,0.000000,18.428769,0.074224,0.000000,0.074224
931150,100,3.9762,251.250,0.9990,1.0000,18.435748,0.000000,18.435748,0.074252,0.000000,0.074252
931250,100,3.9762,250.000,0.9941,0.9900,18.442693,0.000000,18.442693,0.074279,0.000000,0.074279
931350,100,3.9787,240.000,0.9549,0.9500,18.449359,0.000000,18.449359,0.074306,0.000000,0.074306
931450,100,3.9813,232.500,0.9256,0.9300,18.455818,0.000000,18.455818,0.074332,0.000000,0.074332
931550,100,3.9850,220.000,0.8767,0.8700,18.461929,0.000000,18.461929,0.074356,0.000000,0.074356
931650,100,3.9887,211.250,0.8426,0.8400,18.467797,0.000000,18.467797,0.074379,0.000000,0.074379
931750,100,3.9913,201.250,0.8032,0.8000,18.473387,0.000000,18.473387,0.074402,0.000000,0.074402
931850,100,3.9938,192.500,0.7688,0.7700,18.478734,0.000000,18.478734,0.074423,0.000000,0.074423
931950,100,3.9950,187.500,0.7491,0.7500,18.483943,0.000000,18.483943,0.074444,0.000000,0.074444
932050,100,3.9962,185.000,0.7393,0.7400,18.489082,0.000000,18.489082,0.074465,0.000000,0.074465
932150,100,3.9962,185.000,0.7393,0.7400,18.494220,0.000000,18.494220,0.074485,0.000000,0.074485
932250,100,3.9962,183.750,0.7343,0.7400,18.499325,0.000000,18.499325,0.074505,0.000000,0.074505
932350,100,3.9950,187.500,0.7491,0.7500,18.504533,0.000000,18.504533,0.074526,0.000000,0.074526
932450,100,3.9950,187.500,0.7491,0.7500,18.509741,0.000000,18.509741,0.074547,0.000000,0.074547
932550,100,3.9950,187.500,0.7491,0.7500,18.514950,0.000000,18.514950,0.074568,0.000000,0.074568
932650,100,3.9962,186.250,0.7443,0.7400,18.520123,0.000000,18.520123,0.074589,0.000000,0.074589
932750,100,3.9962,185.000,0.7393,0.7400,18.525262,0.000000,18.525262,0.074609,0.000000,0.074609
932850,100,3.9962,185.000,0.7393,0.7400,18.530401,0.000000,18.530401,0.074630,0.000000,0.074630
932950,100,3.9962,185.000,0.7393,0.7400,18.535540,0.000000,18.535540,0.074650,0.000000,0.074650
#MARK,933010,100,"seg_089_p15_b223_end",18.535540,0.000000,18.535540,0.074650,0.000000,0.074650
933050,100,3.9987,177.500,0.7098,0.7100,18.540470,0.000000,18.540470,0.074670,0.000000,0.074670
933150,100,3.9738,261.250,1.0381,1.0400,18.547727,0.000000,18.547727,0.074699,0.000000,0.074699
933250,100,3.9675,276.250,1.0960,1.0900,18.555401,0.000000,18.555401,0.074729,0.000000,0.074729
933350,100,3.9675,278.750,1.1059,1.1100,18.563144,0.000000,18.563144,0.074760,0.000000,0.074760
933450,100,3.9675,278.750,1.1059,1.1000,18.570887,0.000000,18.570887,0.074791,0.000000,0.074791
933550,100,3.9675,276.250,1.0960,1.0900,18.578561,0.000000,18.578561,0.074821,0.000000,0.074821
933650,100,3.9675,275.000,1.0911,1.0900,18.586200,0.000000,18.586200,0.074851,0.000000,0.074851
933750,100,3.9688,270.000,1.0716,1.0700,18.593700,0.000000,18.593700,0.074881,0.000000,0.074881
933850,100,3.9725,257.500,1.0229,1.0200,18.600852,0.000000,18.600852,0.074910,0.000000,0.074910
933950,100,3.9762,245.000,0.9742,0.9700,18.607658,0.000000,18.607658,0.074937,0.000000,0.074937
934050,100,3.9800,232.500,0.9254,0.9300,18.614116,0.000000,18.614116,0.074962,0.000000,0.074962
#MARK,934127,100,"seg_090_p15_b255_start",18.614116,0.000000,18.614116,0.074962,0.000000,0.074962
934150,100,3.9825,223.750,0.8911,0.8900,18.620332,0.000000,18.620332,0.074987,0.000000,0.074987
934250,100,3.9850,217.500,0.8667,0.8700,18.626373,0.000000,18.626373,0.075011,0.000000,0.075011
934350,100,3.9875,210.000,0.8374,0.8400,18.632207,0.000000,18.632207,0.075034,0.000000,0.075034
934450,100,3.9887,206.250,0.8227,0.8200,18.637936,0.000000,18.637936,0.075057,0.000000,0.075057
934550,100,3.9887,205.000,0.8177,0.8200,18.643630,0.000000,18.643630,0.075080,0.000000,0.075080
934650,100,3.9875,208.750,0.8324,0.8300,18.649429,0.000000,18.649429,0.075103,0.000000,0.075103
934750,100,3.9875,210.000,0.8374,0.8300,18.655262,0.000000,18.655262,0.075126,0.000000,0.075126
934850,100,3.9875,210.000,0.8374,0.8300,18.661095,0.000000,18.661095,0.075150,0.000000,0.075150
934950,100,3.9875,208.750,0.8324,0.8300,18.666894,0.000000,18.666894,0.075173,0.000000,0.075173
935050,100,3.9875,207.500,0.8274,0.8300,18.672658,0.000000,18.672658,0.075196,0.000000,0.075196
935150,100,3.9887,207.500,0.8277,0.8200,18.678422,0.000000,18.678422,0.075219,0.000000,0.075219
935250,100,3.9887,205.000,0.8177,0.8200,18.684116,0.000000,18.684116,0.075241,0.000000,0.075241
935350,100,3.9887,205.000,0.8177,0.8200,18.689811,0.000000,18.689811,0.075264,0.000000,0.075264
935450,100,3.9887,205.000,0.8177,0.8200,18.695505,0.000000,18.695505,0.075287,0.000000,0.075287
935550,100,3.9887,206.250,0.8227,0.8200,18.701234,0.000000,18.701234,0.075310,0.000000,0.075310
935650,100,3.9875,210.000,0.8374,0.8400,18.707068,0.000000,18.707068,0.075333,0.000000,0.075333
935750,100,3.9862,213.750,0.8521,0.8500,18.713005,0.000000,18.713005,0.075357,0.000000,0.075357
935850,100,3.9850,217.500,0.8667,0.8700,18.719047,0.000000,18.719047,0.075381,0.000000,0.075381
935950,100,3.9838,223.750,0.8914,0.8900,18.725262,0.000000,18.725262,0.075405,0.000000,0.075405
936050,100,3.9800,232.500,0.9254,0.9300,18.731720,0.000000,18.731720,0.075431,0.000000,0.075431
936150,100,3.9775,240.000,0.9546,0.9600,18.738387,0.000000,18.738387,0.075458,0.000000,0.075458
936250,100,3.9750,248.750,0.9888,0.9900,18.745297,0.000000,18.745297,0.075485,0.000000,0.075485
936350,100,3.9725,256.250,1.0180,1.0200,18.752415,0.000000,18.752415,0.075513,0.000000,0.075513
936450,100,3.9713,260.000,1.0325,1.0300,18.759637,0.000000,18.759637,0.075542,0.000000,0.075542
936550,100,3.9688,266.250,1.0567,1.0600,18.767033,0.000000,18.767033,0.075571,0.000000,0.075571
936650,100,3.9675,270.000,1.0712,1.0700,18.774533,0.000000,18.774533,0.075601,0.000000,0.075601
936750,100,3.9662,272.500,1.0808,1.0800,18.782102,0.000000,18.782102,0.075631,0.000000,0.075631
936850,100,3.9662,275.000,1.0907,1.0900,18.789741,0.000000,18.789741,0.075662,0.000000,0.075662
936950,100,3.9650,275.000,1.0904,1.0900,18.797380,0.000000,18.797380,0.075692,0.000000,0.075692
937050,100,3.9650,276.250,1.0953,1.1000,18.805054,0.000000,18.805054,0.075722,0.000000,0.075722
937150,100,3.9650,276.250,1.0953,1.1000,18.812727,0.000000,18.812727,0.075753,0.000000,0.075753
937250,100,3.9650,277.500,1.1003,1.1000,18.820436,0.000000,18.820436,0.075783,0.000000,0.075783
937350,100,3.9650,275.000,1.0904,1.0900,18.828075,0.000000,18.828075,0.075813,0.000000,0.075813
937450,100,3.9675,268.750,1.0663,1.0700,18.835540,0.000000,18.835540,0.075843,0.000000,0.075843
937550,100,3.9688,263.750,1.0468,1.0500,18.842866,0.000000,18.842866,0.075872,0.000000,0.075872
937650,100,3.9688,261.250,1.0368,1.0400,18.850123,0.000000,18.850123,0.075901,0.000000,0.075901
937750,100,3.9700,257.500,1.0223,1.0200,18.857276,0.000000,18.857276,0.075929,0.000000,0.075929
937850,100,3.9725,251.250,0.9981,1.0000,18.864255,0.000000,18.864255,0.075957,0.000000,0.075957
937950,100,3.9762,237.500,0.9444,0.9400,18.870852,0.000000,18.870852,0.075983,0.000000,0.075983
938050,100,3.9800,226.250,0.9005,0.9000,18.877137,0.000000,18.877137,0.076008,0.000000,0.076008
938150,100,3.9838,215.000,0.8565,0.8500,18.883109,0.000000,18.883109,0.076032,0.000000,0.076032
938250,100,3.9862,203.750,0.8122,0.8200,18.888769,0.000000,18.888769,0.076055,0.000000,0.076055
938350,100,3.9887,197.500,0.7878,0.7900,18.894255,0.000000,18.894255,0.076077,0.000000,0.076077
938450,100,3.9900,193.750,0.7731,0.7800,18.899637,0.000000,18.899637,0.076098,0.000000,0.076098
938550,100,3.9900,192.500,0.7681,0.7700,18.904984,0.000000,18.904984,0.076119,0.000000,0.076119
938650,100,3.9900,193.750,0.7731,0.7800,18.910366,0.000000,18.910366,0.076141,0.000000,0.076141
938750,100,3.9887,197.500,0.7878,0.7900,18.915852,0.000000,18.915852,0.076163,0.000000,0.076163
938850,100,3.9875,201.250,0.8025,0.8000,18.921443,0.000000,18.921443,0.076185,0.000000,0.076185
938950,100,3.9875,203.750,0.8125,0.8100,18.927102,0.000000,18.927102,0.076208,0.000000,0.076208
939050,100,3.9875,203.750,0.8125,0.8100,18.932762,0.000000,18.932762,0.076230,0.000000,0.076230
939150,100,3.9875,203.750,0.8125,0.8100,18.938422,0.000000,18.938422,0.076253,0.000000,0.076253
939250,100,3.9875,202.500,0.8075,0.8100,18.944047,0.000000,18.944047,0.076275,0.000000,0.076275
939350,100,3.9875,202.500,0.8075,0.8100,18.949672,0.000000,18.949672,0.076298,0.000000,0.076298
#MARK,939354,100,"seg_090_p15_b255_end",18.949672,0.000000,18.949672,0.076298,0.000000,0.076298
939450,100,4.0200,91.250,0.3668,0.3700,18.952207,0.000000,18.952207,0.076308,0.000000,0.076308
939550,100,4.0225,87.500,0.3520,0.3600,18.954637,0.000000,18.954637,0.076318,0.000000,0.076318
939650,100,4.0225,88.750,0.3570,0.3600,18.957102,0.000000,18.957102,0.076327,0.000000,0.076327
939750,100,4.0225,88.750,0.3570,0.3600,18.959568,0.000000,18.959568,0.076337,0.000000,0.076337
939850,100,4.0237,88.750,0.3571,0.3600,18.962033,0.000000,18.962033,0.076347,0.000000,0.076347
939950,100,4.0237,88.750,0.3571,0.3600,18.964498,0.000000,18.964498,0.076357,0.000000,0.076357
940050,100,4.0237,88.750,0.3571,0.3600,18.966964,0.000000,18.966964,0.076367,0.000000,0.076367
940150,100,4.0237,88.750,0.3571,0.3600,18.969429,0.000000,18.969429,0.076377,0.000000,0.076377
940250,100,4.0237,88.750,0.3571,0.3600,18.971894,0.000000,18.971894,0.076387,0.000000,0.076387
940350,100,4.0237,87.500,0.3521,0.3600,18.974325,0.000000,18.974325,0.076397,0.000000,0.076397
940450,100,4.0237,87.500,0.3521,0.3600,18.976755,0.000000,18.976755,0.076407,0.000000,0.076407
#MARK,940485,100,"seg_091_p16_b095_start",18.976755,0.000000,18.976755,0.076407,0.000000,0.076407
940550,100,4.0237,88.750,0.3571,0.3600,18.979220,0.000000,18.979220,0.076416,0.000000,0.076416
940650,100,4.0237,88.750,0.3571,0.3600,18.981686,0.000000,18.981686,0.076426,0.000000,0.076426
940750,100,4.0237,88.750,0.3571,0.3600,18.984151,0.000000,18.984151,0.076436,0.000000,0.076436
940850,100,4.0237,88.750,0.3571,0.3600,18.986616,0.000000,18.986616,0.076446,0.000000,0.076446
940950,100,4.0250,88.750,0.3572,0.3600,18.989082,0.000000,18.989082,0.076456,0.000000,0.076456
941050,100,4.0250,88.750,0.3572,0.3600,18.991547,0.000000,18.991547,0.076466,0.000000,0.076466
941150,100,4.0250,88.750,0.3572,0.3600,18.994012,0.000000,18.994012,0.076476,0.000000,0.076476
941250,100,4.0250,88.750,0.3572,0.3600,18.996477,0.000000,18.996477,0.076486,0.000000,0.076486
941350,100,4.0250,88.750,0.3572,0.3600,18.998943,0.000000,18.998943,0.076496,0.000000,0.076496
941450,100,4.0250,87.500,0.3522,0.3600,19.001373,0.000000,19.001373,0.076506,0.000000,0.076506
941550,100,4.0250,87.500,0.3522,0.3600,19.003804,0.000000,19.003804,0.076515,0.000000,0.076515
941650,100,4.0250,87.500,0.3522,0.3600,19.006234,0.000000,19.006234,0.076525,0.000000,0.076525
941750,100,4.0250,87.500,0.3522,0.3600,19.008665,0.000000,19.008665,0.076535,0.000000,0.076535
941850,100,4.0250,87.500,0.3522,0.3600,19.011095,0.000000,19.011095,0.076545,0.000000,0.076545
941950,100,4.0250,87.500,0.3522,0.3600,19.013526,0.000000,19.013526,0.076555,0.000000,0.076555
942050,100,4.0250,87.500,0.3522,0.3600,19.015957,0.000000,19.015957,0.076564,0.000000,0.076564
942150,100,4.0250,88.750,0.3572,0.3600,19.018422,0.000000,19.018422,0.076574,0.000000,0.076574
942250,100,4.0262,86.250,0.3473,0.3500,19.020818,0.000000,19.020818,0.076584,0.000000,0.076584
942350,100,4.0262,87.500,0.3523,0.3500,19.023248,0.000000,19.023248,0.076594,0.000000,0.076594
942450,100,4.0262,86.250,0.3473,0.3500,19.025644,0.000000,19.025644,0.076603,0.000000,0.076603
942550,100,4.0262,86.250,0.3473,0.3500,19.028040,0.000000,19.028040,0.076613,0.000000,0.076613
942650,100,4.0262,86.250,0.3473,0.3500,19.030436,0.000000,19.030436,0.076623,0.000000,0.076623
942750,100,4.0262,86.250,0.3473,0.3500,19.032832,0.000000,19.032832,0.076632,0.000000,0.076632
942850,100,4.0262,86.250,0.3473,0.3500,19.035227,0.000000,19.035227,0.076642,0.000000,0.076642
942950,100,4.0262,86.250,0.3473,0.3500,19.037623,0.000000,19.037623,0.076652,0.000000,0.076652
943050,100,4.0262,86.250,0.3473,0.3500,19.040019,0.000000,19.040019,0.076661,0.000000,0.076661
943150,100,4.0262,86.250,0.3473,0.3500,19.042415,0.000000,19.042415,0.076671,0.000000,0.076671
943250,100,4.0262,86.250,0.3473,0.3500,19.044811,0.000000,19.044811,0.076681,0.000000,0.076681
943350,100,4.0262,85.000,0.3422,0.3500,19.047172,0.000000,19.047172,0.076690,0.000000,0.076690
943450,100,4.0262,86.250,0.3473,0.3500,19.049568,0.000000,19.049568,0.076700,0.000000,0.076700
943550,100,4.0275,86.250,0.3474,0.3500,19.051964,0.000000,19.051964,0.076709,0.000000,0.076709
943650,100,4.0262,86.250,0.3473,0.3500,19.054359,0.000000,19.054359,0.076719,0.000000,0.076719
943750,100,4.0275,86.250,0.3474,0.3500,19.056755,0.000000,19.056755,0.076729,0.000000,0.076729
943850,100,4.0275,86.250,0.3474,0.3500,19.059151,0.000000,19.059151,0.076738,0.000000,0.076738
943950,100,4.0275,86.250,0.3474,0.3500,19.061547,0.000000,19.061547,0.076748,0.000000,0.076748
944050,100,4.0275,85.000,0.3423,0.3500,19.063908,0.000000,19.063908,0.076757,0.000000,0.076757
944150,100,4.0275,86.250,0.3474,0.3500,19.066304,0.000000,19.066304,0.076767,0.000000,0.076767
944250,100,4.0275,85.000,0.3423,0.3500,19.068665,0.000000,19.068665,0.076777,0.000000,0.076777
944350,100,4.0275,86.250,0.3474,0.3500,19.071061,0.000000,19.071061,0.076786,0.000000,0.076786
944450,100,4.0275,86.250,0.3474,0.3500,19.073457,0.000000,19.073457,0.076796,0.000000,0.076796
944550,100,4.0262,86.250,0.3473,0.3500,19.075852,0.000000,19.075852,0.076806,0.000000,0.076806
944650,100,4.0275,86.250,0.3474,0.3500,19.078248,0.000000,19.078248,0.076815,0.000000,0.076815
944750,100,4.0275,86.250,0.3474,0.3500,19.080644,0.000000,19.080644,0.076825,0.000000,0.076825
944850,100,4.0275,86.250,0.3474,0.3500,19.083040,0.000000,19.083040,0.076834,0.000000,0.076834
944950,100,4.0275,85.000,0.3423,0.3400,19.085401,0.000000,19.085401,0.076844,0.000000,0.076844
945050,100,4.0275,86.250,0.3474,0.3500,19.087797,0.000000,19.087797,0.076854,0.000000,0.076854
945150,100,4.0262,85.000,0.3422,0.3400,19.090158,0.000000,19.090158,0.076863,0.000000,0.076863
945250,100,4.0275,85.000,0.3423,0.3500,19.092519,0.000000,19.092519,0.076873,0.000000,0.076873
945350,100,4.0275,85.000,0.3423,0.3500,19.094880,0.000000,19.094880,0.076882,0.000000,0.076882
945450,100,4.0275,86.250,0.3474,0.3500,19.097276,0.000000,19.097276,0.076892,0.000000,0.076892
945550,100,4.0275,85.000,0.3423,0.3500,19.099637,0.000000,19.099637,0.076901,0.000000,0.076901
945650,100,4.0275,86.250,0.3474,0.3500,19.102033,0.000000,19.102033,0.076911,0.000000,0.076911
#MARK,945735,100,"seg_091_p16_b095_end",19.102033,0.000000,19.102033,0.076911,0.000000,0.076911
945750,100,4.0275,86.250,0.3474,0.3500,19.104429,0.000000,19.104429,0.076921,0.000000,0.076921
945850,100,4.0237,97.500,0.3923,0.3900,19.107137,0.000000,19.107137,0.076932,0.000000,0.076932
945950,100,4.0250,95.000,0.3824,0.3800,19.109776,0.000000,19.109776,0.076942,0.000000,0.076942
946050,100,4.0250,95.000,0.3824,0.3800,19.112415,0.000000,19.112415,0.076953,0.000000,0.076953
946150,100,4.0250,95.000,0.3824,0.3800,19.115054,0.000000,19.115054,0.076963,0.000000,0.076963
946250,100,4.0250,95.000,0.3824,0.3800,19.117693,0.000000,19.117693,0.076974,0.000000,0.076974
946350,100,4.0250,95.000,0.3824,0.3800,19.120332,0.000000,19.120332,0.076985,0.000000,0.076985
946450,100,4.0250,95.000,0.3824,0.3800,19.122970,0.000000,19.122970,0.076995,0.000000,0.076995
946550,100,4.0250,95.000,0.3824,0.3800,19.125609,0.000000,19.125609,0.077006,0.000000,0.077006
946650,100,4.0250,95.000,0.3824,0.3800,19.128248,0.000000,19.128248,0.077016,0.000000,0.077016
946750,100,4.0250,95.000,0.3824,0.3800,19.130887,0.000000,19.130887,0.077027,0.000000,0.077027
#MARK,946840,100,"seg_092_p16_b127_start",19.130887,0.000000,19.130887,0.077027,0.000000,0.077027
946850,100,4.0237,93.750,0.3772,0.3800,19.133491,0.000000,19.133491,0.077038,0.000000,0.077038
946950,100,4.0250,95.000,0.3824,0.3800,19.136130,0.000000,19.136130,0.077048,0.000000,0.077048
947050,100,4.0250,95.000,0.3824,0.3800,19.138769,0.000000,19.138769,0.077059,0.000000,0.077059
947150,100,4.0250,95.000,0.3824,0.3800,19.141408,0.000000,19.141408,0.077069,0.000000,0.077069
947250,100,4.0250,95.000,0.3824,0.3800,19.144047,0.000000,19.144047,0.077080,0.000000,0.077080
947350,100,4.0250,95.000,0.3824,0.3800,19.146686,0.000000,19.146686,0.077091,0.000000,0.077091
947450,100,4.0250,95.000,0.3824,0.3800,19.149325,0.000000,19.149325,0.077101,0.000000,0.077101
947550,100,4.0250,95.000,0.3824,0.3800,19.151964,0.000000,19.151964,0.077112,0.000000,0.077112
947650,100,4.0250,96.250,0.3874,0.3800,19.154637,0.000000,19.154637,0.077123,0.000000,0.077123
947750,100,4.0250,95.000,0.3824,0.3800,19.157276,0.000000,19.157276,0.077133,0.000000,0.077133
947850,100,4.0250,95.000,0.3824,0.3800,19.159915,0.000000,19.159915,0.077144,0.000000,0.077144
947950,100,4.0250,93.750,0.3773,0.3800,19.162519,0.000000,19.162519,0.077154,0.000000,0.077154
948050,100,4.0250,95.000,0.3824,0.3800,19.165158,0.000000,19.165158,0.077165,0.000000,0.077165
948150,100,4.0250,93.750,0.3773,0.3800,19.167762,0.000000,19.167762,0.077176,0.000000,0.077176
948250,100,4.0250,93.750,0.3773,0.3800,19.170366,0.000000,19.170366,0.077186,0.000000,0.077186
948350,100,4.0250,95.000,0.3824,0.3800,19.173005,0.000000,19.173005,0.077197,0.000000,0.077197
948450,100,4.0250,93.750,0.3773,0.3700,19.175609,0.000000,19.175609,0.077207,0.000000,0.077207
948550,100,4.0250,95.000,0.3824,0.3800,19.178248,0.000000,19.178248,0.077218,0.000000,0.077218
948650,100,4.0250,92.500,0.3723,0.3700,19.180818,0.000000,19.180818,0.077228,0.000000,0.077228
948750,100,4.0250,93.750,0.3773,0.3700,19.183422,0.000000,19.183422,0.077239,0.000000,0.077239
948850,100,4.0262,92.500,0.3724,0.3700,19.185991,0.000000,19.185991,0.077249,0.000000,0.077249
948950,100,4.0262,92.500,0.3724,0.3700,19.188561,0.000000,19.188561,0.077259,0.000000,0.077259
949050,100,4.0250,92.500,0.3723,0.3700,19.191130,0.000000,19.191130,0.077270,0.000000,0.077270
949150,100,4.0250,91.250,0.3673,0.3700,19.193665,0.000000,19.193665,0.077280,0.000000,0.077280
949250,100,4.0262,92.500,0.3724,0.3700,19.196234,0.000000,19.196234,0.077290,0.000000,0.077290
949350,100,4.0262,91.250,0.3674,0.3700,19.198769,0.000000,19.198769,0.077300,0.000000,0.077300
949450,100,4.0262,92.500,0.3724,0.3700,19.201339,0.000000,19.201339,0.077311,0.000000,0.077311
949550,100,4.0262,91.250,0.3674,0.3700,19.203873,0.000000,19.203873,0.077321,0.000000,0.077321
949650,100,4.0262,91.250,0.3674,0.3700,19.206408,0.000000,19.206408,0.077331,0.000000,0.077331
949750,100,4.0262,92.500,0.3724,0.3700,19.208977,0.000000,19.208977,0.077341,0.000000,0.077341
949850,100,4.0262,91.250,0.3674,0.3700,19.211512,0.000000,19.211512,0.077352,0.000000,0.077352
949950,100,4.0262,91.250,0.3674,0.3700,19.214047,0.000000,19.214047,0.077362,0.000000,0.077362
950050,100,4.0262,92.500,0.3724,0.3700,19.216616,0.000000,19.216616,0.077372,0.000000,0.077372
950150,100,4.0262,91.250,0.3674,0.3700,19.219151,0.000000,19.219151,0.077382,0.000000,0.077382
950250,100,4.0262,92.500,0.3724,0.3700,19.221720,0.000000,19.221720,0.077393,0.000000,0.077393
950350,100,4.0262,91.250,0.3674,0.3700,19.224255,0.000000,19.224255,0.077403,0.000000,0.077403
950450,100,4.0262,92.500,0.3724,0.3700,19.226825,0.000000,19.226825,0.077413,0.000000,0.077413
950550,100,4.0262,91.250,0.3674,0.3700,19.229359,0.000000,19.229359,0.077424,0.000000,0.077424
950650,100,4.0262,92.500,0.3724,0.3700,19.231929,0.000000,19.231929,0.077434,0.000000,0.077434
950750,100,4.0262,91.250,0.3674,0.3700,19.234464,0.000000,19.234464,0.077444,0.000000,0.077444
950850,100,4.0262,91.250,0.3674,0.3700,19.236998,0.000000,19.236998,0.077454,0.000000,0.077454
950950,100,4.0262,91.250,0.3674,0.3700,19.239533,0.000000,19.239533,0.077464,0.000000,0.077464
951050,100,4.0262,92.500,0.3724,0.3700,19.242102,0.000000,19.242102,0.077475,0.000000,0.077475
951150,100,4.0262,92.500,0.3724,0.3700,19.244672,0.000000,19.244672,0.077485,0.000000,0.077485
951250,100,4.0262,92.500,0.3724,0.3700,19.247241,0.000000,19.247241,0.077495,0.000000,0.077495
951350,100,4.0262,91.250,0.3674,0.3700,19.249776,0.000000,19.249776,0.077506,0.000000,0.077506
951450,100,4.0262,91.250,0.3674,0.3700,19.252311,0.000000,19.252311,0.077516,0.000000,0.077516
951550,100,4.0262,92.500,0.3724,0.3700,19.254880,0.000000,19.254880,0.077526,0.000000,0.077526
951650,100,4.0262,91.250,0.3674,0.3700,19.257415,0.000000,19.257415,0.077536,0.000000,0.077536
951750,100,4.0262,92.500,0.3724,0.3700,19.259984,0.000000,19.259984,0.077547,0.000000,0.077547
951850,100,4.0262,91.250,0.3674,0.3700,19.262519,0.000000,19.262519,0.077557,0.000000,0.077557
951950,100,4.0262,92.500,0.3724,0.3700,19.265089,0.000000,19.265089,0.077567,0.000000,0.077567
952050,100,4.0262,92.500,0.3724,0.3700,19.267658,0.000000,19.267658,0.077578,0.000000,0.077578
#MARK,952084,100,"seg_092_p16_b127_end",19.267658,0.000000,19.267658,0.077578,0.000000,0.077578
952150,100,4.0237,101.250,0.4074,0.4100,19.270470,0.000000,19.270470,0.077589,0.000000,0.077589
952250,100,4.0237,101.250,0.4074,0.4100,19.273283,0.000000,19.273283,0.077600,0.000000,0.077600
952350,100,4.0237,101.250,0.4074,0.4100,19.276095,0.000000,19.276095,0.077612,0.000000,0.077612
952450,100,4.0237,101.250,0.4074,0.4100,19.278908,0.000000,19.278908,0.077623,0.000000,0.077623
952550,100,4.0237,101.250,0.4074,0.4100,19.281720,0.000000,19.281720,0.077634,0.000000,0.077634
952650,100,4.0237,101.250,0.4074,0.4100,19.284533,0.000000,19.284533,0.077646,0.000000,0.077646
952750,100,4.0237,100.000,0.4024,0.4100,19.287311,0.000000,19.287311,0.077657,0.000000,0.077657
952850,100,4.0237,101.250,0.4074,0.4100,19.290123,0.000000,19.290123,0.077668,0.000000,0.077668
952950,100,4.0237,101.250,0.4074,0.4100,19.292936,0.000000,19.292936,0.077679,0.000000,0.077679
953050,100,4.0237,101.250,0.4074,0.4100,19.295748,0.000000,19.295748,0.077691,0.000000,0.077691
953150,100,4.0225,101.250,0.4073,0.4100,19.298561,0.000000,19.298561,0.077702,0.000000,0.077702
#MARK,953206,100,"seg_093_p16_b159_start",19.298561,0.000000,19.298561,0.077702,0.000000,0.077702
953250,100,4.0237,101.250,0.4074,0.4100,19.301373,0.000000,19.301373,0.077713,0.000000,0.077713
953350,100,4.0237,101.250,0.4074,0.4100,19.304186,0.000000,19.304186,0.077725,0.000000,0.077725
953450,100,4.0237,100.000,0.4024,0.4000,19.306964,0.000000,19.306964,0.077736,0.000000,0.077736
953550,100,4.0237,101.250,0.4074,0.4100,19.309776,0.000000,19.309776,0.077747,0.000000,0.077747
953650,100,4.0237,101.250,0.4074,0.4100,19.312589,0.000000,19.312589,0.077758,0.000000,0.077758
953750,100,4.0237,101.250,0.4074,0.4100,19.315401,0.000000,19.315401,0.077770,0.000000,0.077770
953850,100,4.0237,101.250,0.4074,0.4100,19.318214,0.000000,19.318214,0.077781,0.000000,0.077781
953950,100,4.0237,101.250,0.4074,0.4100,19.321026,0.000000,19.321026,0.077792,0.000000,0.077792
954050,100,4.0237,101.250,0.4074,0.4100,19.323839,0.000000,19.323839,0.077804,0.000000,0.077804
954150,100,4.0237,100.000,0.4024,0.4100,19.326616,0.000000,19.326616,0.077815,0.000000,0.077815
954250,100,4.0237,100.000,0.4024,0.4000,19.329394,0.000000,19.329394,0.077826,0.000000,0.077826
954350,100,4.0237,100.000,0.4024,0.4000,19.332172,0.000000,19.332172,0.077837,0.000000,0.077837
954450,100,4.0237,100.000,0.4024,0.4000,19.334950,0.000000,19.334950,0.077848,0.000000,0.077848
954550,100,4.0237,100.000,0.4024,0.4000,19.337727,0.000000,19.337727,0.077860,0.000000,0.077860
954650,100,4.0237,100.000,0.4024,0.4100,19.340505,0.000000,19.340505,0.077871,0.000000,0.077871
954750,100,4.0237,100.000,0.4024,0.4000,19.343283,0.000000,19.343283,0.077882,0.000000,0.077882
954850,100,4.0237,98.750,0.3973,0.4000,19.346026,0.000000,19.346026,0.077893,0.000000,0.077893
954950,100,4.0250,98.750,0.3975,0.4000,19.348769,0.000000,19.348769,0.077904,0.000000,0.077904
955050,100,4.0237,98.750,0.3973,0.3900,19.351512,0.000000,19.351512,0.077915,0.000000,0.077915
955150,100,4.0237,98.750,0.3973,0.4000,19.354255,0.000000,19.354255,0.077926,0.000000,0.077926
955250,100,4.0250,97.500,0.3924,0.3900,19.356964,0.000000,19.356964,0.077937,0.000000,0.077937
955350,100,4.0237,97.500,0.3923,0.4000,19.359672,0.000000,19.359672,0.077948,0.000000,0.077948
955450,100,4.0250,97.500,0.3924,0.3900,19.362380,0.000000,19.362380,0.077959,0.000000,0.077959
955550,100,4.0250,97.500,0.3924,0.3900,19.365089,0.000000,19.365089,0.077970,0.000000,0.077970
955650,100,4.0250,97.500,0.3924,0.3900,19.367797,0.000000,19.367797,0.077981,0.000000,0.077981
955750,100,4.0250,97.500,0.3924,0.3900,19.370505,0.000000,19.370505,0.077992,0.000000,0.077992
955850,100,4.0250,97.500,0.3924,0.3900,19.373214,0.000000,19.373214,0.078002,0.000000,0.078002
955950,100,4.0250,96.250,0.3874,0.3900,19.375887,0.000000,19.375887,0.078013,0.000000,0.078013
956050,100,4.0250,97.500,0.3924,0.3900,19.378595,0.000000,19.378595,0.078024,0.000000,0.078024
956150,100,4.0250,96.250,0.3874,0.3900,19.381269,0.000000,19.381269,0.078035,0.000000,0.078035
956250,100,4.0250,97.500,0.3924,0.3900,19.383977,0.000000,19.383977,0.078046,0.000000,0.078046
956350,100,4.0250,97.500,0.3924,0.3900,19.386686,0.000000,19.386686,0.078057,0.000000,0.078057
956450,100,4.0250,97.500,0.3924,0.3900,19.389394,0.000000,19.389394,0.078068,0.000000,0.078068
956550,100,4.0250,97.500,0.3924,0.3900,19.392102,0.000000,19.392102,0.078078,0.000000,0.078078
956650,100,4.0250,97.500,0.3924,0.3900,19.394811,0.000000,19.394811,0.078089,0.000000,0.078089
956750,100,4.0250,97.500,0.3924,0.3900,19.397519,0.000000,19.397519,0.078100,0.000000,0.078100
956850,100,4.0250,97.500,0.3924,0.3900,19.400227,0.000000,19.400227,0.078111,0.000000,0.078111
956950,100,4.0250,97.500,0.3924,0.3900,19.402936,0.000000,19.402936,0.078122,0.000000,0.078122
957050,100,4.0250,96.250,0.3874,0.3900,19.405609,0.000000,19.405609,0.078133,0.000000,0.078133
957150,100,4.0250,96.250,0.3874,0.3900,19.408283,0.000000,19.408283,0.078144,0.000000,0.078144
957250,100,4.0250,96.250,0.3874,0.3900,19.410957,0.000000,19.410957,0.078154,0.000000,0.078154
957350,100,4.0250,97.500,0.3924,0.3900,19.413665,0.000000,19.413665,0.078165,0.000000,0.078165
957450,100,4.0250,97.500,0.3924,0.3900,19.416373,0.000000,19.416373,0.078176,0.000000,0.078176
957550,100,4.0250,97.500,0.3924,0.3900,19.419082,0.000000,19.419082,0.078187,0.000000,0.078187
957650,100,4.0250,97.500,0.3924,0.3900,19.421790,0.000000,19.421790,0.078198,0.000000,0.078198
957750,100,4.0250,97.500,0.3924,0.3900,19.424498,0.000000,19.424498,0.078209,0.000000,0.078209
957850,100,4.0250,96.250,0.3874,0.3900,19.427172,0.000000,19.427172,0.078220,0.000000,0.078220
957950,100,4.0250,97.500,0.3924,0.3900,19.429880,0.000000,19.429880,0.078231,0.000000,0.078231
958050,100,4.0250,97.500,0.3924,0.3900,19.432589,0.000000,19.432589,0.078241,0.000000,0.078241
958150,100,4.0250,97.500,0.3924,0.3900,19.435297,0.000000,19.435297,0.078252,0.000000,0.078252
958250,100,4.0250,97.500,0.3924,0.3900,19.438005,0.000000,19.438005,0.078263,0.000000,0.078263
958350,100,4.0250,97.500,0.3924,0.3900,19.440714,0.000000,19.440714,0.078274,0.000000,0.078274
#MARK,958447,100,"seg_093_p16_b159_end",19.440714,0.000000,19.440714,0.078274,0.000000,0.078274
958450,100,4.0250,97.500,0.3924,0.3900,19.443422,0.000000,19.443422,0.078285,0.000000,0.078285
958550,100,4.0212,107.500,0.4323,0.4400,19.446408,0.000000,19.446408,0.078297,0.000000,0.078297
958650,100,4.0225,106.250,0.4274,0.4300,19.449359,0.000000,19.449359,0.078309,0.000000,0.078309
958750,100,4.0225,106.250,0.4274,0.4300,19.452311,0.000000,19.452311,0.078321,0.000000,0.078321
958850,100,4.0225,106.250,0.4274,0.4300,19.455262,0.000000,19.455262,0.078333,0.000000,0.078333
958950,100,4.0225,106.250,0.4274,0.4300,19.458214,0.000000,19.458214,0.078345,0.000000,0.078345
959050,100,4.0212,106.250,0.4273,0.4300,19.461165,0.000000,19.461165,0.078356,0.000000,0.078356
959150,100,4.0225,107.500,0.4324,0.4300,19.464151,0.000000,19.464151,0.078368,0.000000,0.078368
959250,100,4.0225,106.250,0.4274,0.4300,19.467102,0.000000,19.467102,0.078380,0.000000,0.078380
959350,100,4.0225,106.250,0.4274,0.4300,19.470054,0.000000,19.470054,0.078392,0.000000,0.078392
959450,100,4.0212,106.250,0.4273,0.4300,19.473005,0.000000,19.473005,0.078404,0.000000,0.078404
959550,100,4.0212,106.250,0.4273,0.4300,19.475957,0.000000,19.475957,0.078416,0.000000,0.078416
#MARK,959564,100,"seg_094_p16_b191_start",19.475957,0.000000,19.475957,0.078416,0.000000,0.078416
959650,100,4.0212,106.250,0.4273,0.4300,19.478908,0.000000,19.478908,0.078428,0.000000,0.078428
959750,100,4.0212,107.500,0.4323,0.4300,19.481894,0.000000,19.481894,0.078440,0.000000,0.078440
959850,100,4.0212,106.250,0.4273,0.4300,19.484845,0.000000,19.484845,0.078452,0.000000,0.078452
959950,100,4.0212,106.250,0.4273,0.4300,19.487797,0.000000,19.487797,0.078464,0.000000,0.078464
960050,100,4.0212,106.250,0.4273,0.4300,19.490748,0.000000,19.490748,0.078475,0.000000,0.078475
960150,100,4.0212,107.500,0.4323,0.4300,19.493734,0.000000,19.493734,0.078487,0.000000,0.078487
960250,100,4.0225,106.250,0.4274,0.4300,19.496686,0.000000,19.496686,0.078499,0.000000,0.078499
960350,100,4.0212,107.500,0.4323,0.4300,19.499672,0.000000,19.499672,0.078511,0.000000,0.078511
960450,100,4.0212,106.250,0.4273,0.4300,19.502623,0.000000,19.502623,0.078523,0.000000,0.078523
960550,100,4.0212,106.250,0.4273,0.4300,19.505575,0.000000,19.505575,0.078535,0.000000,0.078535
960650,100,4.0212,106.250,0.4273,0.4300,19.508526,0.000000,19.508526,0.078547,0.000000,0.078547
960750,100,4.0225,105.000,0.4224,0.4200,19.511443,0.000000,19.511443,0.078559,0.000000,0.078559
960850,100,4.0225,106.250,0.4274,0.4300,19.514394,0.000000,19.514394,0.078570,0.000000,0.078570
960950,100,4.0212,105.000,0.4222,0.4200,19.517311,0.000000,19.517311,0.078582,0.000000,0.078582
961050,100,4.0212,106.250,0.4273,0.4200,19.520262,0.000000,19.520262,0.078594,0.000000,0.078594
961150,100,4.0225,105.000,0.4224,0.4300,19.523179,0.000000,19.523179,0.078606,0.000000,0.078606
961250,100,4.0225,103.750,0.4173,0.4200,19.526061,0.000000,19.526061,0.078617,0.000000,0.078617
961350,100,4.0225,103.750,0.4173,0.4200,19.528943,0.000000,19.528943,0.078629,0.000000,0.078629
961450,100,4.0225,103.750,0.4173,0.4200,19.531825,0.000000,19.531825,0.078641,0.000000,0.078641
961550,100,4.0225,103.750,0.4173,0.4200,19.534707,0.000000,19.534707,0.078652,0.000000,0.078652
961650,100,4.0225,103.750,0.4173,0.4200,19.537589,0.000000,19.537589,0.078664,0.000000,0.078664
961750,100,4.0225,103.750,0.4173,0.4200,19.540470,0.000000,19.540470,0.078675,0.000000,0.078675
961850,100,4.0225,103.750,0.4173,0.4200,19.543352,0.000000,19.543352,0.078687,0.000000,0.078687
961950,100,4.0225,103.750,0.4173,0.4100,19.546234,0.000000,19.546234,0.078699,0.000000,0.078699
962050,100,4.0225,102.500,0.4123,0.4200,19.549082,0.000000,19.549082,0.078710,0.000000,0.078710
962150,100,4.0225,102.500,0.4123,0.4100,19.551929,0.000000,19.551929,0.078721,0.000000,0.078721
962250,100,4.0225,102.500,0.4123,0.4100,19.554776,0.000000,19.554776,0.078733,0.000000,0.078733
962350,100,4.0237,102.500,0.4124,0.4100,19.557623,0.000000,19.557623,0.078744,0.000000,0.078744
962450,100,4.0225,102.500,0.4123,0.4100,19.560470,0.000000,19.560470,0.078756,0.000000,0.078756
962550,100,4.0225,102.500,0.4123,0.4100,19.563318,0.000000,19.563318,0.078767,0.000000,0.078767
962650,100,4.0225,102.500,0.4123,0.4100,19.566165,0.000000,19.566165,0.078779,0.000000,0.078779
962750,100,4.0237,103.750,0.4175,0.4100,19.569047,0.000000,19.569047,0.078790,0.000000,0.078790
962850,100,4.0237,102.500,0.4124,0.4100,19.571894,0.000000,19.571894,0.078802,0.000000,0.078802
962950,100,4.0237,102.500,0.4124,0.4100,19.574741,0.000000,19.574741,0.078813,0.000000,0.078813
963050,100,4.0225,102.500,0.4123,0.4200,19.577589,0.000000,19.577589,0.078825,0.000000,0.078825
963150,100,4.0237,102.500,0.4124,0.4100,19.580436,0.000000,19.580436,0.078836,0.000000,0.078836
963250,100,4.0237,102.500,0.4124,0.4100,19.583283,0.000000,19.583283,0.078848,0.000000,0.078848
963350,100,4.0225,102.500,0.4123,0.4100,19.586130,0.000000,19.586130,0.078859,0.000000,0.078859
963450,100,4.0225,102.500,0.4123,0.4100,19.588977,0.000000,19.588977,0.078870,0.000000,0.078870
963550,100,4.0225,102.500,0.4123,0.4100,19.591825,0.000000,19.591825,0.078882,0.000000,0.078882
963650,100,4.0225,102.500,0.4123,0.4100,19.594672,0.000000,19.594672,0.078893,0.000000,0.078893
963750,100,4.0225,102.500,0.4123,0.4100,19.597519,0.000000,19.597519,0.078905,0.000000,0.078905
963850,100,4.0225,102.500,0.4123,0.4100,19.600366,0.000000,19.600366,0.078916,0.000000,0.078916
963950,100,4.0237,102.500,0.4124,0.4100,19.603214,0.000000,19.603214,0.078928,0.000000,0.078928
964050,100,4.0237,102.500,0.4124,0.4100,19.606061,0.000000,19.606061,0.078939,0.000000,0.078939
964150,100,4.0225,103.750,0.4173,0.4200,19.608943,0.000000,19.608943,0.078951,0.000000,0.078951
964250,100,4.0225,103.750,0.4173,0.4200,19.611825,0.000000,19.611825,0.078962,0.000000,0.078962
964350,100,4.0225,103.750,0.4173,0.4200,19.614707,0.000000,19.614707,0.078974,0.000000,0.078974
964450,100,4.0225,103.750,0.4173,0.4100,19.617589,0.000000,19.617589,0.078986,0.000000,0.078986
964550,100,4.0225,103.750,0.4173,0.4200,19.620470,0.000000,19.620470,0.078997,0.000000,0.078997
964650,100,4.0225,103.750,0.4173,0.4100,19.623352,0.000000,19.623352,0.079009,0.000000,0.079009
964750,100,4.0225,103.750,0.4173,0.4200,19.626234,0.000000,19.626234,0.079020,0.000000,0.079020
#MARK,964813,100,"seg_094_p16_b191_end",19.626234,0.000000,19.626234,0.079020,0.000000,0.079020
964850,100,4.0225,103.750,0.4173,0.4200,19.629116,0.000000,19.629116,0.079032,0.000000,0.079032
964950,100,4.0200,113.750,0.4573,0.4600,19.632276,0.000000,19.632276,0.079045,0.000000,0.079045
965050,100,4.0200,112.500,0.4522,0.4500,19.635401,0.000000,19.635401,0.079057,0.000000,0.079057
965150,100,4.0200,112.500,0.4522,0.4600,19.638526,0.000000,19.638526,0.079070,0.000000,0.079070
965250,100,4.0200,112.500,0.4522,0.4500,19.641651,0.000000,19.641651,0.079082,0.000000,0.079082
965350,100,4.0200,112.500,0.4522,0.4600,19.644776,0.000000,19.644776,0.079095,0.000000,0.079095
965450,100,4.0200,112.500,0.4522,0.4500,19.647901,0.000000,19.647901,0.079107,0.000000,0.079107
965550,100,4.0200,113.750,0.4573,0.4600,19.651061,0.000000,19.651061,0.079120,0.000000,0.079120
965650,100,4.0200,113.750,0.4573,0.4600,19.654220,0.000000,19.654220,0.079133,0.000000,0.079133
965750,100,4.0200,112.500,0.4522,0.4500,19.657345,0.000000,19.657345,0.079145,0.000000,0.079145
965850,100,4.0200,113.750,0.4573,0.4600,19.660505,0.000000,19.660505,0.079158,0.000000,0.079158
965950,100,4.0200,112.500,0.4522,0.4500,19.663630,0.000000,19.663630,0.079171,0.000000,0.079171
#MARK,965953,100,"seg_095_p16_b223_start",19.663630,0.000000,19.663630,0.079171,0.000000,0.079171
966050,100,4.0200,112.500,0.4522,0.4500,19.666755,0.000000,19.666755,0.079183,0.000000,0.079183
966150,100,4.0200,113.750,0.4573,0.4600,19.669915,0.000000,19.669915,0.079196,0.000000,0.079196
966250,100,4.0200,112.500,0.4522,0.4600,19.673040,0.000000,19.673040,0.079209,0.000000,0.079209
966350,100,4.0200,112.500,0.4522,0.4500,19.676165,0.000000,19.676165,0.079221,0.000000,0.079221
966450,100,4.0200,113.750,0.4573,0.4600,19.679325,0.000000,19.679325,0.079234,0.000000,0.079234
966550,100,4.0200,112.500,0.4522,0.4500,19.682450,0.000000,19.682450,0.079246,0.000000,0.079246
966650,100,4.0188,113.750,0.4571,0.4600,19.685609,0.000000,19.685609,0.079259,0.000000,0.079259
966750,100,4.0200,112.500,0.4522,0.4500,19.688734,0.000000,19.688734,0.079272,0.000000,0.079272
966850,100,4.0200,112.500,0.4522,0.4600,19.691859,0.000000,19.691859,0.079284,0.000000,0.079284
966950,100,4.0200,112.500,0.4522,0.4600,19.694984,0.000000,19.694984,0.079297,0.000000,0.079297
967050,100,4.0200,112.500,0.4522,0.4500,19.698109,0.000000,19.698109,0.079309,0.000000,0.079309
967150,100,4.0200,112.500,0.4522,0.4500,19.701234,0.000000,19.701234,0.079322,0.000000,0.079322
967250,100,4.0200,111.250,0.4472,0.4500,19.704325,0.000000,19.704325,0.079334,0.000000,0.079334
967350,100,4.0200,111.250,0.4472,0.4500,19.707415,0.000000,19.707415,0.079347,0.000000,0.079347
967450,100,4.0200,111.250,0.4472,0.4500,19.710505,0.000000,19.710505,0.079359,0.000000,0.079359
967550,100,4.0200,110.000,0.4422,0.4500,19.713561,0.000000,19.713561,0.079371,0.000000,0.079371
967650,100,4.0200,110.000,0.4422,0.4500,19.716616,0.000000,19.716616,0.079384,0.000000,0.079384
967750,100,4.0212,110.000,0.4423,0.4500,19.719672,0.000000,19.719672,0.079396,0.000000,0.079396
967850,100,4.0212,110.000,0.4423,0.4500,19.722727,0.000000,19.722727,0.079408,0.000000,0.079408
967950,100,4.0212,110.000,0.4423,0.4400,19.725783,0.000000,19.725783,0.079421,0.000000,0.079421
968050,100,4.0212,110.000,0.4423,0.4500,19.728839,0.000000,19.728839,0.079433,0.000000,0.079433
968150,100,4.0212,110.000,0.4423,0.4500,19.731894,0.000000,19.731894,0.079445,0.000000,0.079445
968250,100,4.0212,108.750,0.4373,0.4400,19.734915,0.000000,19.734915,0.079457,0.000000,0.079457
968350,100,4.0212,108.750,0.4373,0.4400,19.737936,0.000000,19.737936,0.079469,0.000000,0.079469
968450,100,4.0212,108.750,0.4373,0.4400,19.740957,0.000000,19.740957,0.079482,0.000000,0.079482
968550,100,4.0212,108.750,0.4373,0.4400,19.743977,0.000000,19.743977,0.079494,0.000000,0.079494
968650,100,4.0212,108.750,0.4373,0.4400,19.746998,0.000000,19.746998,0.079506,0.000000,0.079506
968750,100,4.0212,108.750,0.4373,0.4400,19.750019,0.000000,19.750019,0.079518,0.000000,0.079518
968850,100,4.0212,108.750,0.4373,0.4400,19.753040,0.000000,19.753040,0.079530,0.000000,0.079530
968950,100,4.0212,108.750,0.4373,0.4400,19.756061,0.000000,19.756061,0.079542,0.000000,0.079542
969050,100,4.0212,108.750,0.4373,0.4400,19.759082,0.000000,19.759082,0.079554,0.000000,0.079554
969150,100,4.0212,108.750,0.4373,0.4400,19.762102,0.000000,19.762102,0.079567,0.000000,0.079567
969250,100,4.0212,108.750,0.4373,0.4400,19.765123,0.000000,19.765123,0.079579,0.000000,0.079579
969350,100,4.0212,108.750,0.4373,0.4400,19.768144,0.000000,19.768144,0.079591,0.000000,0.079591
969450,100,4.0212,108.750,0.4373,0.4400,19.771165,0.000000,19.771165,0.079603,0.000000,0.079603
969550,100,4.0212,108.750,0.4373,0.4400,19.774186,0.000000,19.774186,0.079615,0.000000,0.079615
969650,100,4.0212,108.750,0.4373,0.4400,19.777207,0.000000,19.777207,0.079627,0.000000,0.079627
969750,100,4.0200,107.500,0.4322,0.4300,19.780193,0.000000,19.780193,0.079639,0.000000,0.079639
969850,100,4.0212,108.750,0.4373,0.4400,19.783214,0.000000,19.783214,0.079652,0.000000,0.079652
969950,100,4.0212,108.750,0.4373,0.4400,19.786234,0.000000,19.786234,0.079664,0.000000,0.079664
970050,100,4.0212,107.500,0.4323,0.4300,19.789220,0.000000,19.789220,0.079676,0.000000,0.079676
970150,100,4.0212,107.500,0.4323,0.4300,19.792207,0.000000,19.792207,0.079688,0.000000,0.079688
970250,100,4.0212,108.750,0.4373,0.4400,19.795227,0.000000,19.795227,0.079700,0.000000,0.079700
970350,100,4.0212,108.750,0.4373,0.4400,19.798248,0.000000,19.798248,0.079712,0.000000,0.079712
970450,100,4.0212,108.750,0.4373,0.4400,19.801269,0.000000,19.801269,0.079724,0.000000,0.079724
970550,100,4.0212,108.750,0.4373,0.4400,19.804290,0.000000,19.804290,0.079736,0.000000,0.079736
970650,100,4.0212,108.750,0.4373,0.4400,19.807311,0.000000,19.807311,0.079748,0.000000,0.079748
970750,100,4.0212,108.750,0.4373,0.4400,19.810332,0.000000,19.810332,0.079761,0.000000,0.079761
970850,100,4.0212,108.750,0.4373,0.4400,19.813352,0.000000,19.813352,0.079773,0.000000,0.079773
970950,100,4.0212,110.000,0.4423,0.4400,19.816408,0.000000,19.816408,0.079785,0.000000,0.079785
971050,100,4.0212,108.750,0.4373,0.4400,19.819429,0.000000,19.819429,0.079797,0.000000,0.079797
971150,100,4.0212,108.750,0.4373,0.4400,19.822450,0.000000,19.822450,0.079809,0.000000,0.079809
#MARK,971201,100,"seg_095_p16_b223_end",19.822450,0.000000,19.822450,0.079809,0.000000,0.079809
971250,100,4.0212,108.750,0.4373,0.4400,19.825470,0.000000,19.825470,0.079821,0.000000,0.079821
971350,100,4.0175,120.000,0.4821,0.4800,19.828804,0.000000,19.828804,0.079835,0.000000,0.079835
971450,100,4.0175,118.750,0.4771,0.4800,19.832102,0.000000,19.832102,0.079848,0.000000,0.079848
971550,100,4.0175,118.750,0.4771,0.4700,19.835401,0.000000,19.835401,0.079861,0.000000,0.079861
971650,100,4.0175,118.750,0.4771,0.4800,19.838700,0.000000,19.838700,0.079875,0.000000,0.079875
971750,100,4.0175,118.750,0.4771,0.4800,19.841998,0.000000,19.841998,0.079888,0.000000,0.079888
971850,100,4.0175,120.000,0.4821,0.4800,19.845332,0.000000,19.845332,0.079901,0.000000,0.079901
971950,100,4.0175,120.000,0.4821,0.4800,19.848665,0.000000,19.848665,0.079915,0.000000,0.079915
972050,100,4.0175,120.000,0.4821,0.4800,19.851998,0.000000,19.851998,0.079928,0.000000,0.079928
972150,100,4.0175,120.000,0.4821,0.4800,19.855332,0.000000,19.855332,0.079941,0.000000,0.079941
972250,100,4.0175,120.000,0.4821,0.4800,19.858665,0.000000,19.858665,0.079955,0.000000,0.079955
#MARK,972343,100,"seg_096_p16_b255_start",19.858665,0.000000,19.858665,0.079955,0.000000,0.079955
972350,100,4.0175,120.000,0.4821,0.4800,19.861998,0.000000,19.861998,0.079968,0.000000,0.079968
972450,100,4.0175,120.000,0.4821,0.4800,19.865332,0.000000,19.865332,0.079982,0.000000,0.079982
972550,100,4.0175,120.000,0.4821,0.4800,19.868665,0.000000,19.868665,0.079995,0.000000,0.079995
972650,100,4.0175,120.000,0.4821,0.4800,19.871998,0.000000,19.871998,0.080008,0.000000,0.080008
972750,100,4.0175,118.750,0.4771,0.4800,19.875297,0.000000,19.875297,0.080022,0.000000,0.080022
972850,100,4.0175,120.000,0.4821,0.4800,19.878630,0.000000,19.878630,0.080035,0.000000,0.080035
972950,100,4.0175,120.000,0.4821,0.4800,19.881964,0.000000,19.881964,0.080048,0.000000,0.080048
973050,100,4.0175,120.000,0.4821,0.4800,19.885297,0.000000,19.885297,0.080062,0.000000,0.080062
973150,100,4.0175,120.000,0.4821,0.4800,19.888630,0.000000,19.888630,0.080075,0.000000,0.080075
973250,100,4.0175,118.750,0.4771,0.4800,19.891929,0.000000,19.891929,0.080088,0.000000,0.080088
973350,100,4.0175,118.750,0.4771,0.4800,19.895227,0.000000,19.895227,0.080102,0.000000,0.080102
973450,100,4.0175,118.750,0.4771,0.4800,19.898526,0.000000,19.898526,0.080115,0.000000,0.080115
973550,100,4.0175,118.750,0.4771,0.4700,19.901825,0.000000,19.901825,0.080128,0.000000,0.080128
973650,100,4.0175,118.750,0.4771,0.4800,19.905123,0.000000,19.905123,0.080141,0.000000,0.080141
973750,100,4.0175,117.500,0.4721,0.4700,19.908387,0.000000,19.908387,0.080155,0.000000,0.080155
973850,100,4.0175,118.750,0.4771,0.4700,19.911686,0.000000,19.911686,0.080168,0.000000,0.080168
973950,100,4.0175,118.750,0.4771,0.4700,19.914984,0.000000,19.914984,0.080181,0.000000,0.080181
974050,100,4.0175,118.750,0.4771,0.4700,19.918283,0.000000,19.918283,0.080194,0.000000,0.080194
974150,100,4.0175,116.250,0.4670,0.4700,19.921512,0.000000,19.921512,0.080207,0.000000,0.080207
974250,100,4.0175,116.250,0.4670,0.4700,19.924741,0.000000,19.924741,0.080220,0.000000,0.080220
974350,100,4.0175,116.250,0.4670,0.4600,19.927970,0.000000,19.927970,0.080233,0.000000,0.080233
974450,100,4.0188,116.250,0.4672,0.4700,19.931200,0.000000,19.931200,0.080246,0.000000,0.080246
974550,100,4.0175,116.250,0.4670,0.4600,19.934429,0.000000,19.934429,0.080259,0.000000,0.080259
974650,100,4.0175,116.250,0.4670,0.4700,19.937658,0.000000,19.937658,0.080272,0.000000,0.080272
974750,100,4.0188,116.250,0.4672,0.4600,19.940887,0.000000,19.940887,0.080285,0.000000,0.080285
974850,100,4.0188,115.000,0.4622,0.4600,19.944082,0.000000,19.944082,0.080298,0.000000,0.080298
974950,100,4.0188,115.000,0.4622,0.4600,19.947276,0.000000,19.947276,0.080311,0.000000,0.080311
975050,100,4.0188,115.000,0.4622,0.4600,19.950470,0.000000,19.950470,0.080324,0.000000,0.080324
975150,100,4.0188,115.000,0.4622,0.4600,19.953665,0.000000,19.953665,0.080336,0.000000,0.080336
975250,100,4.0188,115.000,0.4622,0.4600,19.956859,0.000000,19.956859,0.080349,0.000000,0.080349
975350,100,4.0188,115.000,0.4622,0.4600,19.960054,0.000000,19.960054,0.080362,0.000000,0.080362
975450,100,4.0188,115.000,0.4622,0.4600,19.963248,0.000000,19.963248,0.080375,0.000000,0.080375
975550,100,4.0188,115.000,0.4622,0.4600,19.966443,0.000000,19.966443,0.080388,0.000000,0.080388
975650,100,4.0188,115.000,0.4622,0.4600,19.969637,0.000000,19.969637,0.080401,0.000000,0.080401
975750,100,4.0188,116.250,0.4672,0.4600,19.972866,0.000000,19.972866,0.080414,0.000000,0.080414
975850,100,4.0188,115.000,0.4622,0.4600,19.976061,0.000000,19.976061,0.080426,0.000000,0.080426
975950,100,4.0188,115.000,0.4622,0.4600,19.979255,0.000000,19.979255,0.080439,0.000000,0.080439
976050,100,4.0175,115.000,0.4620,0.4600,19.982450,0.000000,19.982450,0.080452,0.000000,0.080452
976150,100,4.0188,115.000,0.4622,0.4600,19.985644,0.000000,19.985644,0.080465,0.000000,0.080465
976250,100,4.0188,115.000,0.4622,0.4600,19.988839,0.000000,19.988839,0.080478,0.000000,0.080478
976350,100,4.0188,115.000,0.4622,0.4600,19.992033,0.000000,19.992033,0.080491,0.000000,0.080491
976450,100,4.0188,115.000,0.4622,0.4600,19.995227,0.000000,19.995227,0.080504,0.000000,0.080504
976550,100,4.0188,115.000,0.4622,0.4600,19.998422,0.000000,19.998422,0.080516,0.000000,0.080516
976650,100,4.0188,115.000,0.4622,0.4600,20.001616,0.000000,20.001616,0.080529,0.000000,0.080529
976750,100,4.0188,115.000,0.4622,0.4600,20.004811,0.000000,20.004811,0.080542,0.000000,0.080542
976850,100,4.0188,115.000,0.4622,0.4600,20.008005,0.000000,20.008005,0.080555,0.000000,0.080555
976950,100,4.0188,115.000,0.4622,0.4600,20.011200,0.000000,20.011200,0.080568,0.000000,0.080568
977050,100,4.0175,115.000,0.4620,0.4600,20.014394,0.000000,20.014394,0.080581,0.000000,0.080581
977150,100,4.0188,115.000,0.4622,0.4600,20.017589,0.000000,20.017589,0.080593,0.000000,0.080593
977250,100,4.0188,116.250,0.4672,0.4700,20.020818,0.000000,20.020818,0.080606,0.000000,0.080606
977350,100,4.0188,115.000,0.4622,0.4600,20.024012,0.000000,20.024012,0.080619,0.000000,0.080619
977450,100,4.0175,116.250,0.4670,0.4600,20.027241,0.000000,20.027241,0.080632,0.000000,0.080632
977550,100,4.0175,115.000,0.4620,0.4600,20.030436,0.000000,20.030436,0.080645,0.000000,0.080645
#MARK,977592,100,"seg_096_p16_b255_end",20.030436,0.000000,20.030436,0.080645,0.000000,0.080645
977650,100,4.0175,116.250,0.4670,0.4700,20.033665,0.000000,20.033665,0.080658,0.000000,0.080658
977750,100,4.0313,73.750,0.2973,0.3000,20.035714,0.000000,20.035714,0.080666,0.000000,0.080666
977850,100,4.0300,78.750,0.3174,0.3200,20.037901,0.000000,20.037901,0.080675,0.000000,0.080675
977950,100,4.0287,80.000,0.3223,0.3200,20.040123,0.000000,20.040123,0.080684,0.000000,0.080684
978050,100,4.0313,76.250,0.3074,0.3100,20.042241,0.000000,20.042241,0.080693,0.000000,0.080693
978150,100,4.0300,76.250,0.3073,0.3100,20.044359,0.000000,20.044359,0.080701,0.000000,0.080701
978250,100,4.0313,73.750,0.2973,0.3000,20.046408,0.000000,20.046408,0.080709,0.000000,0.080709
978350,100,4.0313,76.250,0.3074,0.3100,20.048526,0.000000,20.048526,0.080718,0.000000,0.080718
978450,100,4.0313,75.000,0.3023,0.3100,20.050609,0.000000,20.050609,0.080726,0.000000,0.080726
978550,100,4.0313,77.500,0.3124,0.3100,20.052762,0.000000,20.052762,0.080735,0.000000,0.080735
978650,100,4.0300,81.250,0.3274,0.3200,20.055019,0.000000,20.055019,0.080744,0.000000,0.080744
#MARK,978734,100,"seg_097_p17_b095_start",20.055019,0.000000,20.055019,0.080744,0.000000,0.080744
978750,100,4.0313,76.250,0.3074,0.3100,20.057137,0.000000,20.057137,0.080753,0.000000,0.080753
978850,100,4.0300,76.250,0.3073,0.3100,20.059255,0.000000,20.059255,0.080761,0.000000,0.080761
978950,100,4.0313,76.250,0.3074,0.3100,20.061373,0.000000,20.061373,0.080770,0.000000,0.080770
979050,100,4.0300,78.750,0.3174,0.3200,20.063561,0.000000,20.063561,0.080778,0.000000,0.080778
979150,100,4.0300,80.000,0.3224,0.3200,20.065783,0.000000,20.065783,0.080787,0.000000,0.080787
979250,100,4.0300,77.500,0.3123,0.3200,20.067936,0.000000,20.067936,0.080796,0.000000,0.080796
979350,100,4.0300,78.750,0.3174,0.3200,20.070123,0.000000,20.070123,0.080805,0.000000,0.080805
979450,100,4.0300,81.250,0.3274,0.3300,20.072380,0.000000,20.072380,0.080814,0.000000,0.080814
979550,100,4.0300,78.750,0.3174,0.3200,20.074568,0.000000,20.074568,0.080823,0.000000,0.080823
979650,100,4.0300,77.500,0.3123,0.3200,20.076720,0.000000,20.076720,0.080831,0.000000,0.080831
979750,100,4.0313,77.500,0.3124,0.3200,20.078873,0.000000,20.078873,0.080840,0.000000,0.080840
979850,100,4.0300,80.000,0.3224,0.3200,20.081095,0.000000,20.081095,0.080849,0.000000,0.080849
979950,100,4.0300,81.250,0.3274,0.3200,20.083352,0.000000,20.083352,0.080858,0.000000,0.080858
980050,100,4.0300,81.250,0.3274,0.3300,20.085609,0.000000,20.085609,0.080867,0.000000,0.080867
980150,100,4.0313,77.500,0.3124,0.3100,20.087762,0.000000,20.087762,0.080876,0.000000,0.080876
980250,100,4.0313,77.500,0.3124,0.3100,20.089915,0.000000,20.089915,0.080885,0.000000,0.080885
980350,100,4.0313,78.750,0.3175,0.3200,20.092102,0.000000,20.092102,0.080893,0.000000,0.080893
980450,100,4.0313,78.750,0.3175,0.3200,20.094290,0.000000,20.094290,0.080902,0.000000,0.080902
980550,100,4.0313,78.750,0.3175,0.3200,20.096477,0.000000,20.096477,0.080911,0.000000,0.080911
980650,100,4.0313,76.250,0.3074,0.3100,20.098595,0.000000,20.098595,0.080920,0.000000,0.080920
980750,100,4.0313,76.250,0.3074,0.3100,20.100714,0.000000,20.100714,0.080928,0.000000,0.080928
980850,100,4.0313,76.250,0.3074,0.3100,20.102832,0.000000,20.102832,0.080937,0.000000,0.080937
980950,100,4.0313,76.250,0.3074,0.3100,20.104950,0.000000,20.104950,0.080945,0.000000,0.080945
981050,100,4.0313,78.750,0.3175,0.3200,20.107137,0.000000,20.107137,0.080954,0.000000,0.080954
981150,100,4.0300,80.000,0.3224,0.3200,20.109359,0.000000,20.109359,0.080963,0.000000,0.080963
981250,100,4.0313,77.500,0.3124,0.3100,20.111512,0.000000,20.111512,0.080972,0.000000,0.080972
981350,100,4.0313,77.500,0.3124,0.3100,20.113665,0.000000,20.113665,0.080980,0.000000,0.080980
981450,100,4.0300,80.000,0.3224,0.3200,20.115887,0.000000,20.115887,0.080989,0.000000,0.080989
981550,100,4.0325,76.250,0.3075,0.3100,20.118005,0.000000,20.118005,0.080998,0.000000,0.080998
981650,100,4.0313,80.000,0.3225,0.3200,20.120227,0.000000,20.120227,0.081007,0.000000,0.081007
981750,100,4.0313,77.500,0.3124,0.3100,20.122380,0.000000,20.122380,0.081016,0.000000,0.081016
981850,100,4.0313,76.250,0.3074,0.3100,20.124498,0.000000,20.124498,0.081024,0.000000,0.081024
981950,100,4.0313,77.500,0.3124,0.3200,20.126651,0.000000,20.126651,0.081033,0.000000,0.081033
982050,100,4.0313,78.750,0.3175,0.3200,20.128839,0.000000,20.128839,0.081042,0.000000,0.081042
982150,100,4.0313,81.250,0.3275,0.3300,20.131095,0.000000,20.131095,0.081051,0.000000,0.081051
982250,100,4.0300,81.250,0.3274,0.3200,20.133352,0.000000,20.133352,0.081060,0.000000,0.081060
982350,100,4.0300,80.000,0.3224,0.3200,20.135575,0.000000,20.135575,0.081069,0.000000,0.081069
982450,100,4.0313,78.750,0.3175,0.3200,20.137762,0.000000,20.137762,0.081078,0.000000,0.081078
982550,100,4.0300,78.750,0.3174,0.3200,20.139950,0.000000,20.139950,0.081086,0.000000,0.081086
982650,100,4.0313,78.750,0.3175,0.3200,20.142137,0.000000,20.142137,0.081095,0.000000,0.081095
982750,100,4.0313,78.750,0.3175,0.3200,20.144325,0.000000,20.144325,0.081104,0.000000,0.081104
982850,100,4.0313,78.750,0.3175,0.3200,20.146512,0.000000,20.146512,0.081113,0.000000,0.081113
982950,100,4.0313,78.750,0.3175,0.3200,20.148700,0.000000,20.148700,0.081122,0.000000,0.081122
983050,100,4.0313,78.750,0.3175,0.3200,20.150887,0.000000,20.150887,0.081130,0.000000,0.081130
983150,100,4.0313,78.750,0.3175,0.3200,20.153075,0.000000,20.153075,0.081139,0.000000,0.081139
983250,100,4.0325,77.500,0.3125,0.3100,20.155227,0.000000,20.155227,0.081148,0.000000,0.081148
983350,100,4.0313,81.250,0.3275,0.3300,20.157484,0.000000,20.157484,0.081157,0.000000,0.081157
983450,100,4.0313,77.500,0.3124,0.3200,20.159637,0.000000,20.159637,0.081166,0.000000,0.081166
983550,100,4.0313,76.250,0.3074,0.3100,20.161755,0.000000,20.161755,0.081174,0.000000,0.081174
983650,100,4.0313,81.250,0.3275,0.3300,20.164012,0.000000,20.164012,0.081183,0.000000,0.081183
983750,100,4.0300,81.250,0.3274,0.3300,20.166269,0.000000,20.166269,0.081192,0.000000,0.081192
983850,100,4.0313,80.000,0.3225,0.3200,20.168491,0.000000,20.168491,0.081201,0.000000,0.081201
983950,100,4.0300,80.000,0.3224,0.3200,20.170714,0.000000,20.170714,0.081210,0.000000,0.081210
#MARK,983984,100,"seg_097_p17_b095_end",20.170714,0.000000,20.170714,0.081210,0.000000,0.081210
984050,100,4.0287,83.750,0.3374,0.3400,20.173040,0.000000,20.173040,0.081220,0.000000,0.081220
984150,100,4.0313,76.250,0.3074,0.3100,20.175158,0.000000,20.175158,0.081228,0.000000,0.081228
984250,100,4.0300,81.250,0.3274,0.3300,20.177415,0.000000,20.177415,0.081237,0.000000,0.081237
984350,100,4.0313,77.500,0.3124,0.3100,20.179568,0.000000,20.179568,0.081246,0.000000,0.081246
984450,100,4.0313,80.000,0.3225,0.3200,20.181790,0.000000,20.181790,0.081255,0.000000,0.081255
984550,100,4.0313,78.750,0.3175,0.3200,20.183977,0.000000,20.183977,0.081264,0.000000,0.081264
984650,100,4.0313,80.000,0.3225,0.3200,20.186200,0.000000,20.186200,0.081273,0.000000,0.081273
984750,100,4.0300,81.250,0.3274,0.3300,20.188457,0.000000,20.188457,0.081282,0.000000,0.081282
984850,100,4.0300,80.000,0.3224,0.3300,20.190679,0.000000,20.190679,0.081291,0.000000,0.081291
984950,100,4.0313,77.500,0.3124,0.3200,20.192832,0.000000,20.192832,0.081300,0.000000,0.081300
985050,100,4.0313,78.750,0.3175,0.3200,20.195019,0.000000,20.195019,0.081308,0.000000,0.081308
#MARK,985126,100,"seg_098_p17_b127_start",20.195019,0.000000,20.195019,0.081308,0.000000,0.081308
985150,100,4.0325,77.500,0.3125,0.3100,20.197172,0.000000,20.197172,0.081317,0.000000,0.081317
985250,100,4.0313,77.500,0.3124,0.3100,20.199325,0.000000,20.199325,0.081326,0.000000,0.081326
985350,100,4.0313,80.000,0.3225,0.3200,20.201547,0.000000,20.201547,0.081335,0.000000,0.081335
985450,100,4.0313,78.750,0.3175,0.3200,20.203734,0.000000,20.203734,0.081343,0.000000,0.081343
985550,100,4.0300,82.500,0.3325,0.3300,20.206026,0.000000,20.206026,0.081353,0.000000,0.081353
985650,100,4.0300,82.500,0.3325,0.3300,20.208318,0.000000,20.208318,0.081362,0.000000,0.081362
985750,100,4.0300,83.750,0.3375,0.3400,20.210644,0.000000,20.210644,0.081371,0.000000,0.081371
985850,100,4.0300,81.250,0.3274,0.3300,20.212901,0.000000,20.212901,0.081380,0.000000,0.081380
985950,100,4.0313,80.000,0.3225,0.3200,20.215123,0.000000,20.215123,0.081389,0.000000,0.081389
986050,100,4.0300,80.000,0.3224,0.3200,20.217345,0.000000,20.217345,0.081398,0.000000,0.081398
986150,100,4.0313,78.750,0.3175,0.3200,20.219533,0.000000,20.219533,0.081407,0.000000,0.081407
986250,100,4.0313,78.750,0.3175,0.3200,20.221720,0.000000,20.221720,0.081416,0.000000,0.081416
986350,100,4.0313,78.750,0.3175,0.3200,20.223908,0.000000,20.223908,0.081425,0.000000,0.081425
986450,100,4.0287,85.000,0.3424,0.3500,20.226269,0.000000,20.226269,0.081434,0.000000,0.081434
986550,100,4.0300,85.000,0.3426,0.3500,20.228630,0.000000,20.228630,0.081444,0.000000,0.081444
986650,100,4.0300,82.500,0.3325,0.3300,20.230922,0.000000,20.230922,0.081453,0.000000,0.081453
986750,100,4.0287,85.000,0.3424,0.3500,20.233283,0.000000,20.233283,0.081463,0.000000,0.081463
986850,100,4.0300,81.250,0.3274,0.3300,20.235540,0.000000,20.235540,0.081472,0.000000,0.081472
986950,100,4.0300,82.500,0.3325,0.3300,20.237832,0.000000,20.237832,0.081481,0.000000,0.081481
987050,100,4.0300,82.500,0.3325,0.3300,20.240123,0.000000,20.240123,0.081490,0.000000,0.081490
987150,100,4.0313,81.250,0.3275,0.3200,20.242380,0.000000,20.242380,0.081499,0.000000,0.081499
987250,100,4.0313,78.750,0.3175,0.3200,20.244568,0.000000,20.244568,0.081508,0.000000,0.081508
987350,100,4.0300,82.500,0.3325,0.3300,20.246859,0.000000,20.246859,0.081517,0.000000,0.081517
987450,100,4.0287,85.000,0.3424,0.3400,20.249220,0.000000,20.249220,0.081527,0.000000,0.081527
987550,100,4.0300,83.750,0.3375,0.3400,20.251547,0.000000,20.251547,0.081536,0.000000,0.081536
987650,100,4.0300,85.000,0.3426,0.3400,20.253908,0.000000,20.253908,0.081546,0.000000,0.081546
987750,100,4.0300,82.500,0.3325,0.3300,20.256200,0.000000,20.256200,0.081555,0.000000,0.081555
987850,100,4.0313,78.750,0.3175,0.3200,20.258387,0.000000,20.258387,0.081564,0.000000,0.081564
987950,100,4.0313,80.000,0.3225,0.3200,20.260609,0.000000,20.260609,0.081573,0.000000,0.081573
988050,100,4.0313,81.250,0.3275,0.3300,20.262866,0.000000,20.262866,0.081582,0.000000,0.081582
988150,100,4.0300,83.750,0.3375,0.3400,20.265193,0.000000,20.265193,0.081591,0.000000,0.081591
988250,100,4.0300,82.500,0.3325,0.3300,20.267484,0.000000,20.267484,0.081600,0.000000,0.081600
988350,100,4.0313,80.000,0.3225,0.3200,20.269707,0.000000,20.269707,0.081609,0.000000,0.081609
988450,100,4.0313,80.000,0.3225,0.3200,20.271929,0.000000,20.271929,0.081618,0.000000,0.081618
988550,100,4.0313,82.500,0.3326,0.3300,20.274220,0.000000,20.274220,0.081628,0.000000,0.081628
988650,100,4.0300,82.500,0.3325,0.3300,20.276512,0.000000,20.276512,0.081637,0.000000,0.081637
988750,100,4.0313,80.000,0.3225,0.3200,20.278734,0.000000,20.278734,0.081646,0.000000,0.081646
988850,100,4.0313,82.500,0.3326,0.3300,20.281026,0.000000,20.281026,0.081655,0.000000,0.081655
988950,100,4.0300,82.500,0.3325,0.3300,20.283318,0.000000,20.283318,0.081664,0.000000,0.081664
989050,100,4.0313,78.750,0.3175,0.3200,20.285505,0.000000,20.285505,0.081673,0.000000,0.081673
989150,100,4.0313,80.000,0.3225,0.3200,20.287727,0.000000,20.287727,0.081682,0.000000,0.081682
989250,100,4.0300,81.250,0.3274,0.3300,20.289984,0.000000,20.289984,0.081691,0.000000,0.081691
989350,100,4.0313,80.000,0.3225,0.3200,20.292207,0.000000,20.292207,0.081700,0.000000,0.081700
989450,100,4.0300,83.750,0.3375,0.3400,20.294533,0.000000,20.294533,0.081709,0.000000,0.081709
989550,100,4.0313,77.500,0.3124,0.3200,20.296686,0.000000,20.296686,0.081718,0.000000,0.081718
989650,100,4.0313,78.750,0.3175,0.3200,20.298873,0.000000,20.298873,0.081727,0.000000,0.081727
989750,100,4.0313,82.500,0.3326,0.3300,20.301165,0.000000,20.301165,0.081736,0.000000,0.081736
989850,100,4.0313,81.250,0.3275,0.3300,20.303422,0.000000,20.303422,0.081745,0.000000,0.081745
989950,100,4.0313,78.750,0.3175,0.3200,20.305609,0.000000,20.305609,0.081754,0.000000,0.081754
990050,100,4.0300,85.000,0.3426,0.3400,20.307970,0.000000,20.307970,0.081764,0.000000,0.081764
990150,100,4.0300,85.000,0.3426,0.3400,20.310332,0.000000,20.310332,0.081773,0.000000,0.081773
990250,100,4.0300,83.750,0.3375,0.3400,20.312658,0.000000,20.312658,0.081782,0.000000,0.081782
#MARK,990345,100,"seg_098_p17_b127_end",20.312658,0.000000,20.312658,0.081782,0.000000,0.081782
990350,100,4.0313,81.250,0.3275,0.3300,20.314915,0.000000,20.314915,0.081792,0.000000,0.081792
990450,100,4.0325,76.250,0.3075,0.3100,20.317033,0.000000,20.317033,0.081800,0.000000,0.081800
990550,100,4.0313,80.000,0.3225,0.3200,20.319255,0.000000,20.319255,0.081809,0.000000,0.081809
990650,100,4.0313,80.000,0.3225,0.3200,20.321477,0.000000,20.321477,0.081818,0.000000,0.081818
990750,100,4.0287,86.250,0.3475,0.3500,20.323873,0.000000,20.323873,0.081828,0.000000,0.081828
990850,100,4.0300,82.500,0.3325,0.3300,20.326165,0.000000,20.326165,0.081837,0.000000,0.081837
990950,100,4.0300,81.250,0.3274,0.3300,20.328422,0.000000,20.328422,0.081846,0.000000,0.081846
991050,100,4.0287,87.500,0.3525,0.3600,20.330852,0.000000,20.330852,0.081856,0.000000,0.081856
991150,100,4.0300,83.750,0.3375,0.3400,20.333179,0.000000,20.333179,0.081865,0.000000,0.081865
991250,100,4.0300,86.250,0.3476,0.3500,20.335575,0.000000,20.335575,0.081875,0.000000,0.081875
991350,100,4.0300,85.000,0.3426,0.3500,20.337936,0.000000,20.337936,0.081884,0.000000,0.081884
991450,100,4.0300,83.750,0.3375,0.3400,20.340262,0.000000,20.340262,0.081894,0.000000,0.081894
#MARK,991484,100,"seg_099_p17_b159_start",20.340262,0.000000,20.340262,0.081894,0.000000,0.081894
991550,100,4.0313,80.000,0.3225,0.3200,20.342484,0.000000,20.342484,0.081903,0.000000,0.081903
991650,100,4.0313,78.750,0.3175,0.3200,20.344672,0.000000,20.344672,0.081912,0.000000,0.081912
991750,100,4.0313,81.250,0.3275,0.3300,20.346929,0.000000,20.346929,0.081921,0.000000,0.081921
991850,100,4.0300,85.000,0.3426,0.3400,20.349290,0.000000,20.349290,0.081930,0.000000,0.081930
991950,100,4.0287,88.750,0.3576,0.3600,20.351755,0.000000,20.351755,0.081940,0.000000,0.081940
992050,100,4.0275,90.000,0.3625,0.3700,20.354255,0.000000,20.354255,0.081950,0.000000,0.081950
992150,100,4.0287,86.250,0.3475,0.3500,20.356651,0.000000,20.356651,0.081960,0.000000,0.081960
992250,100,4.0300,82.500,0.3325,0.3300,20.358943,0.000000,20.358943,0.081969,0.000000,0.081969
992350,100,4.0300,83.750,0.3375,0.3400,20.361269,0.000000,20.361269,0.081978,0.000000,0.081978
992450,100,4.0287,87.500,0.3525,0.3500,20.363700,0.000000,20.363700,0.081988,0.000000,0.081988
992550,100,4.0300,85.000,0.3426,0.3400,20.366061,0.000000,20.366061,0.081998,0.000000,0.081998
992650,100,4.0300,82.500,0.3325,0.3300,20.368352,0.000000,20.368352,0.082007,0.000000,0.082007
992750,100,4.0300,85.000,0.3426,0.3400,20.370714,0.000000,20.370714,0.082016,0.000000,0.082016
992850,100,4.0275,91.250,0.3675,0.3700,20.373248,0.000000,20.373248,0.082027,0.000000,0.082027
992950,100,4.0300,83.750,0.3375,0.3400,20.375575,0.000000,20.375575,0.082036,0.000000,0.082036
993050,100,4.0300,87.500,0.3526,0.3500,20.378005,0.000000,20.378005,0.082046,0.000000,0.082046
993150,100,4.0287,88.750,0.3576,0.3600,20.380470,0.000000,20.380470,0.082056,0.000000,0.082056
993250,100,4.0300,85.000,0.3426,0.3400,20.382832,0.000000,20.382832,0.082065,0.000000,0.082065
993350,100,4.0313,81.250,0.3275,0.3300,20.385089,0.000000,20.385089,0.082074,0.000000,0.082074
993450,100,4.0313,83.750,0.3376,0.3400,20.387415,0.000000,20.387415,0.082084,0.000000,0.082084
993550,100,4.0287,87.500,0.3525,0.3600,20.389845,0.000000,20.389845,0.082094,0.000000,0.082094
993650,100,4.0287,88.750,0.3576,0.3600,20.392311,0.000000,20.392311,0.082103,0.000000,0.082103
993750,100,4.0275,92.500,0.3725,0.3700,20.394880,0.000000,20.394880,0.082114,0.000000,0.082114
993850,100,4.0287,86.250,0.3475,0.3500,20.397276,0.000000,20.397276,0.082123,0.000000,0.082123
993950,100,4.0300,85.000,0.3426,0.3400,20.399637,0.000000,20.399637,0.082133,0.000000,0.082133
994050,100,4.0287,86.250,0.3475,0.3500,20.402033,0.000000,20.402033,0.082143,0.000000,0.082143
994150,100,4.0287,86.250,0.3475,0.3500,20.404429,0.000000,20.404429,0.082152,0.000000,0.082152
994250,100,4.0300,83.750,0.3375,0.3400,20.406755,0.000000,20.406755,0.082162,0.000000,0.082162
994350,100,4.0300,85.000,0.3426,0.3400,20.409116,0.000000,20.409116,0.082171,0.000000,0.082171
994450,100,4.0300,82.500,0.3325,0.3300,20.411408,0.000000,20.411408,0.082180,0.000000,0.082180
994550,100,4.0313,81.250,0.3275,0.3300,20.413665,0.000000,20.413665,0.082190,0.000000,0.082190
994650,100,4.0300,86.250,0.3476,0.3500,20.416061,0.000000,20.416061,0.082199,0.000000,0.082199
994750,100,4.0287,87.500,0.3525,0.3600,20.418491,0.000000,20.418491,0.082209,0.000000,0.082209
994850,100,4.0287,88.750,0.3576,0.3600,20.420957,0.000000,20.420957,0.082219,0.000000,0.082219
994950,100,4.0287,90.000,0.3626,0.3600,20.423457,0.000000,20.423457,0.082229,0.000000,0.082229
995050,100,4.0275,91.250,0.3675,0.3700,20.425991,0.000000,20.425991,0.082239,0.000000,0.082239
995150,100,4.0300,83.750,0.3375,0.3400,20.428318,0.000000,20.428318,0.082249,0.000000,0.082249
995250,100,4.0313,83.750,0.3376,0.3400,20.430644,0.000000,20.430644,0.082258,0.000000,0.082258
995350,100,4.0300,85.000,0.3426,0.3400,20.433005,0.000000,20.433005,0.082267,0.000000,0.082267
995450,100,4.0275,90.000,0.3625,0.3600,20.435505,0.000000,20.435505,0.082278,0.000000,0.082278
995550,100,4.0287,87.500,0.3525,0.3600,20.437936,0.000000,20.437936,0.082287,0.000000,0.082287
995650,100,4.0313,80.000,0.3225,0.3200,20.440158,0.000000,20.440158,0.082296,0.000000,0.082296
995750,100,4.0313,80.000,0.3225,0.3200,20.442380,0.000000,20.442380,0.082305,0.000000,0.082305
995850,100,4.0287,87.500,0.3525,0.3600,20.444811,0.000000,20.444811,0.082315,0.000000,0.082315
995950,100,4.0300,82.500,0.3325,0.3300,20.447102,0.000000,20.447102,0.082324,0.000000,0.082324
996050,100,4.0300,82.500,0.3325,0.3300,20.449394,0.000000,20.449394,0.082334,0.000000,0.082334
996150,100,4.0300,82.500,0.3325,0.3300,20.451686,0.000000,20.451686,0.082343,0.000000,0.082343
996250,100,4.0300,85.000,0.3426,0.3400,20.454047,0.000000,20.454047,0.082352,0.000000,0.082352
996350,100,4.0287,86.250,0.3475,0.3500,20.456443,0.000000,20.456443,0.082362,0.000000,0.082362
996450,100,4.0287,88.750,0.3576,0.3600,20.458908,0.000000,20.458908,0.082372,0.000000,0.082372
996550,100,4.0275,91.250,0.3675,0.3700,20.461443,0.000000,20.461443,0.082382,0.000000,0.082382
996650,100,4.0275,90.000,0.3625,0.3600,20.463943,0.000000,20.463943,0.082392,0.000000,0.082392
#MARK,996734,100,"seg_099_p17_b159_end",20.463943,0.000000,20.463943,0.082392,0.000000,0.082392
996750,100,4.0275,92.500,0.3725,0.3700,20.466512,0.000000,20.466512,0.082402,0.000000,0.082402
996850,100,4.0325,75.000,0.3024,0.3000,20.468595,0.000000,20.468595,0.082411,0.000000,0.082411
996950,100,4.0325,75.000,0.3024,0.3000,20.470679,0.000000,20.470679,0.082419,0.000000,0.082419
997050,100,4.0313,82.500,0.3326,0.3300,20.472970,0.000000,20.472970,0.082429,0.000000,0.082429
997150,100,4.0313,80.000,0.3225,0.3200,20.475193,0.000000,20.475193,0.082437,0.000000,0.082437
997250,100,4.0325,75.000,0.3024,0.3000,20.477276,0.000000,20.477276,0.082446,0.000000,0.082446
997350,100,4.0325,75.000,0.3024,0.3000,20.479359,0.000000,20.479359,0.082454,0.000000,0.082454
997450,100,4.0325,77.500,0.3125,0.3100,20.481512,0.000000,20.481512,0.082463,0.000000,0.082463
997550,100,4.0313,81.250,0.3275,0.3300,20.483769,0.000000,20.483769,0.082472,0.000000,0.082472
997650,100,4.0313,81.250,0.3275,0.3300,20.486026,0.000000,20.486026,0.082481,0.000000,0.082481
997750,100,4.0313,82.500,0.3326,0.3300,20.488318,0.000000,20.488318,0.082490,0.000000,0.082490
997850,100,4.0300,83.750,0.3375,0.3300,20.490644,0.000000,20.490644,0.082500,0.000000,0.082500
#MARK,997861,100,"seg_100_p17_b191_start",20.490644,0.000000,20.490644,0.082500,0.000000,0.082500
997950,100,4.0287,87.500,0.3525,0.3600,20.493075,0.000000,20.493075,0.082510,0.000000,0.082510
998050,100,4.0300,83.750,0.3375,0.3400,20.495401,0.000000,20.495401,0.082519,0.000000,0.082519
998150,100,4.0287,87.500,0.3525,0.3500,20.497832,0.000000,20.497832,0.082529,0.000000,0.082529
998250,100,4.0287,86.250,0.3475,0.3500,20.500227,0.000000,20.500227,0.082538,0.000000,0.082538
998350,100,4.0300,85.000,0.3426,0.3400,20.502589,0.000000,20.502589,0.082548,0.000000,0.082548
998450,100,4.0300,85.000,0.3426,0.3400,20.504950,0.000000,20.504950,0.082557,0.000000,0.082557
998550,100,4.0300,85.000,0.3426,0.3400,20.507311,0.000000,20.507311,0.082567,0.000000,0.082567
998650,100,4.0300,85.000,0.3426,0.3500,20.509672,0.000000,20.509672,0.082576,0.000000,0.082576
998750,100,4.0300,83.750,0.3375,0.3400,20.511998,0.000000,20.511998,0.082586,0.000000,0.082586
998850,100,4.0313,82.500,0.3326,0.3300,20.514290,0.000000,20.514290,0.082595,0.000000,0.082595
998950,100,4.0300,86.250,0.3476,0.3500,20.516686,0.000000,20.516686,0.082605,0.000000,0.082605
999050,100,4.0287,88.750,0.3576,0.3600,20.519151,0.000000,20.519151,0.082615,0.000000,0.082615
999150,100,4.0287,87.500,0.3525,0.3600,20.521582,0.000000,20.521582,0.082624,0.000000,0.082624
999250,100,4.0300,85.000,0.3426,0.3400,20.523943,0.000000,20.523943,0.082634,0.000000,0.082634
999350,100,4.0287,90.000,0.3626,0.3700,20.526443,0.000000,20.526443,0.082644,0.000000,0.082644
999450,100,4.0275,93.750,0.3776,0.3700,20.529047,0.000000,20.529047,0.082654,0.000000,0.082654
999550,100,4.0275,93.750,0.3776,0.3700,20.531651,0.000000,20.531651,0.082665,0.000000,0.082665
999650,100,4.0287,90.000,0.3626,0.3600,20.534151,0.000000,20.534151,0.082675,0.000000,0.082675
999750,100,4.0275,92.500,0.3725,0.3700,20.536720,0.000000,20.536720,0.082685,0.000000,0.082685
999850,100,4.0275,90.000,0.3625,0.3600,20.539220,0.000000,20.539220,0.082695,0.000000,0.082695
999950,100,4.0300,83.750,0.3375,0.3400,20.541547,0.000000,20.541547,0.082705,0.000000,0.082705
1000050,100,4.0313,81.250,0.3275,0.3300,20.543804,0.000000,20.543804,0.082714,0.000000,0.082714
1000150,100,4.0300,83.750,0.3375,0.3400,20.546130,0.000000,20.546130,0.082723,0.000000,0.082723
1000250,100,4.0300,83.750,0.3375,0.3400,20.548457,0.000000,20.548457,0.082733,0.000000,0.082733
1000350,100,4.0287,88.750,0.3576,0.3600,20.550922,0.000000,20.550922,0.082743,0.000000,0.082743
1000450,100,4.0300,87.500,0.3526,0.3500,20.553352,0.000000,20.553352,0.082752,0.000000,0.082752
1000550,100,4.0313,82.500,0.3326,0.3300,20.555644,0.000000,20.555644,0.082762,0.000000,0.082762
1000650,100,4.0300,86.250,0.3476,0.3500,20.558040,0.000000,20.558040,0.082771,0.000000,0.082771
1000750,100,4.0313,82.500,0.3326,0.3300,20.560332,0.000000,20.560332,0.082781,0.000000,0.082781
1000850,100,4.0275,92.500,0.3725,0.3700,20.562901,0.000000,20.562901,0.082791,0.000000,0.082791
1000950,100,4.0287,90.000,0.3626,0.3600,20.565401,0.000000,20.565401,0.082801,0.000000,0.082801
1001050,100,4.0300,85.000,0.3426,0.3500,20.567762,0.000000,20.567762,0.082810,0.000000,0.082810
1001150,100,4.0300,83.750,0.3375,0.3400,20.570089,0.000000,20.570089,0.082820,0.000000,0.082820
1001250,100,4.0287,90.000,0.3626,0.3600,20.572589,0.000000,20.572589,0.082830,0.000000,0.082830
1001350,100,4.0300,86.250,0.3476,0.3500,20.574984,0.000000,20.574984,0.082840,0.000000,0.082840
1001450,100,4.0287,87.500,0.3525,0.3600,20.577415,0.000000,20.577415,0.082849,0.000000,0.082849
1001550,100,4.0262,95.000,0.3825,0.3800,20.580054,0.000000,20.580054,0.082860,0.000000,0.082860
1001650,100,4.0262,96.250,0.3875,0.3700,20.582727,0.000000,20.582727,0.082871,0.000000,0.082871
1001750,100,4.0262,96.250,0.3875,0.3900,20.585401,0.000000,20.585401,0.082882,0.000000,0.082882
1001850,100,4.0287,87.500,0.3525,0.3600,20.587832,0.000000,20.587832,0.082891,0.000000,0.082891
1001950,100,4.0287,90.000,0.3626,0.3600,20.590332,0.000000,20.590332,0.082901,0.000000,0.082901
1002050,100,4.0287,87.500,0.3525,0.3500,20.592762,0.000000,20.592762,0.082911,0.000000,0.082911
1002150,100,4.0287,87.500,0.3525,0.3600,20.595193,0.000000,20.595193,0.082921,0.000000,0.082921
1002250,100,4.0262,96.250,0.3875,0.3800,20.597866,0.000000,20.597866,0.082932,0.000000,0.082932
1002350,100,4.0287,90.000,0.3626,0.3600,20.600366,0.000000,20.600366,0.082942,0.000000,0.082942
1002450,100,4.0287,87.500,0.3525,0.3500,20.602797,0.000000,20.602797,0.082952,0.000000,0.082952
1002550,100,4.0275,92.500,0.3725,0.3700,20.605366,0.000000,20.605366,0.082962,0.000000,0.082962
1002650,100,4.0275,92.500,0.3725,0.3700,20.607936,0.000000,20.607936,0.082972,0.000000,0.082972
1002750,100,4.0287,87.500,0.3525,0.3600,20.610366,0.000000,20.610366,0.082982,0.000000,0.082982
1002850,100,4.0287,87.500,0.3525,0.3600,20.612797,0.000000,20.612797,0.082992,0.000000,0.082992
1002950,100,4.0300,85.000,0.3426,0.3400,20.615158,0.000000,20.615158,0.083001,0.000000,0.083001
1003050,100,4.0287,87.500,0.3525,0.3600,20.617589,0.000000,20.617589,0.083011,0.000000,0.083011
#MARK,1003108,100,"seg_100_p17_b191_end",20.617589,0.000000,20.617589,0.083011,0.000000,0.083011
1003150,100,4.0275,91.250,0.3675,0.3700,20.620123,0.000000,20.620123,0.083021,0.000000,0.083021
1003250,100,4.0313,80.000,0.3225,0.3200,20.622345,0.000000,20.622345,0.083030,0.000000,0.083030
1003350,100,4.0313,80.000,0.3225,0.3200,20.624568,0.000000,20.624568,0.083039,0.000000,0.083039
1003450,100,4.0313,81.250,0.3275,0.3300,20.626825,0.000000,20.626825,0.083048,0.000000,0.083048
1003550,100,4.0325,78.750,0.3176,0.3200,20.629012,0.000000,20.629012,0.083057,0.000000,0.083057
1003650,100,4.0300,82.500,0.3325,0.3300,20.631304,0.000000,20.631304,0.083066,0.000000,0.083066
1003750,100,4.0313,80.000,0.3225,0.3200,20.633526,0.000000,20.633526,0.083075,0.000000,0.083075
1003850,100,4.0313,78.750,0.3175,0.3200,20.635714,0.000000,20.635714,0.083084,0.000000,0.083084
1003950,100,4.0325,78.750,0.3176,0.3200,20.637901,0.000000,20.637901,0.083093,0.000000,0.083093
1004050,100,4.0313,78.750,0.3175,0.3200,20.640089,0.000000,20.640089,0.083102,0.000000,0.083102
1004150,100,4.0287,87.500,0.3525,0.3500,20.642519,0.000000,20.642519,0.083112,0.000000,0.083112
#MARK,1004235,100,"seg_101_p17_b223_start",20.642519,0.000000,20.642519,0.083112,0.000000,0.083112
1004250,100,4.0300,86.250,0.3476,0.3500,20.644915,0.000000,20.644915,0.083121,0.000000,0.083121
1004350,100,4.0287,87.500,0.3525,0.3500,20.647345,0.000000,20.647345,0.083131,0.000000,0.083131
1004450,100,4.0275,92.500,0.3725,0.3700,20.649915,0.000000,20.649915,0.083141,0.000000,0.083141
1004550,100,4.0275,92.500,0.3725,0.3700,20.652484,0.000000,20.652484,0.083152,0.000000,0.083152
1004650,100,4.0262,96.250,0.3875,0.3800,20.655158,0.000000,20.655158,0.083163,0.000000,0.083163
1004750,100,4.0275,91.250,0.3675,0.3700,20.657693,0.000000,20.657693,0.083173,0.000000,0.083173
1004850,100,4.0287,87.500,0.3525,0.3500,20.660123,0.000000,20.660123,0.083183,0.000000,0.083183
1004950,100,4.0275,91.250,0.3675,0.3700,20.662658,0.000000,20.662658,0.083193,0.000000,0.083193
1005050,100,4.0275,91.250,0.3675,0.3700,20.665193,0.000000,20.665193,0.083203,0.000000,0.083203
1005150,100,4.0287,88.750,0.3576,0.3600,20.667658,0.000000,20.667658,0.083213,0.000000,0.083213
1005250,100,4.0275,92.500,0.3725,0.3700,20.670227,0.000000,20.670227,0.083223,0.000000,0.083223
1005350,100,4.0275,90.000,0.3625,0.3600,20.672727,0.000000,20.672727,0.083233,0.000000,0.083233
1005450,100,4.0300,85.000,0.3426,0.3400,20.675089,0.000000,20.675089,0.083243,0.000000,0.083243
1005550,100,4.0275,95.000,0.3826,0.3800,20.677727,0.000000,20.677727,0.083254,0.000000,0.083254
1005650,100,4.0262,93.750,0.3775,0.3800,20.680332,0.000000,20.680332,0.083264,0.000000,0.083264
1005750,100,4.0262,95.000,0.3825,0.3800,20.682970,0.000000,20.682970,0.083275,0.000000,0.083275
1005850,100,4.0275,91.250,0.3675,0.3700,20.685505,0.000000,20.685505,0.083285,0.000000,0.083285
1005950,100,4.0275,92.500,0.3725,0.3700,20.688075,0.000000,20.688075,0.083295,0.000000,0.083295
1006050,100,4.0275,90.000,0.3625,0.3600,20.690575,0.000000,20.690575,0.083305,0.000000,0.083305
1006150,100,4.0275,92.500,0.3725,0.3700,20.693144,0.000000,20.693144,0.083316,0.000000,0.083316
1006250,100,4.0275,92.500,0.3725,0.3700,20.695714,0.000000,20.695714,0.083326,0.000000,0.083326
1006350,100,4.0262,97.500,0.3926,0.3900,20.698422,0.000000,20.698422,0.083337,0.000000,0.083337
1006450,100,4.0262,93.750,0.3775,0.3700,20.701026,0.000000,20.701026,0.083347,0.000000,0.083347
1006550,100,4.0275,92.500,0.3725,0.3700,20.703595,0.000000,20.703595,0.083358,0.000000,0.083358
1006650,100,4.0275,93.750,0.3776,0.3800,20.706200,0.000000,20.706200,0.083368,0.000000,0.083368
1006750,100,4.0287,86.250,0.3475,0.3500,20.708595,0.000000,20.708595,0.083378,0.000000,0.083378
1006850,100,4.0287,90.000,0.3626,0.3600,20.711095,0.000000,20.711095,0.083388,0.000000,0.083388
1006950,100,4.0287,88.750,0.3576,0.3600,20.713561,0.000000,20.713561,0.083398,0.000000,0.083398
1007050,100,4.0262,93.750,0.3775,0.3800,20.716165,0.000000,20.716165,0.083408,0.000000,0.083408
1007150,100,4.0287,86.250,0.3475,0.3500,20.718561,0.000000,20.718561,0.083418,0.000000,0.083418
1007250,100,4.0262,95.000,0.3825,0.3800,20.721200,0.000000,20.721200,0.083429,0.000000,0.083429
1007350,100,4.0287,88.750,0.3576,0.3600,20.723665,0.000000,20.723665,0.083439,0.000000,0.083439
1007450,100,4.0287,86.250,0.3475,0.3500,20.726061,0.000000,20.726061,0.083448,0.000000,0.083448
1007550,100,4.0287,91.250,0.3676,0.3700,20.728595,0.000000,20.728595,0.083458,0.000000,0.083458
1007650,100,4.0287,87.500,0.3525,0.3600,20.731026,0.000000,20.731026,0.083468,0.000000,0.083468
1007750,100,4.0287,87.500,0.3525,0.3600,20.733457,0.000000,20.733457,0.083478,0.000000,0.083478
1007850,100,4.0262,96.250,0.3875,0.3800,20.736130,0.000000,20.736130,0.083489,0.000000,0.083489
1007950,100,4.0262,96.250,0.3875,0.3800,20.738804,0.000000,20.738804,0.083500,0.000000,0.083500
1008050,100,4.0275,91.250,0.3675,0.3700,20.741339,0.000000,20.741339,0.083510,0.000000,0.083510
1008150,100,4.0275,93.750,0.3776,0.3800,20.743943,0.000000,20.743943,0.083520,0.000000,0.083520
1008250,100,4.0262,93.750,0.3775,0.3800,20.746547,0.000000,20.746547,0.083531,0.000000,0.083531
1008350,100,4.0262,95.000,0.3825,0.3800,20.749186,0.000000,20.749186,0.083541,0.000000,0.083541
1008450,100,4.0275,93.750,0.3776,0.3800,20.751790,0.000000,20.751790,0.083552,0.000000,0.083552
1008550,100,4.0287,87.500,0.3525,0.3600,20.754220,0.000000,20.754220,0.083562,0.000000,0.083562
1008650,100,4.0275,92.500,0.3725,0.3700,20.756790,0.000000,20.756790,0.083572,0.000000,0.083572
1008750,100,4.0262,93.750,0.3775,0.3800,20.759394,0.000000,20.759394,0.083582,0.000000,0.083582
1008850,100,4.0262,97.500,0.3926,0.3900,20.762102,0.000000,20.762102,0.083593,0.000000,0.083593
1008950,100,4.0275,92.500,0.3725,0.3700,20.764672,0.000000,20.764672,0.083604,0.000000,0.083604
1009050,100,4.0287,90.000,0.3626,0.3700,20.767172,0.000000,20.767172,0.083614,0.000000,0.083614
1009150,100,4.0262,97.500,0.3926,0.3900,20.769880,0.000000,20.769880,0.083625,0.000000,0.083625
1009250,100,4.0275,92.500,0.3725,0.3700,20.772450,0.000000,20.772450,0.083635,0.000000,0.083635
1009350,100,4.0275,91.250,0.3675,0.3700,20.774984,0.000000,20.774984,0.083645,0.000000,0.083645
1009450,100,4.0275,93.750,0.3776,0.3700,20.777589,0.000000,20.777589,0.083656,0.000000,0.083656
#MARK,1009461,100,"seg_101_p17_b223_end",20.777589,0.000000,20.777589,0.083656,0.000000,0.083656
1009550,100,4.0287,86.250,0.3475,0.3500,20.779984,0.000000,20.779984,0.083665,0.000000,0.083665
1009650,100,4.0325,75.000,0.3024,0.3000,20.782068,0.000000,20.782068,0.083674,0.000000,0.083674
1009750,100,4.0287,90.000,0.3626,0.3600,20.784568,0.000000,20.784568,0.083684,0.000000,0.083684
1009850,100,4.0300,85.000,0.3426,0.3400,20.786929,0.000000,20.786929,0.083693,0.000000,0.083693
1009950,100,4.0275,90.000,0.3625,0.3600,20.789429,0.000000,20.789429,0.083703,0.000000,0.083703
1010050,100,4.0275,91.250,0.3675,0.3600,20.791964,0.000000,20.791964,0.083714,0.000000,0.083714
1010150,100,4.0275,95.000,0.3826,0.3800,20.794602,0.000000,20.794602,0.083724,0.000000,0.083724
1010250,100,4.0262,96.250,0.3875,0.3900,20.797276,0.000000,20.797276,0.083735,0.000000,0.083735
1010350,100,4.0287,87.500,0.3525,0.3600,20.799707,0.000000,20.799707,0.083745,0.000000,0.083745
1010450,100,4.0287,88.750,0.3576,0.3600,20.802172,0.000000,20.802172,0.083755,0.000000,0.083755
1010550,100,4.0250,100.000,0.4025,0.4000,20.804950,0.000000,20.804950,0.083766,0.000000,0.083766
#MARK,1010596,100,"seg_102_p17_b255_start",20.804950,0.000000,20.804950,0.083766,0.000000,0.083766
1010650,100,4.0275,90.000,0.3625,0.3700,20.807450,0.000000,20.807450,0.083776,0.000000,0.083776
1010750,100,4.0262,96.250,0.3875,0.3800,20.810123,0.000000,20.810123,0.083787,0.000000,0.083787
1010850,100,4.0262,96.250,0.3875,0.3900,20.812797,0.000000,20.812797,0.083798,0.000000,0.083798
1010950,100,4.0275,88.750,0.3574,0.3600,20.815262,0.000000,20.815262,0.083807,0.000000,0.083807
1011050,100,4.0250,97.500,0.3924,0.3900,20.817970,0.000000,20.817970,0.083818,0.000000,0.083818
1011150,100,4.0250,100.000,0.4025,0.4000,20.820748,0.000000,20.820748,0.083830,0.000000,0.083830
1011250,100,4.0287,86.250,0.3475,0.3500,20.823144,0.000000,20.823144,0.083839,0.000000,0.083839
1011350,100,4.0275,90.000,0.3625,0.3600,20.825644,0.000000,20.825644,0.083849,0.000000,0.083849
1011450,100,4.0275,90.000,0.3625,0.3600,20.828144,0.000000,20.828144,0.083859,0.000000,0.083859
1011550,100,4.0287,86.250,0.3475,0.3500,20.830540,0.000000,20.830540,0.083869,0.000000,0.083869
1011650,100,4.0287,90.000,0.3626,0.3600,20.833040,0.000000,20.833040,0.083879,0.000000,0.083879
1011750,100,4.0287,88.750,0.3576,0.3600,20.835505,0.000000,20.835505,0.083889,0.000000,0.083889
1011850,100,4.0262,95.000,0.3825,0.3800,20.838144,0.000000,20.838144,0.083900,0.000000,0.083900
1011950,100,4.0237,102.500,0.4124,0.4200,20.840991,0.000000,20.840991,0.083911,0.000000,0.083911
1012050,100,4.0262,96.250,0.3875,0.3800,20.843665,0.000000,20.843665,0.083922,0.000000,0.083922
1012150,100,4.0250,100.000,0.4025,0.4100,20.846443,0.000000,20.846443,0.083933,0.000000,0.083933
1012250,100,4.0250,100.000,0.4025,0.4100,20.849220,0.000000,20.849220,0.083944,0.000000,0.083944
1012350,100,4.0262,96.250,0.3875,0.3900,20.851894,0.000000,20.851894,0.083955,0.000000,0.083955
1012450,100,4.0275,92.500,0.3725,0.3700,20.854464,0.000000,20.854464,0.083965,0.000000,0.083965
1012550,100,4.0275,91.250,0.3675,0.3700,20.856998,0.000000,20.856998,0.083975,0.000000,0.083975
1012650,100,4.0275,92.500,0.3725,0.3700,20.859568,0.000000,20.859568,0.083986,0.000000,0.083986
1012750,100,4.0250,97.500,0.3924,0.3900,20.862276,0.000000,20.862276,0.083997,0.000000,0.083997
1012850,100,4.0262,92.500,0.3724,0.3700,20.864845,0.000000,20.864845,0.084007,0.000000,0.084007
1012950,100,4.0275,92.500,0.3725,0.3700,20.867415,0.000000,20.867415,0.084017,0.000000,0.084017
1013050,100,4.0275,93.750,0.3776,0.3700,20.870019,0.000000,20.870019,0.084028,0.000000,0.084028
1013150,100,4.0262,93.750,0.3775,0.3700,20.872623,0.000000,20.872623,0.084038,0.000000,0.084038
1013250,100,4.0250,98.750,0.3975,0.4000,20.875366,0.000000,20.875366,0.084049,0.000000,0.084049
1013350,100,4.0250,101.250,0.4075,0.4100,20.878179,0.000000,20.878179,0.084061,0.000000,0.084061
1013450,100,4.0262,93.750,0.3775,0.3700,20.880783,0.000000,20.880783,0.084071,0.000000,0.084071
1013550,100,4.0275,92.500,0.3725,0.3700,20.883352,0.000000,20.883352,0.084082,0.000000,0.084082
1013650,100,4.0275,90.000,0.3625,0.3600,20.885852,0.000000,20.885852,0.084092,0.000000,0.084092
1013750,100,4.0250,98.750,0.3975,0.4000,20.888595,0.000000,20.888595,0.084103,0.000000,0.084103
1013850,100,4.0262,96.250,0.3875,0.3900,20.891269,0.000000,20.891269,0.084113,0.000000,0.084113
1013950,100,4.0262,95.000,0.3825,0.3800,20.893908,0.000000,20.893908,0.084124,0.000000,0.084124
1014050,100,4.0275,91.250,0.3675,0.3700,20.896443,0.000000,20.896443,0.084134,0.000000,0.084134
1014150,100,4.0275,91.250,0.3675,0.3700,20.898977,0.000000,20.898977,0.084145,0.000000,0.084145
1014250,100,4.0262,95.000,0.3825,0.3800,20.901616,0.000000,20.901616,0.084155,0.000000,0.084155
1014350,100,4.0237,106.250,0.4275,0.4300,20.904568,0.000000,20.904568,0.084167,0.000000,0.084167
1014450,100,4.0225,105.000,0.4224,0.4200,20.907484,0.000000,20.907484,0.084179,0.000000,0.084179
1014550,100,4.0237,100.000,0.4024,0.4000,20.910262,0.000000,20.910262,0.084190,0.000000,0.084190
1014650,100,4.0237,103.750,0.4175,0.4200,20.913144,0.000000,20.913144,0.084202,0.000000,0.084202
1014750,100,4.0237,105.000,0.4225,0.4200,20.916061,0.000000,20.916061,0.084213,0.000000,0.084213
1014850,100,4.0237,102.500,0.4124,0.4100,20.918908,0.000000,20.918908,0.084225,0.000000,0.084225
1014950,100,4.0250,98.750,0.3975,0.4000,20.921651,0.000000,20.921651,0.084236,0.000000,0.084236
1015050,100,4.0262,93.750,0.3775,0.3800,20.924255,0.000000,20.924255,0.084246,0.000000,0.084246
1015150,100,4.0262,95.000,0.3825,0.3800,20.926894,0.000000,20.926894,0.084257,0.000000,0.084257
1015250,100,4.0237,100.000,0.4024,0.4100,20.929672,0.000000,20.929672,0.084268,0.000000,0.084268
1015350,100,4.0250,97.500,0.3924,0.3900,20.932380,0.000000,20.932380,0.084279,0.000000,0.084279
1015450,100,4.0237,102.500,0.4124,0.4100,20.935227,0.000000,20.935227,0.084290,0.000000,0.084290
1015550,100,4.0237,103.750,0.4175,0.4200,20.938109,0.000000,20.938109,0.084302,0.000000,0.084302
1015650,100,4.0250,97.500,0.3924,0.3900,20.940818,0.000000,20.940818,0.084313,0.000000,0.084313
1015750,100,4.0262,97.500,0.3926,0.3900,20.943526,0.000000,20.943526,0.084324,0.000000,0.084324
#MARK,1015846,100,"seg_102_p17_b255_end",20.943526,0.000000,20.943526,0.084324,0.000000,0.084324
1015850,100,4.0250,97.500,0.3924,0.3900,20.946234,0.000000,20.946234,0.084335,0.000000,0.084335
1015950,100,4.0325,73.750,0.2974,0.3000,20.948283,0.000000,20.948283,0.084343,0.000000,0.084343
1016050,100,4.0250,100.000,0.4025,0.4000,20.951061,0.000000,20.951061,0.084354,0.000000,0.084354
1016150,100,4.0175,122.500,0.4921,0.4900,20.954464,0.000000,20.954464,0.084368,0.000000,0.084368
1016250,100,4.0163,126.250,0.5071,0.5100,20.957970,0.000000,20.957970,0.084382,0.000000,0.084382
1016350,100,4.0225,103.750,0.4173,0.4200,20.960852,0.000000,20.960852,0.084393,0.000000,0.084393
1016450,100,4.0275,88.750,0.3574,0.3600,20.963318,0.000000,20.963318,0.084403,0.000000,0.084403
1016550,100,4.0325,75.000,0.3024,0.3000,20.965401,0.000000,20.965401,0.084412,0.000000,0.084412
1016650,100,4.0287,86.250,0.3475,0.3500,20.967797,0.000000,20.967797,0.084421,0.000000,0.084421
1016750,100,4.0275,88.750,0.3574,0.3600,20.970262,0.000000,20.970262,0.084431,0.000000,0.084431
1016850,100,4.0300,81.250,0.3274,0.3300,20.972519,0.000000,20.972519,0.084441,0.000000,0.084441
1016950,100,4.0300,85.000,0.3426,0.3400,20.974880,0.000000,20.974880,0.084450,0.000000,0.084450
#MARK,1016983,100,"seg_103_p18_b095_start",20.974880,0.000000,20.974880,0.084450,0.000000,0.084450
1017050,100,4.0275,91.250,0.3675,0.3700,20.977415,0.000000,20.977415,0.084460,0.000000,0.084460
1017150,100,4.0250,98.750,0.3975,0.4000,20.980158,0.000000,20.980158,0.084471,0.000000,0.084471
1017250,100,4.0313,72.500,0.2923,0.3100,20.982172,0.000000,20.982172,0.084479,0.000000,0.084479
1017350,100,4.0275,93.750,0.3776,0.3800,20.984776,0.000000,20.984776,0.084490,0.000000,0.084490
1017450,100,4.0225,105.000,0.4224,0.4200,20.987693,0.000000,20.987693,0.084502,0.000000,0.084502
1017550,100,4.0212,110.000,0.4423,0.4400,20.990748,0.000000,20.990748,0.084514,0.000000,0.084514
1017650,100,4.0275,88.750,0.3574,0.3600,20.993214,0.000000,20.993214,0.084524,0.000000,0.084524
1017750,100,4.0200,115.000,0.4623,0.4600,20.996408,0.000000,20.996408,0.084537,0.000000,0.084537
1017850,100,4.0212,111.250,0.4474,0.4500,20.999498,0.000000,20.999498,0.084549,0.000000,0.084549
1017950,100,4.0237,92.500,0.3722,0.3700,21.002068,0.000000,21.002068,0.084559,0.000000,0.084559
1018050,100,4.0250,97.500,0.3924,0.3900,21.004776,0.000000,21.004776,0.084570,0.000000,0.084570
1018150,100,4.0250,98.750,0.3975,0.4000,21.007519,0.000000,21.007519,0.084581,0.000000,0.084581
1018250,100,4.0313,78.750,0.3175,0.3200,21.009707,0.000000,21.009707,0.084590,0.000000,0.084590
1018350,100,4.0200,116.250,0.4673,0.4700,21.012936,0.000000,21.012936,0.084603,0.000000,0.084603
1018450,100,4.0175,120.000,0.4821,0.4800,21.016269,0.000000,21.016269,0.084617,0.000000,0.084617
1018550,100,4.0175,120.000,0.4821,0.4900,21.019602,0.000000,21.019602,0.084630,0.000000,0.084630
1018650,100,4.0188,115.000,0.4622,0.4600,21.022797,0.000000,21.022797,0.084643,0.000000,0.084643
1018750,100,4.0262,92.500,0.3724,0.3700,21.025366,0.000000,21.025366,0.084653,0.000000,0.084653
1018850,100,4.0275,90.000,0.3625,0.3600,21.027866,0.000000,21.027866,0.084663,0.000000,0.084663
1018950,100,4.0300,81.250,0.3274,0.3300,21.030123,0.000000,21.030123,0.084672,0.000000,0.084672
1019050,100,4.0325,75.000,0.3024,0.3000,21.032207,0.000000,21.032207,0.084681,0.000000,0.084681
1019150,100,4.0300,83.750,0.3375,0.3400,21.034533,0.000000,21.034533,0.084690,0.000000,0.084690
1019250,100,4.0188,118.750,0.4772,0.4800,21.037832,0.000000,21.037832,0.084703,0.000000,0.084703
1019350,100,4.0150,128.750,0.5169,0.5200,21.041408,0.000000,21.041408,0.084718,0.000000,0.084718
1019450,100,4.0150,130.000,0.5219,0.5200,21.045019,0.000000,21.045019,0.084732,0.000000,0.084732
1019550,100,4.0237,101.250,0.4074,0.4100,21.047832,0.000000,21.047832,0.084744,0.000000,0.084744
1019650,100,4.0225,107.500,0.4324,0.4400,21.050818,0.000000,21.050818,0.084756,0.000000,0.084756
1019750,100,4.0262,91.250,0.3674,0.3700,21.053352,0.000000,21.053352,0.084766,0.000000,0.084766
1019850,100,4.0300,83.750,0.3375,0.3400,21.055679,0.000000,21.055679,0.084775,0.000000,0.084775
1019950,100,4.0287,83.750,0.3374,0.3400,21.058005,0.000000,21.058005,0.084784,0.000000,0.084784
1020050,100,4.0287,85.000,0.3424,0.3400,21.060366,0.000000,21.060366,0.084794,0.000000,0.084794
1020150,100,4.0225,102.500,0.4123,0.4100,21.063214,0.000000,21.063214,0.084805,0.000000,0.084805
1020250,100,4.0287,85.000,0.3424,0.3400,21.065575,0.000000,21.065575,0.084815,0.000000,0.084815
1020350,100,4.0262,91.250,0.3674,0.3700,21.068109,0.000000,21.068109,0.084825,0.000000,0.084825
1020450,100,4.0325,73.750,0.2974,0.2900,21.070158,0.000000,21.070158,0.084833,0.000000,0.084833
1020550,100,4.0225,105.000,0.4224,0.4200,21.073075,0.000000,21.073075,0.084845,0.000000,0.084845
1020650,100,4.0287,86.250,0.3475,0.3500,21.075470,0.000000,21.075470,0.084855,0.000000,0.084855
1020750,100,4.0275,91.250,0.3675,0.3700,21.078005,0.000000,21.078005,0.084865,0.000000,0.084865
1020850,100,4.0262,93.750,0.3775,0.3800,21.080609,0.000000,21.080609,0.084875,0.000000,0.084875
1020950,100,4.0225,105.000,0.4224,0.4200,21.083526,0.000000,21.083526,0.084887,0.000000,0.084887
1021050,100,4.0250,98.750,0.3975,0.4000,21.086269,0.000000,21.086269,0.084898,0.000000,0.084898
1021150,100,4.0287,86.250,0.3475,0.3500,21.088665,0.000000,21.088665,0.084908,0.000000,0.084908
1021250,100,4.0250,98.750,0.3975,0.4000,21.091408,0.000000,21.091408,0.084919,0.000000,0.084919
1021350,100,4.0300,78.750,0.3174,0.3200,21.093595,0.000000,21.093595,0.084928,0.000000,0.084928
1021450,100,4.0313,77.500,0.3124,0.3100,21.095748,0.000000,21.095748,0.084936,0.000000,0.084936
1021550,100,4.0200,113.750,0.4573,0.4600,21.098908,0.000000,21.098908,0.084949,0.000000,0.084949
1021650,100,4.0163,125.000,0.5020,0.5000,21.102380,0.000000,21.102380,0.084963,0.000000,0.084963
1021750,100,4.0237,98.750,0.3973,0.4000,21.105123,0.000000,21.105123,0.084974,0.000000,0.084974
1021850,100,4.0225,107.500,0.4324,0.4300,21.108109,0.000000,21.108109,0.084986,0.000000,0.084986
1021950,100,4.0200,112.500,0.4522,0.4500,21.111234,0.000000,21.111234,0.084999,0.000000,0.084999
1022050,100,4.0150,128.750,0.5169,0.5200,21.114811,0.000000,21.114811,0.085013,0.000000,0.085013
1022150,100,4.0200,112.500,0.4522,0.4500,21.117936,0.000000,21.117936,0.085026,0.000000,0.085026
#MARK,1022233,100,"seg_103_p18_b095_end",21.117936,0.000000,21.117936,0.085026,0.000000,0.085026
1022250,100,4.0262,90.000,0.3624,0.3600,21.120436,0.000000,21.120436,0.085036,0.000000,0.085036
1022350,100,4.0212,111.250,0.4474,0.4500,21.123526,0.000000,21.123526,0.085048,0.000000,0.085048
1022450,100,4.0237,102.500,0.4124,0.4100,21.126373,0.000000,21.126373,0.085060,0.000000,0.085060
1022550,100,4.0212,106.250,0.4273,0.4300,21.129325,0.000000,21.129325,0.085071,0.000000,0.085071
1022650,100,4.0163,126.250,0.5071,0.5100,21.132832,0.000000,21.132832,0.085086,0.000000,0.085086
1022750,100,4.0125,135.000,0.5417,0.5400,21.136582,0.000000,21.136582,0.085101,0.000000,0.085101
1022850,100,4.0237,100.000,0.4024,0.4000,21.139359,0.000000,21.139359,0.085112,0.000000,0.085112
1022950,100,4.0237,97.500,0.3923,0.3900,21.142068,0.000000,21.142068,0.085123,0.000000,0.085123
1023050,100,4.0200,115.000,0.4623,0.4600,21.145262,0.000000,21.145262,0.085136,0.000000,0.085136
1023150,100,4.0275,87.500,0.3524,0.3500,21.147693,0.000000,21.147693,0.085145,0.000000,0.085145
1023250,100,4.0275,86.250,0.3474,0.3500,21.150089,0.000000,21.150089,0.085155,0.000000,0.085155
1023350,100,4.0262,95.000,0.3825,0.3800,21.152727,0.000000,21.152727,0.085166,0.000000,0.085166
#MARK,1023375,100,"seg_104_p18_b127_start",21.152727,0.000000,21.152727,0.085166,0.000000,0.085166
1023450,100,4.0325,75.000,0.3024,0.3000,21.154811,0.000000,21.154811,0.085174,0.000000,0.085174
1023550,100,4.0163,127.500,0.5121,0.5100,21.158352,0.000000,21.158352,0.085188,0.000000,0.085188
1023650,100,4.0113,143.750,0.5766,0.5800,21.162345,0.000000,21.162345,0.085204,0.000000,0.085204
1023750,100,4.0125,136.250,0.5467,0.5500,21.166130,0.000000,21.166130,0.085219,0.000000,0.085219
1023850,100,4.0062,155.000,0.6210,0.6200,21.170436,0.000000,21.170436,0.085237,0.000000,0.085237
1023950,100,4.0125,135.000,0.5417,0.5400,21.174186,0.000000,21.174186,0.085252,0.000000,0.085252
1024050,100,4.0237,96.250,0.3873,0.3900,21.176859,0.000000,21.176859,0.085262,0.000000,0.085262
1024150,100,4.0262,93.750,0.3775,0.3800,21.179464,0.000000,21.179464,0.085273,0.000000,0.085273
1024250,100,4.0237,98.750,0.3973,0.4000,21.182207,0.000000,21.182207,0.085284,0.000000,0.085284
1024350,100,4.0250,93.750,0.3773,0.3900,21.184811,0.000000,21.184811,0.085294,0.000000,0.085294
1024450,100,4.0275,87.500,0.3524,0.3600,21.187241,0.000000,21.187241,0.085304,0.000000,0.085304
1024550,100,4.0275,88.750,0.3574,0.3600,21.189707,0.000000,21.189707,0.085314,0.000000,0.085314
1024650,100,4.0250,100.000,0.4025,0.4000,21.192484,0.000000,21.192484,0.085325,0.000000,0.085325
1024750,100,4.0212,110.000,0.4423,0.4400,21.195540,0.000000,21.195540,0.085338,0.000000,0.085338
1024850,100,4.0313,76.250,0.3074,0.3100,21.197658,0.000000,21.197658,0.085346,0.000000,0.085346
1024950,100,4.0200,116.250,0.4673,0.4700,21.200887,0.000000,21.200887,0.085359,0.000000,0.085359
1025050,100,4.0175,115.000,0.4620,0.4600,21.204082,0.000000,21.204082,0.085372,0.000000,0.085372
1025150,100,4.0175,118.750,0.4771,0.4700,21.207380,0.000000,21.207380,0.085385,0.000000,0.085385
1025250,100,4.0275,86.250,0.3474,0.3500,21.209776,0.000000,21.209776,0.085395,0.000000,0.085395
1025350,100,4.0150,128.750,0.5169,0.5100,21.213352,0.000000,21.213352,0.085409,0.000000,0.085409
1025450,100,4.0163,122.500,0.4920,0.4900,21.216755,0.000000,21.216755,0.085423,0.000000,0.085423
1025550,100,4.0212,105.000,0.4222,0.4200,21.219672,0.000000,21.219672,0.085435,0.000000,0.085435
1025650,100,4.0212,105.000,0.4222,0.4200,21.222589,0.000000,21.222589,0.085446,0.000000,0.085446
1025750,100,4.0225,102.500,0.4123,0.4100,21.225436,0.000000,21.225436,0.085458,0.000000,0.085458
1025850,100,4.0287,81.250,0.3273,0.3300,21.227693,0.000000,21.227693,0.085467,0.000000,0.085467
1025950,100,4.0175,123.750,0.4972,0.5000,21.231130,0.000000,21.231130,0.085481,0.000000,0.085481
1026050,100,4.0125,136.250,0.5467,0.5500,21.234915,0.000000,21.234915,0.085496,0.000000,0.085496
1026150,100,4.0125,138.750,0.5567,0.5600,21.238769,0.000000,21.238769,0.085511,0.000000,0.085511
1026250,100,4.0138,130.000,0.5218,0.5200,21.242380,0.000000,21.242380,0.085526,0.000000,0.085526
1026350,100,4.0250,92.500,0.3723,0.3700,21.244950,0.000000,21.244950,0.085536,0.000000,0.085536
1026450,100,4.0262,98.750,0.3976,0.4000,21.247693,0.000000,21.247693,0.085547,0.000000,0.085547
1026550,100,4.0262,91.250,0.3674,0.3700,21.250227,0.000000,21.250227,0.085557,0.000000,0.085557
1026650,100,4.0300,78.750,0.3174,0.3200,21.252415,0.000000,21.252415,0.085566,0.000000,0.085566
1026750,100,4.0275,86.250,0.3474,0.3500,21.254811,0.000000,21.254811,0.085576,0.000000,0.085576
1026850,100,4.0150,128.750,0.5169,0.5200,21.258387,0.000000,21.258387,0.085590,0.000000,0.085590
1026950,100,4.0087,147.500,0.5913,0.5900,21.262484,0.000000,21.262484,0.085607,0.000000,0.085607
1027050,100,4.0100,141.250,0.5664,0.5700,21.266408,0.000000,21.266408,0.085622,0.000000,0.085622
1027150,100,4.0200,108.750,0.4372,0.4400,21.269429,0.000000,21.269429,0.085635,0.000000,0.085635
1027250,100,4.0175,118.750,0.4771,0.4800,21.272727,0.000000,21.272727,0.085648,0.000000,0.085648
1027350,100,4.0212,105.000,0.4222,0.4200,21.275644,0.000000,21.275644,0.085660,0.000000,0.085660
1027450,100,4.0262,91.250,0.3674,0.3700,21.278179,0.000000,21.278179,0.085670,0.000000,0.085670
1027550,100,4.0275,88.750,0.3574,0.3600,21.280644,0.000000,21.280644,0.085680,0.000000,0.085680
1027650,100,4.0275,85.000,0.3423,0.3400,21.283005,0.000000,21.283005,0.085689,0.000000,0.085689
1027750,100,4.0250,95.000,0.3824,0.3800,21.285644,0.000000,21.285644,0.085700,0.000000,0.085700
1027850,100,4.0237,100.000,0.4024,0.4000,21.288422,0.000000,21.288422,0.085711,0.000000,0.085711
1027950,100,4.0275,86.250,0.3474,0.3500,21.290818,0.000000,21.290818,0.085721,0.000000,0.085721
1028050,100,4.0250,96.250,0.3874,0.3900,21.293491,0.000000,21.293491,0.085731,0.000000,0.085731
1028150,100,4.0212,105.000,0.4222,0.4300,21.296408,0.000000,21.296408,0.085743,0.000000,0.085743
1028250,100,4.0225,103.750,0.4173,0.4200,21.299290,0.000000,21.299290,0.085755,0.000000,0.085755
1028350,100,4.0250,96.250,0.3874,0.3800,21.301964,0.000000,21.301964,0.085766,0.000000,0.085766
1028450,100,4.0200,112.500,0.4522,0.4500,21.305089,0.000000,21.305089,0.085778,0.000000,0.085778
1028550,100,4.0188,115.000,0.4622,0.4600,21.308283,0.000000,21.308283,0.085791,0.000000,0.085791
#MARK,1028624,100,"seg_104_p18_b127_end",21.308283,0.000000,21.308283,0.085791,0.000000,0.085791
1028650,100,4.0237,95.000,0.3823,0.3800,21.310922,0.000000,21.310922,0.085802,0.000000,0.085802
1028750,100,4.0175,120.000,0.4821,0.4800,21.314255,0.000000,21.314255,0.085815,0.000000,0.085815
1028850,100,4.0212,106.250,0.4273,0.4300,21.317207,0.000000,21.317207,0.085827,0.000000,0.085827
1028950,100,4.0300,77.500,0.3123,0.3100,21.319359,0.000000,21.319359,0.085835,0.000000,0.085835
1029050,100,4.0150,127.500,0.5119,0.5100,21.322901,0.000000,21.322901,0.085850,0.000000,0.085850
1029150,100,4.0037,163.750,0.6556,0.6600,21.327450,0.000000,21.327450,0.085868,0.000000,0.085868
1029250,100,4.0113,136.250,0.5465,0.5500,21.331234,0.000000,21.331234,0.085883,0.000000,0.085883
1029350,100,4.0150,125.000,0.5019,0.5000,21.334707,0.000000,21.334707,0.085897,0.000000,0.085897
1029450,100,4.0100,140.000,0.5614,0.5600,21.338595,0.000000,21.338595,0.085913,0.000000,0.085913
1029550,100,4.0075,150.000,0.6011,0.6000,21.342762,0.000000,21.342762,0.085929,0.000000,0.085929
1029650,100,4.0037,162.500,0.6506,0.6600,21.347276,0.000000,21.347276,0.085947,0.000000,0.085947
1029750,100,4.0188,111.250,0.4471,0.4500,21.350366,0.000000,21.350366,0.085960,0.000000,0.085960
#MARK,1029762,100,"seg_105_p18_b159_start",21.350366,0.000000,21.350366,0.085960,0.000000,0.085960
1029850,100,4.0163,122.500,0.4920,0.4900,21.353769,0.000000,21.353769,0.085973,0.000000,0.085973
1029950,100,4.0212,103.750,0.4172,0.4200,21.356651,0.000000,21.356651,0.085985,0.000000,0.085985
1030050,100,4.0150,123.750,0.4969,0.5000,21.360089,0.000000,21.360089,0.085999,0.000000,0.085999
1030150,100,4.0175,117.500,0.4721,0.4700,21.363352,0.000000,21.363352,0.086012,0.000000,0.086012
1030250,100,4.0062,153.750,0.6160,0.6100,21.367623,0.000000,21.367623,0.086029,0.000000,0.086029
1030350,100,4.0138,127.500,0.5118,0.5100,21.371165,0.000000,21.371165,0.086043,0.000000,0.086043
1030450,100,4.0225,100.000,0.4023,0.4100,21.373943,0.000000,21.373943,0.086054,0.000000,0.086054
1030550,100,4.0175,118.750,0.4771,0.4700,21.377241,0.000000,21.377241,0.086068,0.000000,0.086068
1030650,100,4.0225,97.500,0.3922,0.4000,21.379950,0.000000,21.379950,0.086079,0.000000,0.086079
1030750,100,4.0275,83.750,0.3373,0.3400,21.382276,0.000000,21.382276,0.086088,0.000000,0.086088
1030850,100,4.0237,95.000,0.3823,0.3800,21.384915,0.000000,21.384915,0.086099,0.000000,0.086099
1030950,100,4.0262,87.500,0.3523,0.3600,21.387345,0.000000,21.387345,0.086108,0.000000,0.086108
1031050,100,4.0212,106.250,0.4273,0.4200,21.390297,0.000000,21.390297,0.086120,0.000000,0.086120
1031150,100,4.0050,160.000,0.6408,0.6400,21.394741,0.000000,21.394741,0.086138,0.000000,0.086138
1031250,100,4.0113,138.750,0.5566,0.5600,21.398595,0.000000,21.398595,0.086154,0.000000,0.086154
1031350,100,3.9975,182.500,0.7295,0.7300,21.403665,0.000000,21.403665,0.086174,0.000000,0.086174
1031450,100,4.0050,157.500,0.6308,0.6300,21.408040,0.000000,21.408040,0.086191,0.000000,0.086191
1031550,100,4.0075,150.000,0.6011,0.6000,21.412207,0.000000,21.412207,0.086208,0.000000,0.086208
1031650,100,4.0275,83.750,0.3373,0.3400,21.414533,0.000000,21.414533,0.086217,0.000000,0.086217
1031750,100,4.0188,111.250,0.4471,0.4500,21.417623,0.000000,21.417623,0.086230,0.000000,0.086230
1031850,100,4.0212,105.000,0.4222,0.4200,21.420540,0.000000,21.420540,0.086242,0.000000,0.086242
1031950,100,4.0250,91.250,0.3673,0.3700,21.423075,0.000000,21.423075,0.086252,0.000000,0.086252
1032050,100,4.0250,91.250,0.3673,0.3700,21.425609,0.000000,21.425609,0.086262,0.000000,0.086262
1032150,100,4.0237,107.500,0.4326,0.4000,21.428595,0.000000,21.428595,0.086274,0.000000,0.086274
1032250,100,4.0200,110.000,0.4422,0.4500,21.431651,0.000000,21.431651,0.086286,0.000000,0.086286
1032350,100,4.0237,95.000,0.3823,0.3800,21.434290,0.000000,21.434290,0.086297,0.000000,0.086297
1032450,100,4.0300,78.750,0.3174,0.3200,21.436477,0.000000,21.436477,0.086306,0.000000,0.086306
1032550,100,4.0138,130.000,0.5218,0.5200,21.440089,0.000000,21.440089,0.086320,0.000000,0.086320
1032650,100,4.0138,127.500,0.5118,0.5100,21.443630,0.000000,21.443630,0.086334,0.000000,0.086334
1032750,100,4.0237,96.250,0.3873,0.3900,21.446304,0.000000,21.446304,0.086345,0.000000,0.086345
1032850,100,4.0150,141.250,0.5671,0.5700,21.450227,0.000000,21.450227,0.086361,0.000000,0.086361
1032950,100,4.0113,133.750,0.5365,0.5400,21.453943,0.000000,21.453943,0.086376,0.000000,0.086376
1033050,100,4.0113,135.000,0.5415,0.5400,21.457693,0.000000,21.457693,0.086391,0.000000,0.086391
1033150,100,4.0200,107.500,0.4322,0.4300,21.460679,0.000000,21.460679,0.086403,0.000000,0.086403
1033250,100,4.0188,111.250,0.4471,0.4500,21.463769,0.000000,21.463769,0.086415,0.000000,0.086415
1033350,100,4.0250,92.500,0.3723,0.3700,21.466339,0.000000,21.466339,0.086426,0.000000,0.086426
1033450,100,4.0188,113.750,0.4571,0.4600,21.469498,0.000000,21.469498,0.086438,0.000000,0.086438
1033550,100,4.0037,158.750,0.6356,0.6400,21.473908,0.000000,21.473908,0.086456,0.000000,0.086456
1033650,100,4.0050,156.250,0.6258,0.6200,21.478248,0.000000,21.478248,0.086473,0.000000,0.086473
1033750,100,4.0100,140.000,0.5614,0.5600,21.482137,0.000000,21.482137,0.086489,0.000000,0.086489
1033850,100,4.0138,127.500,0.5118,0.5100,21.485679,0.000000,21.485679,0.086503,0.000000,0.086503
1033950,100,4.0237,93.750,0.3772,0.3700,21.488283,0.000000,21.488283,0.086514,0.000000,0.086514
1034050,100,4.0200,106.250,0.4271,0.4300,21.491234,0.000000,21.491234,0.086525,0.000000,0.086525
1034150,100,4.0275,83.750,0.3373,0.3400,21.493561,0.000000,21.493561,0.086535,0.000000,0.086535
1034250,100,4.0313,83.750,0.3376,0.3400,21.495887,0.000000,21.495887,0.086544,0.000000,0.086544
1034350,100,4.0188,111.250,0.4471,0.4500,21.498977,0.000000,21.498977,0.086557,0.000000,0.086557
1034450,100,4.0012,171.250,0.6852,0.6800,21.503734,0.000000,21.503734,0.086576,0.000000,0.086576
1034550,100,4.0012,168.750,0.6752,0.6800,21.508422,0.000000,21.508422,0.086594,0.000000,0.086594
1034650,100,4.0125,128.750,0.5166,0.5100,21.511998,0.000000,21.511998,0.086609,0.000000,0.086609
1034750,100,4.0138,128.750,0.5168,0.5200,21.515575,0.000000,21.515575,0.086623,0.000000,0.086623
1034850,100,4.0150,121.250,0.4868,0.4900,21.518943,0.000000,21.518943,0.086637,0.000000,0.086637
1034950,100,4.0212,102.500,0.4122,0.4100,21.521790,0.000000,21.521790,0.086648,0.000000,0.086648
#MARK,1035007,100,"seg_105_p18_b159_end",21.521790,0.000000,21.521790,0.086648,0.000000,0.086648
1035050,100,4.0275,82.500,0.3323,0.3300,21.524082,0.000000,21.524082,0.086657,0.000000,0.086657
1035150,100,4.0250,90.000,0.3623,0.3600,21.526582,0.000000,21.526582,0.086667,0.000000,0.086667
1035250,100,4.0150,123.750,0.4969,0.5000,21.530019,0.000000,21.530019,0.086681,0.000000,0.086681
1035350,100,4.0225,97.500,0.3922,0.3900,21.532727,0.000000,21.532727,0.086692,0.000000,0.086692
1035450,100,4.0200,106.250,0.4271,0.4300,21.535679,0.000000,21.535679,0.086704,0.000000,0.086704
1035550,100,4.0237,93.750,0.3772,0.3800,21.538283,0.000000,21.538283,0.086714,0.000000,0.086714
1035650,100,4.0113,138.750,0.5566,0.5600,21.542137,0.000000,21.542137,0.086730,0.000000,0.086730
1035750,100,4.0200,105.000,0.4221,0.4300,21.545054,0.000000,21.545054,0.086742,0.000000,0.086742
1035850,100,4.0163,117.500,0.4719,0.4800,21.548318,0.000000,21.548318,0.086755,0.000000,0.086755
1035950,100,4.0150,121.250,0.4868,0.4900,21.551686,0.000000,21.551686,0.086768,0.000000,0.086768
1036050,100,4.0100,141.250,0.5664,0.5700,21.555609,0.000000,21.555609,0.086784,0.000000,0.086784
#MARK,1036124,100,"seg_106_p18_b191_start",21.555609,0.000000,21.555609,0.086784,0.000000,0.086784
1036150,100,4.0163,118.750,0.4769,0.4800,21.558908,0.000000,21.558908,0.086797,0.000000,0.086797
1036250,100,4.0163,118.750,0.4769,0.4800,21.562207,0.000000,21.562207,0.086810,0.000000,0.086810
1036350,100,4.0163,118.750,0.4769,0.4800,21.565505,0.000000,21.565505,0.086824,0.000000,0.086824
1036450,100,4.0250,91.250,0.3673,0.3700,21.568040,0.000000,21.568040,0.086834,0.000000,0.086834
1036550,100,4.0287,81.250,0.3273,0.3300,21.570297,0.000000,21.570297,0.086843,0.000000,0.086843
1036650,100,4.0000,175.000,0.7000,0.7000,21.575158,0.000000,21.575158,0.086862,0.000000,0.086862
1036750,100,4.0000,172.500,0.6900,0.6900,21.579950,0.000000,21.579950,0.086882,0.000000,0.086882
1036850,100,4.0138,125.000,0.5017,0.5000,21.583422,0.000000,21.583422,0.086896,0.000000,0.086896
1036950,100,4.0062,150.000,0.6009,0.6000,21.587589,0.000000,21.587589,0.086912,0.000000,0.086912
1037050,100,4.0037,160.000,0.6406,0.6400,21.592033,0.000000,21.592033,0.086930,0.000000,0.086930
1037150,100,3.9950,186.250,0.7441,0.7500,21.597207,0.000000,21.597207,0.086951,0.000000,0.086951
1037250,100,4.0037,160.000,0.6406,0.6400,21.601651,0.000000,21.601651,0.086969,0.000000,0.086969
1037350,100,4.0175,113.750,0.4570,0.4600,21.604811,0.000000,21.604811,0.086981,0.000000,0.086981
1037450,100,4.0188,107.500,0.4320,0.4300,21.607797,0.000000,21.607797,0.086993,0.000000,0.086993
1037550,100,4.0138,126.250,0.5067,0.5100,21.611304,0.000000,21.611304,0.087007,0.000000,0.087007
1037650,100,4.0163,118.750,0.4769,0.4800,21.614602,0.000000,21.614602,0.087021,0.000000,0.087021
1037750,100,4.0012,166.250,0.6652,0.6700,21.619220,0.000000,21.619220,0.087039,0.000000,0.087039
1037850,100,4.0012,167.500,0.6702,0.6700,21.623873,0.000000,21.623873,0.087058,0.000000,0.087058
1037950,100,4.0175,112.500,0.4520,0.4600,21.626998,0.000000,21.626998,0.087070,0.000000,0.087070
1038050,100,4.0163,117.500,0.4719,0.4700,21.630262,0.000000,21.630262,0.087083,0.000000,0.087083
1038150,100,4.0100,135.000,0.5414,0.5400,21.634012,0.000000,21.634012,0.087098,0.000000,0.087098
1038250,100,4.0250,87.500,0.3522,0.3500,21.636443,0.000000,21.636443,0.087108,0.000000,0.087108
1038350,100,4.0250,91.250,0.3673,0.3700,21.638977,0.000000,21.638977,0.087118,0.000000,0.087118
1038450,100,4.0225,98.750,0.3972,0.4000,21.641720,0.000000,21.641720,0.087129,0.000000,0.087129
1038550,100,4.0300,73.750,0.2972,0.3000,21.643769,0.000000,21.643769,0.087138,0.000000,0.087138
1038650,100,4.0075,150.000,0.6011,0.6000,21.647936,0.000000,21.647936,0.087154,0.000000,0.087154
1038750,100,4.0012,167.500,0.6702,0.6700,21.652589,0.000000,21.652589,0.087173,0.000000,0.087173
1038850,100,3.9950,190.000,0.7590,0.7600,21.657866,0.000000,21.657866,0.087194,0.000000,0.087194
1038950,100,3.9962,181.250,0.7243,0.7200,21.662901,0.000000,21.662901,0.087214,0.000000,0.087214
1039050,100,4.0012,165.000,0.6602,0.6600,21.667484,0.000000,21.667484,0.087232,0.000000,0.087232
1039150,100,4.0237,88.750,0.3571,0.3600,21.669950,0.000000,21.669950,0.087242,0.000000,0.087242
1039250,100,4.0225,115.000,0.4626,0.4000,21.673144,0.000000,21.673144,0.087255,0.000000,0.087255
1039350,100,4.0175,112.500,0.4520,0.4500,21.676269,0.000000,21.676269,0.087268,0.000000,0.087268
1039450,100,4.0200,103.750,0.4171,0.4200,21.679151,0.000000,21.679151,0.087279,0.000000,0.087279
1039550,100,4.0237,90.000,0.3621,0.3600,21.681651,0.000000,21.681651,0.087289,0.000000,0.087289
1039650,100,4.0225,97.500,0.3922,0.3900,21.684359,0.000000,21.684359,0.087300,0.000000,0.087300
1039750,100,4.0175,110.000,0.4419,0.4400,21.687415,0.000000,21.687415,0.087313,0.000000,0.087313
1039850,100,4.0175,115.000,0.4620,0.4600,21.690609,0.000000,21.690609,0.087325,0.000000,0.087325
1039950,100,4.0287,70.000,0.2820,0.2800,21.692554,0.000000,21.692554,0.087333,0.000000,0.087333
1040050,100,4.0125,131.250,0.5266,0.5300,21.696200,0.000000,21.696200,0.087348,0.000000,0.087348
1040150,100,4.0100,136.250,0.5464,0.5500,21.699984,0.000000,21.699984,0.087363,0.000000,0.087363
1040250,100,4.0087,141.250,0.5662,0.5600,21.703908,0.000000,21.703908,0.087379,0.000000,0.087379
1040350,100,4.0163,118.750,0.4769,0.4800,21.707207,0.000000,21.707207,0.087392,0.000000,0.087392
1040450,100,4.0037,156.250,0.6256,0.6200,21.711547,0.000000,21.711547,0.087409,0.000000,0.087409
1040550,100,4.0050,153.750,0.6158,0.6200,21.715818,0.000000,21.715818,0.087427,0.000000,0.087427
1040650,100,4.0138,116.250,0.4666,0.4700,21.719047,0.000000,21.719047,0.087440,0.000000,0.087440
1040750,100,4.0138,122.500,0.4917,0.4900,21.722450,0.000000,21.722450,0.087453,0.000000,0.087453
1040850,100,4.0150,118.750,0.4768,0.4700,21.725748,0.000000,21.725748,0.087466,0.000000,0.087466
1040950,100,4.0250,85.000,0.3421,0.3500,21.728109,0.000000,21.728109,0.087476,0.000000,0.087476
1041050,100,4.0000,172.500,0.6900,0.6900,21.732901,0.000000,21.732901,0.087495,0.000000,0.087495
1041150,100,4.0000,170.000,0.6800,0.6800,21.737623,0.000000,21.737623,0.087514,0.000000,0.087514
1041250,100,4.0037,155.000,0.6206,0.6200,21.741929,0.000000,21.741929,0.087531,0.000000,0.087531
1041350,100,4.0025,148.750,0.5954,0.6000,21.746061,0.000000,21.746061,0.087548,0.000000,0.087548
#MARK,1041374,100,"seg_106_p18_b191_end",21.746061,0.000000,21.746061,0.087548,0.000000,0.087548
1041450,100,4.0175,111.250,0.4469,0.4400,21.749151,0.000000,21.749151,0.087560,0.000000,0.087560
1041550,100,4.0150,121.250,0.4868,0.4800,21.752519,0.000000,21.752519,0.087574,0.000000,0.087574
1041650,100,4.0250,87.500,0.3522,0.3500,21.754950,0.000000,21.754950,0.087583,0.000000,0.087583
1041750,100,4.0275,81.250,0.3272,0.3300,21.757207,0.000000,21.757207,0.087593,0.000000,0.087593
1041850,100,4.0175,113.750,0.4570,0.4600,21.760366,0.000000,21.760366,0.087605,0.000000,0.087605
1041950,100,3.9925,197.500,0.7885,0.7900,21.765852,0.000000,21.765852,0.087627,0.000000,0.087627
1042050,100,3.9887,205.000,0.8177,0.8200,21.771547,0.000000,21.771547,0.087650,0.000000,0.087650
1042150,100,3.9900,201.250,0.8030,0.8000,21.777137,0.000000,21.777137,0.087672,0.000000,0.087672
1042250,100,4.0075,141.250,0.5661,0.5700,21.781061,0.000000,21.781061,0.087688,0.000000,0.087688
1042350,100,4.0025,160.000,0.6404,0.6400,21.785505,0.000000,21.785505,0.087706,0.000000,0.087706
1042450,100,4.0138,117.500,0.4716,0.4700,21.788769,0.000000,21.788769,0.087719,0.000000,0.087719
#MARK,1042519,100,"seg_107_p18_b223_start",21.788769,0.000000,21.788769,0.087719,0.000000,0.087719
1042550,100,4.0225,95.000,0.3821,0.3800,21.791408,0.000000,21.791408,0.087729,0.000000,0.087729
1042650,100,4.0200,101.250,0.4070,0.4100,21.794220,0.000000,21.794220,0.087741,0.000000,0.087741
1042750,100,4.0150,120.000,0.4818,0.4800,21.797554,0.000000,21.797554,0.087754,0.000000,0.087754
1042850,100,4.0150,118.750,0.4768,0.4800,21.800852,0.000000,21.800852,0.087767,0.000000,0.087767
1042950,100,4.0150,121.250,0.4868,0.4900,21.804220,0.000000,21.804220,0.087781,0.000000,0.087781
1043050,100,4.0262,81.250,0.3271,0.3300,21.806477,0.000000,21.806477,0.087790,0.000000,0.087790
1043150,100,4.0100,137.500,0.5514,0.5500,21.810297,0.000000,21.810297,0.087805,0.000000,0.087805
1043250,100,4.0150,116.250,0.4667,0.4700,21.813526,0.000000,21.813526,0.087818,0.000000,0.087818
1043350,100,4.0100,132.500,0.5313,0.5300,21.817207,0.000000,21.817207,0.087833,0.000000,0.087833
1043450,100,4.0125,125.000,0.5016,0.5000,21.820679,0.000000,21.820679,0.087847,0.000000,0.087847
1043550,100,4.0087,142.500,0.5712,0.5700,21.824637,0.000000,21.824637,0.087863,0.000000,0.087863
1043650,100,4.0050,151.250,0.6058,0.6100,21.828839,0.000000,21.828839,0.087880,0.000000,0.087880
1043750,100,4.0200,102.500,0.4121,0.4100,21.831686,0.000000,21.831686,0.087891,0.000000,0.087891
1043850,100,4.0075,145.000,0.5811,0.5800,21.835714,0.000000,21.835714,0.087907,0.000000,0.087907
1043950,100,4.0188,106.250,0.4270,0.4300,21.838665,0.000000,21.838665,0.087919,0.000000,0.087919
1044050,100,4.0275,80.000,0.3222,0.3200,21.840887,0.000000,21.840887,0.087928,0.000000,0.087928
1044150,100,3.9975,178.750,0.7146,0.7100,21.845852,0.000000,21.845852,0.087948,0.000000,0.087948
1044250,100,3.9913,197.500,0.7883,0.7900,21.851339,0.000000,21.851339,0.087970,0.000000,0.087970
1044350,100,4.0000,167.500,0.6700,0.6700,21.855991,0.000000,21.855991,0.087988,0.000000,0.087988
1044450,100,4.0037,153.750,0.6156,0.6100,21.860262,0.000000,21.860262,0.088005,0.000000,0.088005
1044550,100,3.9987,170.000,0.6798,0.6800,21.864984,0.000000,21.864984,0.088024,0.000000,0.088024
1044650,100,3.9913,193.750,0.7733,0.7700,21.870366,0.000000,21.870366,0.088046,0.000000,0.088046
1044750,100,3.9950,182.500,0.7291,0.7300,21.875436,0.000000,21.875436,0.088066,0.000000,0.088066
1044850,100,4.0150,115.000,0.4617,0.4600,21.878630,0.000000,21.878630,0.088079,0.000000,0.088079
1044950,100,4.0075,141.250,0.5661,0.5700,21.882554,0.000000,21.882554,0.088095,0.000000,0.088095
1045050,100,4.0163,110.000,0.4418,0.4400,21.885609,0.000000,21.885609,0.088107,0.000000,0.088107
1045150,100,4.0062,146.250,0.5859,0.5900,21.889672,0.000000,21.889672,0.088123,0.000000,0.088123
1045250,100,4.0050,150.000,0.6008,0.6000,21.893839,0.000000,21.893839,0.088140,0.000000,0.088140
1045350,100,3.9938,185.000,0.7388,0.7400,21.898977,0.000000,21.898977,0.088160,0.000000,0.088160
1045450,100,4.0125,123.750,0.4965,0.5000,21.902415,0.000000,21.902415,0.088174,0.000000,0.088174
1045550,100,4.0138,122.500,0.4917,0.4900,21.905818,0.000000,21.905818,0.088188,0.000000,0.088188
1045650,100,4.0100,133.750,0.5363,0.5400,21.909533,0.000000,21.909533,0.088203,0.000000,0.088203
1045750,100,4.0163,112.500,0.4518,0.4500,21.912658,0.000000,21.912658,0.088215,0.000000,0.088215
1045850,100,4.0225,91.250,0.3671,0.3700,21.915193,0.000000,21.915193,0.088225,0.000000,0.088225
1045950,100,4.0175,106.250,0.4269,0.4300,21.918144,0.000000,21.918144,0.088237,0.000000,0.088237
1046050,100,4.0262,80.000,0.3221,0.3200,21.920366,0.000000,21.920366,0.088246,0.000000,0.088246
1046150,100,4.0075,145.000,0.5811,0.5800,21.924394,0.000000,21.924394,0.088262,0.000000,0.088262
1046250,100,3.9913,196.250,0.7833,0.7800,21.929845,0.000000,21.929845,0.088284,0.000000,0.088284
1046350,100,4.0012,162.500,0.6502,0.6500,21.934359,0.000000,21.934359,0.088302,0.000000,0.088302
1046450,100,3.9813,225.000,0.8958,0.9000,21.940609,0.000000,21.940609,0.088327,0.000000,0.088327
1046550,100,3.9938,182.500,0.7289,0.7300,21.945679,0.000000,21.945679,0.088347,0.000000,0.088347
1046650,100,4.0025,155.000,0.6204,0.6200,21.949984,0.000000,21.949984,0.088365,0.000000,0.088365
1046750,100,4.0237,87.500,0.3521,0.3600,21.952415,0.000000,21.952415,0.088374,0.000000,0.088374
1046850,100,4.0125,126.250,0.5066,0.5000,21.955922,0.000000,21.955922,0.088388,0.000000,0.088388
1046950,100,4.0163,112.500,0.4518,0.4500,21.959047,0.000000,21.959047,0.088401,0.000000,0.088401
1047050,100,4.0188,95.000,0.3818,0.4100,21.961686,0.000000,21.961686,0.088412,0.000000,0.088412
1047150,100,4.0200,98.750,0.3970,0.4000,21.964429,0.000000,21.964429,0.088423,0.000000,0.088423
1047250,100,4.0138,120.000,0.4816,0.4800,21.967762,0.000000,21.967762,0.088436,0.000000,0.088436
1047350,100,4.0087,136.250,0.5462,0.5500,21.971547,0.000000,21.971547,0.088451,0.000000,0.088451
1047450,100,4.0237,86.250,0.3470,0.3500,21.973943,0.000000,21.973943,0.088461,0.000000,0.088461
1047550,100,4.0150,116.250,0.4667,0.4700,21.977172,0.000000,21.977172,0.088474,0.000000,0.088474
1047650,100,4.0050,148.750,0.5957,0.6000,21.981304,0.000000,21.981304,0.088490,0.000000,0.088490
1047750,100,4.0050,157.500,0.6308,0.6300,21.985679,0.000000,21.985679,0.088508,0.000000,0.088508
#MARK,1047773,100,"seg_107_p18_b223_end",21.985679,0.000000,21.985679,0.088508,0.000000,0.088508
1047850,100,4.0138,118.750,0.4766,0.4800,21.988977,0.000000,21.988977,0.088521,0.000000,0.088521
1047950,100,3.9950,183.750,0.7341,0.7400,21.994082,0.000000,21.994082,0.088542,0.000000,0.088542
1048050,100,4.0000,163.750,0.6550,0.6600,21.998630,0.000000,21.998630,0.088560,0.000000,0.088560
1048150,100,4.0012,158.750,0.6352,0.6400,22.003040,0.000000,22.003040,0.088577,0.000000,0.088577
1048250,100,4.0075,140.000,0.5610,0.5600,22.006929,0.000000,22.006929,0.088593,0.000000,0.088593
1048350,100,4.0062,145.000,0.5809,0.5800,22.010957,0.000000,22.010957,0.088609,0.000000,0.088609
1048450,100,4.0138,92.500,0.3713,0.3700,22.013526,0.000000,22.013526,0.088619,0.000000,0.088619
1048550,100,4.0125,125.000,0.5016,0.5000,22.016998,0.000000,22.016998,0.088633,0.000000,0.088633
1048650,100,3.9850,216.250,0.8618,0.8600,22.023005,0.000000,22.023005,0.088657,0.000000,0.088657
1048750,100,3.9850,213.750,0.8518,0.8500,22.028943,0.000000,22.028943,0.088681,0.000000,0.088681
1048850,100,3.9913,191.250,0.7633,0.7600,22.034255,0.000000,22.034255,0.088702,0.000000,0.088702
#MARK,1048904,100,"seg_108_p18_b255_start",22.034255,0.000000,22.034255,0.088702,0.000000,0.088702
1048950,100,4.0062,140.000,0.5609,0.5600,22.038144,0.000000,22.038144,0.088718,0.000000,0.088718
1049050,100,4.0125,120.000,0.4815,0.4800,22.041477,0.000000,22.041477,0.088731,0.000000,0.088731
1049150,100,4.0100,105.000,0.4211,0.4200,22.044394,0.000000,22.044394,0.088743,0.000000,0.088743
1049250,100,4.0212,92.500,0.3720,0.3700,22.046964,0.000000,22.046964,0.088753,0.000000,0.088753
1049350,100,4.0225,88.750,0.3570,0.3600,22.049429,0.000000,22.049429,0.088763,0.000000,0.088763
1049450,100,4.0037,153.750,0.6156,0.6200,22.053700,0.000000,22.053700,0.088780,0.000000,0.088780
1049550,100,3.9800,232.500,0.9254,0.9200,22.060158,0.000000,22.060158,0.088806,0.000000,0.088806
1049650,100,3.9800,227.500,0.9055,0.9100,22.066477,0.000000,22.066477,0.088831,0.000000,0.088831
1049750,100,4.0012,155.000,0.6202,0.6200,22.070783,0.000000,22.070783,0.088848,0.000000,0.088848
1049850,100,3.9975,171.250,0.6846,0.6900,22.075540,0.000000,22.075540,0.088867,0.000000,0.088867
1049950,100,4.0000,160.000,0.6400,0.6400,22.079984,0.000000,22.079984,0.088885,0.000000,0.088885
1050050,100,4.0100,125.000,0.5013,0.5000,22.083457,0.000000,22.083457,0.088899,0.000000,0.088899
1050150,100,4.0200,98.750,0.3970,0.4000,22.086200,0.000000,22.086200,0.088910,0.000000,0.088910
1050250,100,4.0200,96.250,0.3869,0.3900,22.088873,0.000000,22.088873,0.088921,0.000000,0.088921
1050350,100,4.0075,136.250,0.5460,0.5500,22.092658,0.000000,22.092658,0.088936,0.000000,0.088936
1050450,100,4.0125,120.000,0.4815,0.4800,22.095991,0.000000,22.095991,0.088949,0.000000,0.088949
1050550,100,4.0200,96.250,0.3869,0.3800,22.098665,0.000000,22.098665,0.088960,0.000000,0.088960
1050650,100,4.0212,92.500,0.3720,0.3700,22.101234,0.000000,22.101234,0.088970,0.000000,0.088970
1050750,100,4.0000,162.500,0.6500,0.6500,22.105748,0.000000,22.105748,0.088988,0.000000,0.088988
1050850,100,4.0125,120.000,0.4815,0.4800,22.109082,0.000000,22.109082,0.089002,0.000000,0.089002
1050950,100,4.0125,118.750,0.4765,0.4800,22.112380,0.000000,22.112380,0.089015,0.000000,0.089015
1051050,100,4.0075,137.500,0.5510,0.5500,22.116200,0.000000,22.116200,0.089030,0.000000,0.089030
1051150,100,4.0000,162.500,0.6500,0.6500,22.120714,0.000000,22.120714,0.089048,0.000000,0.089048
1051250,100,4.0138,115.000,0.4616,0.4600,22.123908,0.000000,22.123908,0.089061,0.000000,0.089061
1051350,100,4.0113,126.250,0.5064,0.5000,22.127415,0.000000,22.127415,0.089075,0.000000,0.089075
1051450,100,4.0075,137.500,0.5510,0.5500,22.131234,0.000000,22.131234,0.089091,0.000000,0.089091
1051550,100,4.0225,88.750,0.3570,0.3600,22.133700,0.000000,22.133700,0.089100,0.000000,0.089100
1051650,100,4.0150,117.500,0.4718,0.4700,22.136964,0.000000,22.136964,0.089114,0.000000,0.089114
1051750,100,3.9838,217.500,0.8665,0.8700,22.143005,0.000000,22.143005,0.089138,0.000000,0.089138
1051850,100,3.9900,195.000,0.7780,0.7800,22.148422,0.000000,22.148422,0.089159,0.000000,0.089159
1051950,100,4.0012,156.250,0.6252,0.6200,22.152762,0.000000,22.152762,0.089177,0.000000,0.089177
1052050,100,3.9962,172.500,0.6894,0.6900,22.157554,0.000000,22.157554,0.089196,0.000000,0.089196
1052150,100,3.9925,185.000,0.7386,0.7400,22.162693,0.000000,22.162693,0.089216,0.000000,0.089216
1052250,100,3.9813,222.500,0.8858,0.8800,22.168873,0.000000,22.168873,0.089241,0.000000,0.089241
1052350,100,3.9975,167.500,0.6696,0.6700,22.173526,0.000000,22.173526,0.089259,0.000000,0.089259
1052450,100,4.0037,147.500,0.5906,0.5900,22.177623,0.000000,22.177623,0.089276,0.000000,0.089276
1052550,100,4.0163,107.500,0.4317,0.4300,22.180609,0.000000,22.180609,0.089288,0.000000,0.089288
1052650,100,4.0012,155.000,0.6202,0.6200,22.184915,0.000000,22.184915,0.089305,0.000000,0.089305
1052750,100,4.0087,132.500,0.5312,0.5300,22.188595,0.000000,22.188595,0.089320,0.000000,0.089320
1052850,100,3.9913,191.250,0.7633,0.7600,22.193908,0.000000,22.193908,0.089341,0.000000,0.089341
1052950,100,3.9925,183.750,0.7336,0.7400,22.199012,0.000000,22.199012,0.089361,0.000000,0.089361
1053050,100,4.0113,122.500,0.4914,0.4900,22.202415,0.000000,22.202415,0.089375,0.000000,0.089375
1053150,100,4.0075,136.250,0.5460,0.5500,22.206200,0.000000,22.206200,0.089390,0.000000,0.089390
1053250,100,4.0062,140.000,0.5609,0.5600,22.210089,0.000000,22.210089,0.089406,0.000000,0.089406
1053350,100,4.0225,86.250,0.3469,0.3500,22.212484,0.000000,22.212484,0.089415,0.000000,0.089415
1053450,100,4.0188,97.500,0.3918,0.3900,22.215193,0.000000,22.215193,0.089426,0.000000,0.089426
1053550,100,4.0150,112.500,0.4517,0.4500,22.218318,0.000000,22.218318,0.089439,0.000000,0.089439
1053650,100,4.0225,86.250,0.3469,0.3500,22.220714,0.000000,22.220714,0.089449,0.000000,0.089449
1053750,100,3.9925,190.000,0.7586,0.7600,22.225991,0.000000,22.225991,0.089470,0.000000,0.089470
1053850,100,3.9950,175.000,0.6991,0.7000,22.230852,0.000000,22.230852,0.089489,0.000000,0.089489
1053950,100,3.9738,243.750,0.9686,0.9700,22.237623,0.000000,22.237623,0.089516,0.000000,0.089516
1054050,100,3.9850,206.250,0.8219,0.8200,22.243352,0.000000,22.243352,0.089539,0.000000,0.089539
#MARK,1054141,100,"seg_108_p18_b255_end",22.243352,0.000000,22.243352,0.089539,0.000000,0.089539
1054150,100,3.9887,192.500,0.7678,0.7800,22.248700,0.000000,22.248700,0.089560,0.000000,0.089560
1054250,100,4.0212,85.000,0.3418,0.3500,22.251061,0.000000,22.251061,0.089570,0.000000,0.089570
1054350,100,4.0200,93.750,0.3769,0.3800,22.253665,0.000000,22.253665,0.089580,0.000000,0.089580
1054450,100,4.0188,98.750,0.3969,0.4000,22.256408,0.000000,22.256408,0.089591,0.000000,0.089591
1054550,100,4.0175,100.000,0.4017,0.4100,22.259186,0.000000,22.259186,0.089602,0.000000,0.089602
1054650,100,4.0175,102.500,0.4118,0.4100,22.262033,0.000000,22.262033,0.089614,0.000000,0.089614
1054750,100,4.0175,102.500,0.4118,0.4200,22.264880,0.000000,22.264880,0.089625,0.000000,0.089625
1054850,100,4.0175,102.500,0.4118,0.4100,22.267727,0.000000,22.267727,0.089637,0.000000,0.089637
1054950,100,4.0175,101.250,0.4068,0.4100,22.270540,0.000000,22.270540,0.089648,0.000000,0.089648
1055050,100,4.0188,100.000,0.4019,0.4000,22.273318,0.000000,22.273318,0.089659,0.000000,0.089659
1055150,100,4.0188,97.500,0.3918,0.3900,22.276026,0.000000,22.276026,0.089670,0.000000,0.089670
1055250,100,4.0200,96.250,0.3869,0.3800,22.278700,0.000000,22.278700,0.089681,0.000000,0.089681
#MARK,1055259,100,"seg_109_p19_b095_start",22.278700,0.000000,22.278700,0.089681,0.000000,0.089681
1055350,100,4.0200,95.000,0.3819,0.3800,22.281339,0.000000,22.281339,0.089691,0.000000,0.089691
1055450,100,4.0212,93.750,0.3770,0.3800,22.283943,0.000000,22.283943,0.089702,0.000000,0.089702
1055550,100,4.0212,93.750,0.3770,0.3700,22.286547,0.000000,22.286547,0.089712,0.000000,0.089712
1055650,100,4.0212,93.750,0.3770,0.3700,22.289151,0.000000,22.289151,0.089723,0.000000,0.089723
1055750,100,4.0212,92.500,0.3720,0.3700,22.291720,0.000000,22.291720,0.089733,0.000000,0.089733
1055850,100,4.0212,91.250,0.3669,0.3700,22.294255,0.000000,22.294255,0.089743,0.000000,0.089743
1055950,100,4.0225,88.750,0.3570,0.3600,22.296720,0.000000,22.296720,0.089753,0.000000,0.089753
1056050,100,4.0225,87.500,0.3520,0.3600,22.299151,0.000000,22.299151,0.089763,0.000000,0.089763
1056150,100,4.0237,85.000,0.3420,0.3400,22.301512,0.000000,22.301512,0.089772,0.000000,0.089772
1056250,100,4.0250,82.500,0.3321,0.3300,22.303804,0.000000,22.303804,0.089782,0.000000,0.089782
1056350,100,4.0250,82.500,0.3321,0.3300,22.306095,0.000000,22.306095,0.089791,0.000000,0.089791
1056450,100,4.0250,82.500,0.3321,0.3300,22.308387,0.000000,22.308387,0.089800,0.000000,0.089800
1056550,100,4.0237,83.750,0.3370,0.3400,22.310714,0.000000,22.310714,0.089809,0.000000,0.089809
1056650,100,4.0237,85.000,0.3420,0.3400,22.313075,0.000000,22.313075,0.089819,0.000000,0.089819
1056750,100,4.0237,86.250,0.3470,0.3500,22.315470,0.000000,22.315470,0.089829,0.000000,0.089829
1056850,100,4.0225,90.000,0.3620,0.3600,22.317970,0.000000,22.317970,0.089839,0.000000,0.089839
1056950,100,4.0225,90.000,0.3620,0.3600,22.320470,0.000000,22.320470,0.089849,0.000000,0.089849
1057050,100,4.0225,92.500,0.3721,0.3700,22.323040,0.000000,22.323040,0.089859,0.000000,0.089859
1057150,100,4.0212,93.750,0.3770,0.3800,22.325644,0.000000,22.325644,0.089869,0.000000,0.089869
1057250,100,4.0212,93.750,0.3770,0.3800,22.328248,0.000000,22.328248,0.089880,0.000000,0.089880
1057350,100,4.0212,93.750,0.3770,0.3700,22.330852,0.000000,22.330852,0.089890,0.000000,0.089890
1057450,100,4.0212,92.500,0.3720,0.3700,22.333422,0.000000,22.333422,0.089901,0.000000,0.089901
1057550,100,4.0225,90.000,0.3620,0.3600,22.335922,0.000000,22.335922,0.089911,0.000000,0.089911
1057650,100,4.0225,88.750,0.3570,0.3600,22.338387,0.000000,22.338387,0.089921,0.000000,0.089921
1057750,100,4.0237,88.750,0.3571,0.3600,22.340852,0.000000,22.340852,0.089931,0.000000,0.089931
1057850,100,4.0237,87.500,0.3521,0.3500,22.343283,0.000000,22.343283,0.089940,0.000000,0.089940
1057950,100,4.0237,87.500,0.3521,0.3600,22.345714,0.000000,22.345714,0.089950,0.000000,0.089950
1058050,100,4.0237,88.750,0.3571,0.3600,22.348179,0.000000,22.348179,0.089960,0.000000,0.089960
1058150,100,4.0225,91.250,0.3671,0.3700,22.350714,0.000000,22.350714,0.089970,0.000000,0.089970
1058250,100,4.0212,92.500,0.3720,0.3700,22.353283,0.000000,22.353283,0.089981,0.000000,0.089981
1058350,100,4.0212,95.000,0.3820,0.3800,22.355922,0.000000,22.355922,0.089991,0.000000,0.089991
1058450,100,4.0212,96.250,0.3870,0.3800,22.358595,0.000000,22.358595,0.090002,0.000000,0.090002
1058550,100,4.0212,96.250,0.3870,0.3900,22.361269,0.000000,22.361269,0.090013,0.000000,0.090013
1058650,100,4.0212,97.500,0.3921,0.3900,22.363977,0.000000,22.363977,0.090024,0.000000,0.090024
1058750,100,4.0212,95.000,0.3820,0.3800,22.366616,0.000000,22.366616,0.090034,0.000000,0.090034
1058850,100,4.0212,93.750,0.3770,0.3800,22.369220,0.000000,22.369220,0.090045,0.000000,0.090045
1058950,100,4.0225,91.250,0.3671,0.3700,22.371755,0.000000,22.371755,0.090055,0.000000,0.090055
1059050,100,4.0225,88.750,0.3570,0.3600,22.374220,0.000000,22.374220,0.090065,0.000000,0.090065
1059150,100,4.0237,87.500,0.3521,0.3600,22.376651,0.000000,22.376651,0.090075,0.000000,0.090075
1059250,100,4.0237,86.250,0.3470,0.3500,22.379047,0.000000,22.379047,0.090084,0.000000,0.090084
1059350,100,4.0250,86.250,0.3472,0.3500,22.381443,0.000000,22.381443,0.090094,0.000000,0.090094
1059450,100,4.0237,87.500,0.3521,0.3500,22.383873,0.000000,22.383873,0.090104,0.000000,0.090104
1059550,100,4.0237,86.250,0.3470,0.3500,22.386269,0.000000,22.386269,0.090113,0.000000,0.090113
1059650,100,4.0237,87.500,0.3521,0.3600,22.388700,0.000000,22.388700,0.090123,0.000000,0.090123
1059750,100,4.0237,87.500,0.3521,0.3600,22.391130,0.000000,22.391130,0.090133,0.000000,0.090133
1059850,100,4.0237,87.500,0.3521,0.3600,22.393561,0.000000,22.393561,0.090143,0.000000,0.090143
1059950,100,4.0237,88.750,0.3571,0.3600,22.396026,0.000000,22.396026,0.090153,0.000000,0.090153
1060050,100,4.0237,86.250,0.3470,0.3500,22.398422,0.000000,22.398422,0.090162,0.000000,0.090162
1060150,100,4.0237,87.500,0.3521,0.3600,22.400852,0.000000,22.400852,0.090172,0.000000,0.090172
1060250,100,4.0237,86.250,0.3470,0.3500,22.403248,0.000000,22.403248,0.090182,0.000000,0.090182
1060350,100,4.0237,86.250,0.3470,0.3500,22.405644,0.000000,22.405644,0.090191,0.000000,0.090191
1060450,100,4.0237,86.250,0.3470,0.3500,22.408040,0.000000,22.408040,0.090201,0.000000,0.090201
#MARK,1060507,100,"seg_109_p19_b095_end",22.408040,0.000000,22.408040,0.090201,0.000000,0.090201
1060550,100,4.0237,88.750,0.3571,0.3600,22.410505,0.000000,22.410505,0.090211,0.000000,0.090211
1060650,100,4.0200,98.750,0.3970,0.4000,22.413248,0.000000,22.413248,0.090222,0.000000,0.090222
1060750,100,4.0188,103.750,0.4169,0.4200,22.416130,0.000000,22.416130,0.090233,0.000000,0.090233
1060850,100,4.0175,108.750,0.4369,0.4400,22.419151,0.000000,22.419151,0.090246,0.000000,0.090246
1060950,100,4.0163,111.250,0.4468,0.4500,22.422241,0.000000,22.422241,0.090258,0.000000,0.090258
1061050,100,4.0150,113.750,0.4567,0.4600,22.425401,0.000000,22.425401,0.090271,0.000000,0.090271
1061150,100,4.0150,115.000,0.4617,0.4600,22.428595,0.000000,22.428595,0.090284,0.000000,0.090284
1061250,100,4.0150,113.750,0.4567,0.4600,22.431755,0.000000,22.431755,0.090296,0.000000,0.090296
1061350,100,4.0163,111.250,0.4468,0.4500,22.434845,0.000000,22.434845,0.090309,0.000000,0.090309
1061450,100,4.0163,110.000,0.4418,0.4500,22.437901,0.000000,22.437901,0.090321,0.000000,0.090321
1061550,100,4.0175,107.500,0.4319,0.4300,22.440887,0.000000,22.440887,0.090333,0.000000,0.090333
#MARK,1061624,100,"seg_110_p19_b127_start",22.440887,0.000000,22.440887,0.090333,0.000000,0.090333
1061650,100,4.0188,105.000,0.4220,0.4200,22.443804,0.000000,22.443804,0.090345,0.000000,0.090345
1061750,100,4.0188,103.750,0.4169,0.4200,22.446686,0.000000,22.446686,0.090356,0.000000,0.090356
1061850,100,4.0188,101.250,0.4069,0.4100,22.449498,0.000000,22.449498,0.090368,0.000000,0.090368
1061950,100,4.0188,101.250,0.4069,0.4100,22.452311,0.000000,22.452311,0.090379,0.000000,0.090379
1062050,100,4.0200,101.250,0.4070,0.4100,22.455123,0.000000,22.455123,0.090390,0.000000,0.090390
1062150,100,4.0200,100.000,0.4020,0.4000,22.457901,0.000000,22.457901,0.090401,0.000000,0.090401
1062250,100,4.0212,97.500,0.3921,0.3900,22.460609,0.000000,22.460609,0.090412,0.000000,0.090412
1062350,100,4.0212,95.000,0.3820,0.3800,22.463248,0.000000,22.463248,0.090423,0.000000,0.090423
1062450,100,4.0225,92.500,0.3721,0.3700,22.465818,0.000000,22.465818,0.090433,0.000000,0.090433
1062550,100,4.0237,88.750,0.3571,0.3600,22.468283,0.000000,22.468283,0.090443,0.000000,0.090443
1062650,100,4.0237,86.250,0.3470,0.3500,22.470679,0.000000,22.470679,0.090453,0.000000,0.090453
1062750,100,4.0237,86.250,0.3470,0.3500,22.473075,0.000000,22.473075,0.090462,0.000000,0.090462
1062850,100,4.0237,86.250,0.3470,0.3500,22.475470,0.000000,22.475470,0.090472,0.000000,0.090472
1062950,100,4.0237,88.750,0.3571,0.3600,22.477936,0.000000,22.477936,0.090482,0.000000,0.090482
1063050,100,4.0225,91.250,0.3671,0.3700,22.480470,0.000000,22.480470,0.090492,0.000000,0.090492
1063150,100,4.0225,93.750,0.3771,0.3800,22.483075,0.000000,22.483075,0.090503,0.000000,0.090503
1063250,100,4.0212,96.250,0.3870,0.3800,22.485748,0.000000,22.485748,0.090513,0.000000,0.090513
1063350,100,4.0212,100.000,0.4021,0.4000,22.488526,0.000000,22.488526,0.090524,0.000000,0.090524
1063450,100,4.0200,101.250,0.4070,0.4100,22.491339,0.000000,22.491339,0.090536,0.000000,0.090536
1063550,100,4.0188,102.500,0.4119,0.4100,22.494186,0.000000,22.494186,0.090547,0.000000,0.090547
1063650,100,4.0188,103.750,0.4169,0.4200,22.497068,0.000000,22.497068,0.090559,0.000000,0.090559
1063750,100,4.0188,102.500,0.4119,0.4100,22.499915,0.000000,22.499915,0.090570,0.000000,0.090570
1063850,100,4.0200,100.000,0.4020,0.4100,22.502693,0.000000,22.502693,0.090581,0.000000,0.090581
1063950,100,4.0212,97.500,0.3921,0.3900,22.505401,0.000000,22.505401,0.090592,0.000000,0.090592
1064050,100,4.0212,96.250,0.3870,0.3800,22.508075,0.000000,22.508075,0.090603,0.000000,0.090603
1064150,100,4.0212,95.000,0.3820,0.3800,22.510714,0.000000,22.510714,0.090614,0.000000,0.090614
1064250,100,4.0212,93.750,0.3770,0.3800,22.513318,0.000000,22.513318,0.090624,0.000000,0.090624
1064350,100,4.0212,95.000,0.3820,0.3800,22.515957,0.000000,22.515957,0.090635,0.000000,0.090635
1064450,100,4.0212,96.250,0.3870,0.3900,22.518630,0.000000,22.518630,0.090646,0.000000,0.090646
1064550,100,4.0200,100.000,0.4020,0.4000,22.521408,0.000000,22.521408,0.090657,0.000000,0.090657
1064650,100,4.0188,102.500,0.4119,0.4100,22.524255,0.000000,22.524255,0.090668,0.000000,0.090668
1064750,100,4.0188,105.000,0.4220,0.4200,22.527172,0.000000,22.527172,0.090680,0.000000,0.090680
1064850,100,4.0175,105.000,0.4218,0.4300,22.530089,0.000000,22.530089,0.090692,0.000000,0.090692
1064950,100,4.0175,106.250,0.4269,0.4300,22.533040,0.000000,22.533040,0.090703,0.000000,0.090703
1065050,100,4.0175,106.250,0.4269,0.4300,22.535991,0.000000,22.535991,0.090715,0.000000,0.090715
1065150,100,4.0188,105.000,0.4220,0.4200,22.538908,0.000000,22.538908,0.090727,0.000000,0.090727
1065250,100,4.0200,101.250,0.4070,0.4100,22.541720,0.000000,22.541720,0.090738,0.000000,0.090738
1065350,100,4.0200,97.500,0.3919,0.3900,22.544429,0.000000,22.544429,0.090749,0.000000,0.090749
1065450,100,4.0212,96.250,0.3870,0.3800,22.547102,0.000000,22.547102,0.090760,0.000000,0.090760
1065550,100,4.0212,95.000,0.3820,0.3800,22.549741,0.000000,22.549741,0.090771,0.000000,0.090771
1065650,100,4.0212,93.750,0.3770,0.3700,22.552345,0.000000,22.552345,0.090781,0.000000,0.090781
1065750,100,4.0225,92.500,0.3721,0.3700,22.554915,0.000000,22.554915,0.090791,0.000000,0.090791
1065850,100,4.0225,92.500,0.3721,0.3700,22.557484,0.000000,22.557484,0.090802,0.000000,0.090802
1065950,100,4.0225,93.750,0.3771,0.3800,22.560089,0.000000,22.560089,0.090812,0.000000,0.090812
1066050,100,4.0212,93.750,0.3770,0.3700,22.562693,0.000000,22.562693,0.090823,0.000000,0.090823
1066150,100,4.0212,95.000,0.3820,0.3800,22.565332,0.000000,22.565332,0.090833,0.000000,0.090833
1066250,100,4.0212,95.000,0.3820,0.3800,22.567970,0.000000,22.567970,0.090844,0.000000,0.090844
1066350,100,4.0212,95.000,0.3820,0.3800,22.570609,0.000000,22.570609,0.090854,0.000000,0.090854
1066450,100,4.0212,93.750,0.3770,0.3800,22.573214,0.000000,22.573214,0.090865,0.000000,0.090865
1066550,100,4.0225,93.750,0.3771,0.3800,22.575818,0.000000,22.575818,0.090875,0.000000,0.090875
1066650,100,4.0225,92.500,0.3721,0.3700,22.578387,0.000000,22.578387,0.090886,0.000000,0.090886
1066750,100,4.0225,92.500,0.3721,0.3700,22.580957,0.000000,22.580957,0.090896,0.000000,0.090896
#MARK,1066831,100,"seg_110_p19_b127_end",22.580957,0.000000,22.580957,0.090896,0.000000,0.090896
1066850,100,4.0212,95.000,0.3820,0.3800,22.583595,0.000000,22.583595,0.090907,0.000000,0.090907
1066950,100,4.0188,103.750,0.4169,0.4200,22.586477,0.000000,22.586477,0.090918,0.000000,0.090918
1067050,100,4.0163,111.250,0.4468,0.4500,22.589568,0.000000,22.589568,0.090931,0.000000,0.090931
1067150,100,4.0150,116.250,0.4667,0.4700,22.592797,0.000000,22.592797,0.090944,0.000000,0.090944
1067250,100,4.0138,120.000,0.4816,0.4800,22.596130,0.000000,22.596130,0.090957,0.000000,0.090957
1067350,100,4.0125,123.750,0.4965,0.5000,22.599568,0.000000,22.599568,0.090971,0.000000,0.090971
1067450,100,4.0125,125.000,0.5016,0.5000,22.603040,0.000000,22.603040,0.090985,0.000000,0.090985
1067550,100,4.0125,123.750,0.4965,0.5000,22.606477,0.000000,22.606477,0.090999,0.000000,0.090999
1067650,100,4.0125,121.250,0.4865,0.4900,22.609845,0.000000,22.609845,0.091012,0.000000,0.091012
1067750,100,4.0138,118.750,0.4766,0.4700,22.613144,0.000000,22.613144,0.091025,0.000000,0.091025
1067850,100,4.0150,116.250,0.4667,0.4600,22.616373,0.000000,22.616373,0.091038,0.000000,0.091038
#MARK,1067947,100,"seg_111_p19_b159_start",22.616373,0.000000,22.616373,0.091038,0.000000,0.091038
1067950,100,4.0150,113.750,0.4567,0.4600,22.619533,0.000000,22.619533,0.091051,0.000000,0.091051
1068050,100,4.0163,111.250,0.4468,0.4500,22.622623,0.000000,22.622623,0.091063,0.000000,0.091063
1068150,100,4.0163,108.750,0.4368,0.4400,22.625644,0.000000,22.625644,0.091076,0.000000,0.091076
1068250,100,4.0175,108.750,0.4369,0.4400,22.628665,0.000000,22.628665,0.091088,0.000000,0.091088
1068350,100,4.0175,107.500,0.4319,0.4400,22.631651,0.000000,22.631651,0.091100,0.000000,0.091100
1068450,100,4.0175,106.250,0.4269,0.4300,22.634602,0.000000,22.634602,0.091111,0.000000,0.091111
1068550,100,4.0188,103.750,0.4169,0.4200,22.637484,0.000000,22.637484,0.091123,0.000000,0.091123
1068650,100,4.0188,102.500,0.4119,0.4100,22.640332,0.000000,22.640332,0.091135,0.000000,0.091135
1068750,100,4.0200,98.750,0.3970,0.4000,22.643075,0.000000,22.643075,0.091146,0.000000,0.091146
1068850,100,4.0212,95.000,0.3820,0.3800,22.645714,0.000000,22.645714,0.091156,0.000000,0.091156
1068950,100,4.0225,91.250,0.3671,0.3700,22.648248,0.000000,22.648248,0.091166,0.000000,0.091166
1069050,100,4.0225,90.000,0.3620,0.3600,22.650748,0.000000,22.650748,0.091176,0.000000,0.091176
1069150,100,4.0225,90.000,0.3620,0.3600,22.653248,0.000000,22.653248,0.091186,0.000000,0.091186
1069250,100,4.0225,92.500,0.3721,0.3700,22.655818,0.000000,22.655818,0.091197,0.000000,0.091197
1069350,100,4.0212,95.000,0.3820,0.3800,22.658457,0.000000,22.658457,0.091207,0.000000,0.091207
1069450,100,4.0200,98.750,0.3970,0.4000,22.661200,0.000000,22.661200,0.091218,0.000000,0.091218
1069550,100,4.0188,101.250,0.4069,0.4100,22.664012,0.000000,22.664012,0.091230,0.000000,0.091230
1069650,100,4.0188,103.750,0.4169,0.4200,22.666894,0.000000,22.666894,0.091241,0.000000,0.091241
1069750,100,4.0175,107.500,0.4319,0.4300,22.669880,0.000000,22.669880,0.091253,0.000000,0.091253
1069850,100,4.0163,110.000,0.4418,0.4500,22.672936,0.000000,22.672936,0.091266,0.000000,0.091266
1069950,100,4.0163,111.250,0.4468,0.4500,22.676026,0.000000,22.676026,0.091278,0.000000,0.091278
1070050,100,4.0163,111.250,0.4468,0.4500,22.679116,0.000000,22.679116,0.091290,0.000000,0.091290
1070150,100,4.0175,107.500,0.4319,0.4400,22.682102,0.000000,22.682102,0.091302,0.000000,0.091302
1070250,100,4.0188,105.000,0.4220,0.4300,22.685019,0.000000,22.685019,0.091314,0.000000,0.091314
1070350,100,4.0188,102.500,0.4119,0.4100,22.687866,0.000000,22.687866,0.091326,0.000000,0.091326
1070450,100,4.0188,101.250,0.4069,0.4100,22.690679,0.000000,22.690679,0.091337,0.000000,0.091337
1070550,100,4.0188,100.000,0.4019,0.4000,22.693457,0.000000,22.693457,0.091348,0.000000,0.091348
1070650,100,4.0200,100.000,0.4020,0.4000,22.696234,0.000000,22.696234,0.091359,0.000000,0.091359
1070750,100,4.0188,102.500,0.4119,0.4100,22.699082,0.000000,22.699082,0.091371,0.000000,0.091371
1070850,100,4.0175,106.250,0.4269,0.4300,22.702033,0.000000,22.702033,0.091383,0.000000,0.091383
1070950,100,4.0175,108.750,0.4369,0.4400,22.705054,0.000000,22.705054,0.091395,0.000000,0.091395
1071050,100,4.0150,112.500,0.4517,0.4500,22.708179,0.000000,22.708179,0.091407,0.000000,0.091407
1071150,100,4.0150,115.000,0.4617,0.4600,22.711373,0.000000,22.711373,0.091420,0.000000,0.091420
1071250,100,4.0150,115.000,0.4617,0.4600,22.714568,0.000000,22.714568,0.091433,0.000000,0.091433
1071350,100,4.0150,115.000,0.4617,0.4600,22.717762,0.000000,22.717762,0.091446,0.000000,0.091446
1071450,100,4.0150,113.750,0.4567,0.4500,22.720922,0.000000,22.720922,0.091458,0.000000,0.091458
1071550,100,4.0163,110.000,0.4418,0.4400,22.723977,0.000000,22.723977,0.091471,0.000000,0.091471
1071650,100,4.0175,106.250,0.4269,0.4300,22.726929,0.000000,22.726929,0.091482,0.000000,0.091482
1071750,100,4.0188,103.750,0.4169,0.4100,22.729811,0.000000,22.729811,0.091494,0.000000,0.091494
1071850,100,4.0188,100.000,0.4019,0.4000,22.732589,0.000000,22.732589,0.091505,0.000000,0.091505
1071950,100,4.0200,98.750,0.3970,0.4000,22.735332,0.000000,22.735332,0.091516,0.000000,0.091516
1072050,100,4.0200,97.500,0.3919,0.3900,22.738040,0.000000,22.738040,0.091527,0.000000,0.091527
1072150,100,4.0200,97.500,0.3919,0.3900,22.740748,0.000000,22.740748,0.091538,0.000000,0.091538
1072250,100,4.0200,98.750,0.3970,0.4000,22.743491,0.000000,22.743491,0.091549,0.000000,0.091549
1072350,100,4.0200,100.000,0.4020,0.4000,22.746269,0.000000,22.746269,0.091560,0.000000,0.091560
1072450,100,4.0200,100.000,0.4020,0.4000,22.749047,0.000000,22.749047,0.091571,0.000000,0.091571
1072550,100,4.0188,101.250,0.4069,0.4100,22.751859,0.000000,22.751859,0.091583,0.000000,0.091583
1072650,100,4.0188,101.250,0.4069,0.4100,22.754672,0.000000,22.754672,0.091594,0.000000,0.091594
1072750,100,4.0200,100.000,0.4020,0.4100,22.757450,0.000000,22.757450,0.091605,0.000000,0.091605
1072850,100,4.0200,100.000,0.4020,0.4000,22.760227,0.000000,22.760227,0.091616,0.000000,0.091616
1072950,100,4.0200,97.500,0.3919,0.4000,22.762936,0.000000,22.762936,0.091627,0.000000,0.091627
1073050,100,4.0200,97.500,0.3919,0.3900,22.765644,0.000000,22.765644,0.091638,0.000000,0.091638
1073150,100,4.0200,97.500,0.3919,0.4000,22.768352,0.000000,22.768352,0.091649,0.000000,0.091649
#MARK,1073195,100,"seg_111_p19_b159_end",22.768352,0.000000,22.768352,0.091649,0.000000,0.091649
1073250,100,4.0200,97.500,0.3919,0.3900,22.771061,0.000000,22.771061,0.091660,0.000000,0.091660
1073350,100,4.0150,112.500,0.4517,0.4500,22.774186,0.000000,22.774186,0.091672,0.000000,0.091672
1073450,100,4.0138,120.000,0.4816,0.4800,22.777519,0.000000,22.777519,0.091686,0.000000,0.091686
1073550,100,4.0113,126.250,0.5064,0.5100,22.781026,0.000000,22.781026,0.091700,0.000000,0.091700
1073650,100,4.0100,131.250,0.5263,0.5200,22.784672,0.000000,22.784672,0.091714,0.000000,0.091714
1073750,100,4.0087,135.000,0.5412,0.5400,22.788422,0.000000,22.788422,0.091730,0.000000,0.091730
1073850,100,4.0087,135.000,0.5412,0.5400,22.792172,0.000000,22.792172,0.091745,0.000000,0.091745
1073950,100,4.0087,133.750,0.5362,0.5300,22.795887,0.000000,22.795887,0.091759,0.000000,0.091759
1074050,100,4.0100,131.250,0.5263,0.5300,22.799533,0.000000,22.799533,0.091774,0.000000,0.091774
1074150,100,4.0100,127.500,0.5113,0.5100,22.803075,0.000000,22.803075,0.091788,0.000000,0.091788
1074250,100,4.0113,123.750,0.4964,0.5000,22.806512,0.000000,22.806512,0.091802,0.000000,0.091802
#MARK,1074326,100,"seg_112_p19_b191_start",22.806512,0.000000,22.806512,0.091802,0.000000,0.091802
1074350,100,4.0125,120.000,0.4815,0.4800,22.809845,0.000000,22.809845,0.091815,0.000000,0.091815
1074450,100,4.0138,117.500,0.4716,0.4700,22.813109,0.000000,22.813109,0.091829,0.000000,0.091829
1074550,100,4.0138,116.250,0.4666,0.4700,22.816339,0.000000,22.816339,0.091842,0.000000,0.091842
1074650,100,4.0138,116.250,0.4666,0.4600,22.819568,0.000000,22.819568,0.091854,0.000000,0.091854
1074750,100,4.0150,115.000,0.4617,0.4600,22.822762,0.000000,22.822762,0.091867,0.000000,0.091867
1074850,100,4.0150,113.750,0.4567,0.4600,22.825922,0.000000,22.825922,0.091880,0.000000,0.091880
1074950,100,4.0163,110.000,0.4418,0.4500,22.828977,0.000000,22.828977,0.091892,0.000000,0.091892
1075050,100,4.0163,107.500,0.4317,0.4300,22.831964,0.000000,22.831964,0.091904,0.000000,0.091904
1075150,100,4.0188,101.250,0.4069,0.4100,22.834776,0.000000,22.834776,0.091916,0.000000,0.091916
1075250,100,4.0200,97.500,0.3919,0.3900,22.837484,0.000000,22.837484,0.091926,0.000000,0.091926
1075350,100,4.0212,93.750,0.3770,0.3800,22.840089,0.000000,22.840089,0.091937,0.000000,0.091937
1075450,100,4.0212,93.750,0.3770,0.3800,22.842693,0.000000,22.842693,0.091947,0.000000,0.091947
1075550,100,4.0212,93.750,0.3770,0.3800,22.845297,0.000000,22.845297,0.091958,0.000000,0.091958
1075650,100,4.0200,97.500,0.3919,0.3900,22.848005,0.000000,22.848005,0.091969,0.000000,0.091969
1075750,100,4.0188,101.250,0.4069,0.4100,22.850818,0.000000,22.850818,0.091980,0.000000,0.091980
1075850,100,4.0175,106.250,0.4269,0.4300,22.853769,0.000000,22.853769,0.091992,0.000000,0.091992
1075950,100,4.0163,110.000,0.4418,0.4400,22.856825,0.000000,22.856825,0.092004,0.000000,0.092004
1076050,100,4.0150,115.000,0.4617,0.4600,22.860019,0.000000,22.860019,0.092017,0.000000,0.092017
1076150,100,4.0150,116.250,0.4667,0.4700,22.863248,0.000000,22.863248,0.092030,0.000000,0.092030
1076250,100,4.0138,118.750,0.4766,0.4700,22.866547,0.000000,22.866547,0.092043,0.000000,0.092043
1076350,100,4.0125,120.000,0.4815,0.4800,22.869880,0.000000,22.869880,0.092057,0.000000,0.092057
1076450,100,4.0138,117.500,0.4716,0.4700,22.873144,0.000000,22.873144,0.092070,0.000000,0.092070
1076550,100,4.0150,115.000,0.4617,0.4600,22.876339,0.000000,22.876339,0.092082,0.000000,0.092082
1076650,100,4.0163,111.250,0.4468,0.4500,22.879429,0.000000,22.879429,0.092095,0.000000,0.092095
1076750,100,4.0163,107.500,0.4317,0.4300,22.882415,0.000000,22.882415,0.092107,0.000000,0.092107
1076850,100,4.0163,106.250,0.4267,0.4300,22.885366,0.000000,22.885366,0.092119,0.000000,0.092119
1076950,100,4.0175,106.250,0.4269,0.4300,22.888318,0.000000,22.888318,0.092131,0.000000,0.092131
1077050,100,4.0175,107.500,0.4319,0.4300,22.891304,0.000000,22.891304,0.092143,0.000000,0.092143
1077150,100,4.0150,110.000,0.4416,0.4500,22.894359,0.000000,22.894359,0.092155,0.000000,0.092155
1077250,100,4.0150,115.000,0.4617,0.4600,22.897554,0.000000,22.897554,0.092168,0.000000,0.092168
1077350,100,4.0138,118.750,0.4766,0.4800,22.900852,0.000000,22.900852,0.092181,0.000000,0.092181
1077450,100,4.0125,122.500,0.4915,0.4900,22.904255,0.000000,22.904255,0.092195,0.000000,0.092195
1077550,100,4.0125,125.000,0.5016,0.5000,22.907727,0.000000,22.907727,0.092209,0.000000,0.092209
1077650,100,4.0113,125.000,0.5014,0.5000,22.911200,0.000000,22.911200,0.092222,0.000000,0.092222
1077750,100,4.0113,123.750,0.4964,0.5000,22.914637,0.000000,22.914637,0.092236,0.000000,0.092236
1077850,100,4.0125,121.250,0.4865,0.4900,22.918005,0.000000,22.918005,0.092250,0.000000,0.092250
1077950,100,4.0138,116.250,0.4666,0.4700,22.921234,0.000000,22.921234,0.092263,0.000000,0.092263
1078050,100,4.0150,111.250,0.4467,0.4500,22.924325,0.000000,22.924325,0.092275,0.000000,0.092275
1078150,100,4.0163,107.500,0.4317,0.4300,22.927311,0.000000,22.927311,0.092287,0.000000,0.092287
1078250,100,4.0163,105.000,0.4217,0.4200,22.930227,0.000000,22.930227,0.092299,0.000000,0.092299
1078350,100,4.0175,103.750,0.4168,0.4200,22.933109,0.000000,22.933109,0.092310,0.000000,0.092310
1078450,100,4.0175,102.500,0.4118,0.4100,22.935957,0.000000,22.935957,0.092322,0.000000,0.092322
1078550,100,4.0175,103.750,0.4168,0.4200,22.938839,0.000000,22.938839,0.092333,0.000000,0.092333
1078650,100,4.0175,105.000,0.4218,0.4200,22.941755,0.000000,22.941755,0.092345,0.000000,0.092345
1078750,100,4.0175,106.250,0.4269,0.4300,22.944707,0.000000,22.944707,0.092357,0.000000,0.092357
1078850,100,4.0163,107.500,0.4317,0.4300,22.947693,0.000000,22.947693,0.092369,0.000000,0.092369
1078950,100,4.0175,107.500,0.4319,0.4300,22.950679,0.000000,22.950679,0.092381,0.000000,0.092381
1079050,100,4.0163,107.500,0.4317,0.4300,22.953665,0.000000,22.953665,0.092393,0.000000,0.092393
1079150,100,4.0175,106.250,0.4269,0.4300,22.956616,0.000000,22.956616,0.092405,0.000000,0.092405
1079250,100,4.0175,106.250,0.4269,0.4300,22.959568,0.000000,22.959568,0.092417,0.000000,0.092417
1079350,100,4.0175,103.750,0.4168,0.4200,22.962450,0.000000,22.962450,0.092428,0.000000,0.092428
1079450,100,4.0175,105.000,0.4218,0.4200,22.965366,0.000000,22.965366,0.092440,0.000000,0.092440
1079550,100,4.0175,105.000,0.4218,0.4200,22.968283,0.000000,22.968283,0.092452,0.000000,0.092452
#MARK,1079574,100,"seg_112_p19_b191_end",22.968283,0.000000,22.968283,0.092452,0.000000,0.092452
1079650,100,4.0150,111.250,0.4467,0.4500,22.971373,0.000000,22.971373,0.092464,0.000000,0.092464
1079750,100,4.0125,121.250,0.4865,0.4900,22.974741,0.000000,22.974741,0.092478,0.000000,0.092478
1079850,100,4.0100,131.250,0.5263,0.5200,22.978387,0.000000,22.978387,0.092492,0.000000,0.092492
1079950,100,4.0075,137.500,0.5510,0.5500,22.982207,0.000000,22.982207,0.092508,0.000000,0.092508
1080050,100,4.0062,142.500,0.5709,0.5700,22.986165,0.000000,22.986165,0.092523,0.000000,0.092523
1080150,100,4.0050,145.000,0.5807,0.5900,22.990193,0.000000,22.990193,0.092540,0.000000,0.092540
1080250,100,4.0050,145.000,0.5807,0.5900,22.994220,0.000000,22.994220,0.092556,0.000000,0.092556
1080350,100,4.0050,142.500,0.5707,0.5700,22.998179,0.000000,22.998179,0.092572,0.000000,0.092572
1080450,100,4.0062,141.250,0.5659,0.5600,23.002102,0.000000,23.002102,0.092587,0.000000,0.092587
1080550,100,4.0075,136.250,0.5460,0.5500,23.005887,0.000000,23.005887,0.092602,0.000000,0.092602
1080650,100,4.0087,132.500,0.5312,0.5300,23.009568,0.000000,23.009568,0.092617,0.000000,0.092617
#MARK,1080703,100,"seg_113_p19_b223_start",23.009568,0.000000,23.009568,0.092617,0.000000,0.092617
1080750,100,4.0087,128.750,0.5161,0.5100,23.013144,0.000000,23.013144,0.092632,0.000000,0.092632
1080850,100,4.0100,125.000,0.5013,0.5000,23.016616,0.000000,23.016616,0.092645,0.000000,0.092645
1080950,100,4.0113,123.750,0.4964,0.5000,23.020054,0.000000,23.020054,0.092659,0.000000,0.092659
1081050,100,4.0113,122.500,0.4914,0.5000,23.023457,0.000000,23.023457,0.092673,0.000000,0.092673
1081150,100,4.0113,122.500,0.4914,0.5000,23.026859,0.000000,23.026859,0.092687,0.000000,0.092687
1081250,100,4.0125,118.750,0.4765,0.4800,23.030158,0.000000,23.030158,0.092700,0.000000,0.092700
1081350,100,4.0138,116.250,0.4666,0.4700,23.033387,0.000000,23.033387,0.092713,0.000000,0.092713
1081450,100,4.0150,111.250,0.4467,0.4500,23.036477,0.000000,23.036477,0.092725,0.000000,0.092725
1081550,100,4.0175,105.000,0.4218,0.4200,23.039394,0.000000,23.039394,0.092737,0.000000,0.092737
1081650,100,4.0188,100.000,0.4019,0.4000,23.042172,0.000000,23.042172,0.092748,0.000000,0.092748
1081750,100,4.0188,97.500,0.3918,0.3900,23.044880,0.000000,23.044880,0.092759,0.000000,0.092759
1081850,100,4.0188,97.500,0.3918,0.3900,23.047589,0.000000,23.047589,0.092770,0.000000,0.092770
1081950,100,4.0188,98.750,0.3969,0.4000,23.050332,0.000000,23.050332,0.092781,0.000000,0.092781
1082050,100,4.0175,102.500,0.4118,0.4100,23.053179,0.000000,23.053179,0.092792,0.000000,0.092792
1082150,100,4.0163,106.250,0.4267,0.4300,23.056130,0.000000,23.056130,0.092804,0.000000,0.092804
1082250,100,4.0150,112.500,0.4517,0.4500,23.059255,0.000000,23.059255,0.092817,0.000000,0.092817
1082350,100,4.0125,117.500,0.4715,0.4700,23.062519,0.000000,23.062519,0.092830,0.000000,0.092830
1082450,100,4.0113,122.500,0.4914,0.4900,23.065922,0.000000,23.065922,0.092843,0.000000,0.092843
1082550,100,4.0113,123.750,0.4964,0.5000,23.069359,0.000000,23.069359,0.092857,0.000000,0.092857
1082650,100,4.0100,127.500,0.5113,0.5100,23.072901,0.000000,23.072901,0.092871,0.000000,0.092871
1082750,100,4.0100,127.500,0.5113,0.5100,23.076443,0.000000,23.076443,0.092886,0.000000,0.092886
1082850,100,4.0100,125.000,0.5013,0.5000,23.079915,0.000000,23.079915,0.092900,0.000000,0.092900
1082950,100,4.0125,121.250,0.4865,0.4900,23.083283,0.000000,23.083283,0.092913,0.000000,0.092913
1083050,100,4.0125,116.250,0.4665,0.4700,23.086512,0.000000,23.086512,0.092926,0.000000,0.092926
1083150,100,4.0138,115.000,0.4616,0.4600,23.089707,0.000000,23.089707,0.092939,0.000000,0.092939
1083250,100,4.0138,113.750,0.4566,0.4500,23.092866,0.000000,23.092866,0.092951,0.000000,0.092951
1083350,100,4.0150,112.500,0.4517,0.4500,23.095991,0.000000,23.095991,0.092964,0.000000,0.092964
1083450,100,4.0138,113.750,0.4566,0.4600,23.099151,0.000000,23.099151,0.092977,0.000000,0.092977
1083550,100,4.0125,118.750,0.4765,0.4800,23.102450,0.000000,23.102450,0.092990,0.000000,0.092990
1083650,100,4.0113,123.750,0.4964,0.5000,23.105887,0.000000,23.105887,0.093004,0.000000,0.093004
1083750,100,4.0100,127.500,0.5113,0.5100,23.109429,0.000000,23.109429,0.093018,0.000000,0.093018
1083850,100,4.0087,132.500,0.5312,0.5300,23.113109,0.000000,23.113109,0.093033,0.000000,0.093033
1083950,100,4.0087,132.500,0.5312,0.5300,23.116790,0.000000,23.116790,0.093047,0.000000,0.093047
1084050,100,4.0075,133.750,0.5360,0.5400,23.120505,0.000000,23.120505,0.093062,0.000000,0.093062
1084150,100,4.0087,132.500,0.5312,0.5300,23.124186,0.000000,23.124186,0.093077,0.000000,0.093077
1084250,100,4.0100,127.500,0.5113,0.5100,23.127727,0.000000,23.127727,0.093091,0.000000,0.093091
1084350,100,4.0113,122.500,0.4914,0.4900,23.131130,0.000000,23.131130,0.093105,0.000000,0.093105
1084450,100,4.0125,117.500,0.4715,0.4700,23.134394,0.000000,23.134394,0.093118,0.000000,0.093118
1084550,100,4.0138,113.750,0.4566,0.4600,23.137554,0.000000,23.137554,0.093131,0.000000,0.093131
1084650,100,4.0138,110.000,0.4415,0.4500,23.140609,0.000000,23.140609,0.093143,0.000000,0.093143
1084750,100,4.0150,110.000,0.4416,0.4500,23.143665,0.000000,23.143665,0.093155,0.000000,0.093155
1084850,100,4.0150,108.750,0.4366,0.4400,23.146686,0.000000,23.146686,0.093167,0.000000,0.093167
1084950,100,4.0150,110.000,0.4416,0.4500,23.149741,0.000000,23.149741,0.093180,0.000000,0.093180
1085050,100,4.0150,111.250,0.4467,0.4500,23.152832,0.000000,23.152832,0.093192,0.000000,0.093192
1085150,100,4.0150,112.500,0.4517,0.4600,23.155957,0.000000,23.155957,0.093205,0.000000,0.093205
1085250,100,4.0138,113.750,0.4566,0.4600,23.159116,0.000000,23.159116,0.093217,0.000000,0.093217
1085350,100,4.0138,113.750,0.4566,0.4600,23.162276,0.000000,23.162276,0.093230,0.000000,0.093230
1085450,100,4.0138,113.750,0.4566,0.4600,23.165436,0.000000,23.165436,0.093243,0.000000,0.093243
1085550,100,4.0138,112.500,0.4515,0.4500,23.168561,0.000000,23.168561,0.093255,0.000000,0.093255
1085650,100,4.0150,111.250,0.4467,0.4500,23.171651,0.000000,23.171651,0.093268,0.000000,0.093268
1085750,100,4.0150,110.000,0.4416,0.4500,23.174707,0.000000,23.174707,0.093280,0.000000,0.093280
1085850,100,4.0150,108.750,0.4366,0.4400,23.177727,0.000000,23.177727,0.093292,0.000000,0.093292
1085950,100,4.0150,110.000,0.4416,0.4500,23.180783,0.000000,23.180783,0.093304,0.000000,0.093304
#MARK,1085953,100,"seg_113_p19_b223_end",23.180783,0.000000,23.180783,0.093304,0.000000,0.093304
1086050,100,4.0163,118.750,0.4769,0.4800,23.184082,0.000000,23.184082,0.093318,0.000000,0.093318
1086150,100,4.0087,131.250,0.5261,0.5200,23.187727,0.000000,23.187727,0.093332,0.000000,0.093332
1086250,100,4.0062,140.000,0.5609,0.5600,23.191616,0.000000,23.191616,0.093348,0.000000,0.093348
1086350,100,4.0037,148.750,0.5956,0.5900,23.195748,0.000000,23.195748,0.093364,0.000000,0.093364
1086450,100,4.0012,153.750,0.6152,0.6100,23.200019,0.000000,23.200019,0.093381,0.000000,0.093381
1086550,100,4.0000,157.500,0.6300,0.6300,23.204394,0.000000,23.204394,0.093399,0.000000,0.093399
1086650,100,4.0000,157.500,0.6300,0.6300,23.208769,0.000000,23.208769,0.093416,0.000000,0.093416
1086750,100,4.0012,153.750,0.6152,0.6100,23.213040,0.000000,23.213040,0.093433,0.000000,0.093433
1086850,100,4.0012,152.500,0.6102,0.6100,23.217276,0.000000,23.217276,0.093450,0.000000,0.093450
1086950,100,4.0037,146.250,0.5855,0.5900,23.221339,0.000000,23.221339,0.093467,0.000000,0.093467
1087050,100,4.0050,141.250,0.5657,0.5700,23.225262,0.000000,23.225262,0.093482,0.000000,0.093482
#MARK,1087084,100,"seg_114_p19_b255_start",23.225262,0.000000,23.225262,0.093482,0.000000,0.093482
1087150,100,4.0062,137.500,0.5509,0.5500,23.229082,0.000000,23.229082,0.093498,0.000000,0.093498
1087250,100,4.0075,132.500,0.5310,0.5300,23.232762,0.000000,23.232762,0.093512,0.000000,0.093512
1087350,100,4.0075,132.500,0.5310,0.5300,23.236443,0.000000,23.236443,0.093527,0.000000,0.093527
1087450,100,4.0075,131.250,0.5260,0.5300,23.240089,0.000000,23.240089,0.093542,0.000000,0.093542
1087550,100,4.0087,130.000,0.5211,0.5100,23.243700,0.000000,23.243700,0.093556,0.000000,0.093556
1087650,100,4.0100,126.250,0.5063,0.5000,23.247207,0.000000,23.247207,0.093570,0.000000,0.093570
1087750,100,4.0113,121.250,0.4864,0.4900,23.250575,0.000000,23.250575,0.093584,0.000000,0.093584
1087850,100,4.0125,116.250,0.4665,0.4700,23.253804,0.000000,23.253804,0.093597,0.000000,0.093597
1087950,100,4.0150,110.000,0.4416,0.4400,23.256859,0.000000,23.256859,0.093609,0.000000,0.093609
1088050,100,4.0163,105.000,0.4217,0.4200,23.259776,0.000000,23.259776,0.093621,0.000000,0.093621
1088150,100,4.0175,102.500,0.4118,0.4100,23.262623,0.000000,23.262623,0.093632,0.000000,0.093632
1088250,100,4.0175,102.500,0.4118,0.4100,23.265470,0.000000,23.265470,0.093644,0.000000,0.093644
1088350,100,4.0163,105.000,0.4217,0.4200,23.268387,0.000000,23.268387,0.093655,0.000000,0.093655
1088450,100,4.0150,108.750,0.4366,0.4400,23.271408,0.000000,23.271408,0.093667,0.000000,0.093667
1088550,100,4.0138,113.750,0.4566,0.4600,23.274568,0.000000,23.274568,0.093680,0.000000,0.093680
1088650,100,4.0113,121.250,0.4864,0.4900,23.277936,0.000000,23.277936,0.093694,0.000000,0.093694
1088750,100,4.0087,127.500,0.5111,0.5100,23.281477,0.000000,23.281477,0.093708,0.000000,0.093708
1088850,100,4.0075,131.250,0.5260,0.5200,23.285123,0.000000,23.285123,0.093722,0.000000,0.093722
1088950,100,4.0075,132.500,0.5310,0.5300,23.288804,0.000000,23.288804,0.093737,0.000000,0.093737
1089050,100,4.0062,136.250,0.5459,0.5500,23.292589,0.000000,23.292589,0.093752,0.000000,0.093752
1089150,100,4.0062,136.250,0.5459,0.5500,23.296373,0.000000,23.296373,0.093768,0.000000,0.093768
1089250,100,4.0075,132.500,0.5310,0.5300,23.300054,0.000000,23.300054,0.093782,0.000000,0.093782
1089350,100,4.0087,127.500,0.5111,0.5100,23.303595,0.000000,23.303595,0.093796,0.000000,0.093796
1089450,100,4.0100,123.750,0.4962,0.5000,23.307033,0.000000,23.307033,0.093810,0.000000,0.093810
1089550,100,4.0113,120.000,0.4814,0.4800,23.310366,0.000000,23.310366,0.093824,0.000000,0.093824
1089650,100,4.0113,118.750,0.4763,0.4800,23.313665,0.000000,23.313665,0.093837,0.000000,0.093837
1089750,100,4.0113,118.750,0.4763,0.4800,23.316964,0.000000,23.316964,0.093850,0.000000,0.093850
1089850,100,4.0113,121.250,0.4864,0.4900,23.320332,0.000000,23.320332,0.093864,0.000000,0.093864
1089950,100,4.0087,126.250,0.5061,0.5100,23.323839,0.000000,23.323839,0.093878,0.000000,0.093878
1090050,100,4.0075,132.500,0.5310,0.5300,23.327519,0.000000,23.327519,0.093892,0.000000,0.093892
1090150,100,4.0062,137.500,0.5509,0.5500,23.331339,0.000000,23.331339,0.093908,0.000000,0.093908
1090250,100,4.0050,141.250,0.5657,0.5600,23.335262,0.000000,23.335262,0.093923,0.000000,0.093923
1090350,100,4.0050,142.500,0.5707,0.5700,23.339220,0.000000,23.339220,0.093939,0.000000,0.093939
1090450,100,4.0037,143.750,0.5755,0.5800,23.343214,0.000000,23.343214,0.093955,0.000000,0.093955
1090550,100,4.0050,141.250,0.5657,0.5600,23.347137,0.000000,23.347137,0.093971,0.000000,0.093971
1090650,100,4.0050,136.250,0.5457,0.5400,23.350922,0.000000,23.350922,0.093986,0.000000,0.093986
1090750,100,4.0075,128.750,0.5160,0.5200,23.354498,0.000000,23.354498,0.094000,0.000000,0.094000
1090850,100,4.0087,125.000,0.5011,0.5000,23.357970,0.000000,23.357970,0.094014,0.000000,0.094014
1090950,100,4.0113,120.000,0.4814,0.4800,23.361304,0.000000,23.361304,0.094028,0.000000,0.094028
1091050,100,4.0113,118.750,0.4763,0.4700,23.364602,0.000000,23.364602,0.094041,0.000000,0.094041
1091150,100,4.0125,116.250,0.4665,0.4600,23.367832,0.000000,23.367832,0.094054,0.000000,0.094054
1091250,100,4.0125,115.000,0.4614,0.4600,23.371026,0.000000,23.371026,0.094067,0.000000,0.094067
1091350,100,4.0125,116.250,0.4665,0.4700,23.374255,0.000000,23.374255,0.094080,0.000000,0.094080
1091450,100,4.0113,117.500,0.4713,0.4700,23.377519,0.000000,23.377519,0.094093,0.000000,0.094093
1091550,100,4.0113,118.750,0.4763,0.4800,23.380818,0.000000,23.380818,0.094106,0.000000,0.094106
1091650,100,4.0113,121.250,0.4864,0.4900,23.384186,0.000000,23.384186,0.094120,0.000000,0.094120
1091750,100,4.0113,120.000,0.4814,0.4900,23.387519,0.000000,23.387519,0.094133,0.000000,0.094133
1091850,100,4.0113,120.000,0.4814,0.4800,23.390852,0.000000,23.390852,0.094146,0.000000,0.094146
1091950,100,4.0113,118.750,0.4763,0.4700,23.394151,0.000000,23.394151,0.094160,0.000000,0.094160
1092050,100,4.0125,117.500,0.4715,0.4700,23.397415,0.000000,23.397415,0.094173,0.000000,0.094173
1092150,100,4.0125,116.250,0.4665,0.4700,23.400644,0.000000,23.400644,0.094186,0.000000,0.094186
1092250,100,4.0125,116.250,0.4665,0.4700,23.403873,0.000000,23.403873,0.094199,0.000000,0.094199
#MARK,1092333,100,"seg_114_p19_b255_end",23.403873,0.000000,23.403873,0.094199,0.000000,0.094199
1092350,100,4.0113,118.750,0.4763,0.4800,23.407172,0.000000,23.407172,0.094212,0.000000,0.094212
1092450,100,4.0050,137.500,0.5507,0.5500,23.410991,0.000000,23.410991,0.094227,0.000000,0.094227
1092550,100,4.0062,138.750,0.5559,0.5500,23.414845,0.000000,23.414845,0.094243,0.000000,0.094243
1092650,100,4.0062,137.500,0.5509,0.5500,23.418665,0.000000,23.418665,0.094258,0.000000,0.094258
1092750,100,4.0062,137.500,0.5509,0.5500,23.422484,0.000000,23.422484,0.094273,0.000000,0.094273
1092850,100,4.0062,136.250,0.5459,0.5500,23.426269,0.000000,23.426269,0.094288,0.000000,0.094288
1092950,100,4.0062,135.000,0.5408,0.5400,23.430019,0.000000,23.430019,0.094303,0.000000,0.094303
1093050,100,4.0075,133.750,0.5360,0.5300,23.433734,0.000000,23.433734,0.094318,0.000000,0.094318
1093150,100,4.0062,132.500,0.5308,0.5300,23.437415,0.000000,23.437415,0.094333,0.000000,0.094333
1093250,100,4.0075,132.500,0.5310,0.5300,23.441095,0.000000,23.441095,0.094348,0.000000,0.094348
1093350,100,4.0075,130.000,0.5210,0.5200,23.444707,0.000000,23.444707,0.094362,0.000000,0.094362
1093450,100,4.0075,131.250,0.5260,0.5200,23.448352,0.000000,23.448352,0.094377,0.000000,0.094377
#MARK,1093457,100,"seg_115_p20_b095_start",23.448352,0.000000,23.448352,0.094377,0.000000,0.094377
1093550,100,4.0075,130.000,0.5210,0.5200,23.451964,0.000000,23.451964,0.094391,0.000000,0.094391
1093650,100,4.0075,130.000,0.5210,0.5200,23.455575,0.000000,23.455575,0.094406,0.000000,0.094406
1093750,100,4.0075,130.000,0.5210,0.5200,23.459186,0.000000,23.459186,0.094420,0.000000,0.094420
1093850,100,4.0075,130.000,0.5210,0.5200,23.462797,0.000000,23.462797,0.094435,0.000000,0.094435
1093950,100,4.0075,130.000,0.5210,0.5200,23.466408,0.000000,23.466408,0.094449,0.000000,0.094449
1094050,100,4.0075,131.250,0.5260,0.5200,23.470054,0.000000,23.470054,0.094464,0.000000,0.094464
1094150,100,4.0075,132.500,0.5310,0.5200,23.473734,0.000000,23.473734,0.094479,0.000000,0.094479
1094250,100,4.0062,133.750,0.5358,0.5300,23.477450,0.000000,23.477450,0.094493,0.000000,0.094493
1094350,100,4.0062,135.000,0.5408,0.5400,23.481200,0.000000,23.481200,0.094508,0.000000,0.094508
1094450,100,4.0062,135.000,0.5408,0.5400,23.484950,0.000000,23.484950,0.094523,0.000000,0.094523
1094550,100,4.0062,136.250,0.5459,0.5500,23.488734,0.000000,23.488734,0.094539,0.000000,0.094539
1094650,100,4.0050,136.250,0.5457,0.5500,23.492519,0.000000,23.492519,0.094554,0.000000,0.094554
1094750,100,4.0050,136.250,0.5457,0.5500,23.496304,0.000000,23.496304,0.094569,0.000000,0.094569
1094850,100,4.0050,137.500,0.5507,0.5500,23.500123,0.000000,23.500123,0.094584,0.000000,0.094584
1094950,100,4.0050,136.250,0.5457,0.5500,23.503908,0.000000,23.503908,0.094599,0.000000,0.094599
1095050,100,4.0050,135.000,0.5407,0.5400,23.507658,0.000000,23.507658,0.094614,0.000000,0.094614
1095150,100,4.0062,133.750,0.5358,0.5400,23.511373,0.000000,23.511373,0.094629,0.000000,0.094629
1095250,100,4.0062,133.750,0.5358,0.5400,23.515089,0.000000,23.515089,0.094644,0.000000,0.094644
1095350,100,4.0062,132.500,0.5308,0.5300,23.518769,0.000000,23.518769,0.094659,0.000000,0.094659
1095450,100,4.0062,132.500,0.5308,0.5300,23.522450,0.000000,23.522450,0.094674,0.000000,0.094674
1095550,100,4.0075,131.250,0.5260,0.5200,23.526095,0.000000,23.526095,0.094688,0.000000,0.094688
1095650,100,4.0075,130.000,0.5210,0.5200,23.529707,0.000000,23.529707,0.094703,0.000000,0.094703
1095750,100,4.0075,128.750,0.5160,0.5200,23.533283,0.000000,23.533283,0.094717,0.000000,0.094717
1095850,100,4.0075,127.500,0.5110,0.5100,23.536825,0.000000,23.536825,0.094731,0.000000,0.094731
1095950,100,4.0075,127.500,0.5110,0.5100,23.540366,0.000000,23.540366,0.094745,0.000000,0.094745
1096050,100,4.0075,127.500,0.5110,0.5100,23.543908,0.000000,23.543908,0.094760,0.000000,0.094760
1096150,100,4.0075,127.500,0.5110,0.5100,23.547450,0.000000,23.547450,0.094774,0.000000,0.094774
1096250,100,4.0075,126.250,0.5059,0.5100,23.550957,0.000000,23.550957,0.094788,0.000000,0.094788
1096350,100,4.0075,127.500,0.5110,0.5100,23.554498,0.000000,23.554498,0.094802,0.000000,0.094802
1096450,100,4.0075,127.500,0.5110,0.5100,23.558040,0.000000,23.558040,0.094816,0.000000,0.094816
1096550,100,4.0075,128.750,0.5160,0.5100,23.561616,0.000000,23.561616,0.094831,0.000000,0.094831
1096650,100,4.0075,130.000,0.5210,0.5200,23.565227,0.000000,23.565227,0.094845,0.000000,0.094845
1096750,100,4.0075,131.250,0.5260,0.5200,23.568873,0.000000,23.568873,0.094860,0.000000,0.094860
1096850,100,4.0062,132.500,0.5308,0.5200,23.572554,0.000000,23.572554,0.094874,0.000000,0.094874
1096950,100,4.0062,133.750,0.5358,0.5300,23.576269,0.000000,23.576269,0.094889,0.000000,0.094889
1097050,100,4.0062,135.000,0.5408,0.5400,23.580019,0.000000,23.580019,0.094904,0.000000,0.094904
1097150,100,4.0050,135.000,0.5407,0.5400,23.583769,0.000000,23.583769,0.094919,0.000000,0.094919
1097250,100,4.0050,136.250,0.5457,0.5400,23.587554,0.000000,23.587554,0.094935,0.000000,0.094935
1097350,100,4.0050,136.250,0.5457,0.5500,23.591339,0.000000,23.591339,0.094950,0.000000,0.094950
1097450,100,4.0050,136.250,0.5457,0.5400,23.595123,0.000000,23.595123,0.094965,0.000000,0.094965
1097550,100,4.0050,136.250,0.5457,0.5400,23.598908,0.000000,23.598908,0.094980,0.000000,0.094980
1097650,100,4.0050,136.250,0.5457,0.5400,23.602693,0.000000,23.602693,0.094995,0.000000,0.094995
1097750,100,4.0050,135.000,0.5407,0.5400,23.606443,0.000000,23.606443,0.095010,0.000000,0.095010
1097850,100,4.0050,135.000,0.5407,0.5400,23.610193,0.000000,23.610193,0.095025,0.000000,0.095025
1097950,100,4.0062,133.750,0.5358,0.5300,23.613908,0.000000,23.613908,0.095040,0.000000,0.095040
1098050,100,4.0062,132.500,0.5308,0.5300,23.617589,0.000000,23.617589,0.095055,0.000000,0.095055
1098150,100,4.0062,132.500,0.5308,0.5300,23.621269,0.000000,23.621269,0.095070,0.000000,0.095070
1098250,100,4.0062,131.250,0.5258,0.5200,23.624915,0.000000,23.624915,0.095084,0.000000,0.095084
1098350,100,4.0075,130.000,0.5210,0.5200,23.628526,0.000000,23.628526,0.095099,0.000000,0.095099
1098450,100,4.0075,128.750,0.5160,0.5100,23.632102,0.000000,23.632102,0.095113,0.000000,0.095113
1098550,100,4.0075,127.500,0.5110,0.5100,23.635644,0.000000,23.635644,0.095127,0.000000,0.095127
1098650,100,4.0075,127.500,0.5110,0.5100,23.639186,0.000000,23.639186,0.095141,0.000000,0.095141
#MARK,1098706,100,"seg_115_p20_b095_end",23.639186,0.000000,23.639186,0.095141,0.000000,0.095141
1098750,100,4.0062,132.500,0.5308,0.5300,23.642866,0.000000,23.642866,0.095156,0.000000,0.095156
1098850,100,3.9962,163.750,0.6544,0.6500,23.647415,0.000000,23.647415,0.095174,0.000000,0.095174
1098950,100,3.9975,161.250,0.6446,0.6500,23.651894,0.000000,23.651894,0.095192,0.000000,0.095192
1099050,100,3.9975,160.000,0.6396,0.6400,23.656339,0.000000,23.656339,0.095210,0.000000,0.095210
1099150,100,3.9975,158.750,0.6346,0.6400,23.660748,0.000000,23.660748,0.095228,0.000000,0.095228
1099250,100,3.9987,158.750,0.6348,0.6300,23.665158,0.000000,23.665158,0.095245,0.000000,0.095245
1099350,100,3.9987,156.250,0.6248,0.6300,23.669498,0.000000,23.669498,0.095263,0.000000,0.095263
1099450,100,3.9987,156.250,0.6248,0.6200,23.673839,0.000000,23.673839,0.095280,0.000000,0.095280
1099550,100,3.9987,153.750,0.6148,0.6200,23.678109,0.000000,23.678109,0.095297,0.000000,0.095297
1099650,100,3.9987,153.750,0.6148,0.6100,23.682380,0.000000,23.682380,0.095314,0.000000,0.095314
1099750,100,4.0000,151.250,0.6050,0.6000,23.686582,0.000000,23.686582,0.095331,0.000000,0.095331
#MARK,1099834,100,"seg_116_p20_b127_start",23.686582,0.000000,23.686582,0.095331,0.000000,0.095331
1099850,100,4.0000,151.250,0.6050,0.6000,23.690783,0.000000,23.690783,0.095348,0.000000,0.095348
1099950,100,4.0000,151.250,0.6050,0.6000,23.694984,0.000000,23.694984,0.095365,0.000000,0.095365
1100050,100,4.0000,150.000,0.6000,0.6000,23.699151,0.000000,23.699151,0.095381,0.000000,0.095381
1100150,100,4.0000,150.000,0.6000,0.6000,23.703318,0.000000,23.703318,0.095398,0.000000,0.095398
1100250,100,4.0000,151.250,0.6050,0.6000,23.707519,0.000000,23.707519,0.095415,0.000000,0.095415
1100350,100,3.9987,151.250,0.6048,0.6000,23.711720,0.000000,23.711720,0.095431,0.000000,0.095431
1100450,100,4.0000,152.500,0.6100,0.6100,23.715957,0.000000,23.715957,0.095448,0.000000,0.095448
1100550,100,3.9987,153.750,0.6148,0.6100,23.720227,0.000000,23.720227,0.095465,0.000000,0.095465
1100650,100,3.9987,155.000,0.6198,0.6200,23.724533,0.000000,23.724533,0.095483,0.000000,0.095483
1100750,100,3.9987,156.250,0.6248,0.6200,23.728873,0.000000,23.728873,0.095500,0.000000,0.095500
1100850,100,3.9975,157.500,0.6296,0.6300,23.733248,0.000000,23.733248,0.095518,0.000000,0.095518
1100950,100,3.9975,158.750,0.6346,0.6400,23.737658,0.000000,23.737658,0.095535,0.000000,0.095535
1101050,100,3.9975,158.750,0.6346,0.6400,23.742068,0.000000,23.742068,0.095553,0.000000,0.095553
1101150,100,3.9975,160.000,0.6396,0.6400,23.746512,0.000000,23.746512,0.095571,0.000000,0.095571
1101250,100,3.9962,160.000,0.6394,0.6400,23.750957,0.000000,23.750957,0.095588,0.000000,0.095588
1101350,100,3.9975,160.000,0.6396,0.6400,23.755401,0.000000,23.755401,0.095606,0.000000,0.095606
1101450,100,3.9962,158.750,0.6344,0.6400,23.759811,0.000000,23.759811,0.095624,0.000000,0.095624
1101550,100,3.9975,157.500,0.6296,0.6300,23.764186,0.000000,23.764186,0.095641,0.000000,0.095641
1101650,100,3.9975,155.000,0.6196,0.6200,23.768491,0.000000,23.768491,0.095658,0.000000,0.095658
1101750,100,3.9987,155.000,0.6198,0.6200,23.772797,0.000000,23.772797,0.095676,0.000000,0.095676
1101850,100,3.9987,153.750,0.6148,0.6100,23.777068,0.000000,23.777068,0.095693,0.000000,0.095693
1101950,100,3.9987,152.500,0.6098,0.6100,23.781304,0.000000,23.781304,0.095710,0.000000,0.095710
1102050,100,3.9987,151.250,0.6048,0.6000,23.785505,0.000000,23.785505,0.095726,0.000000,0.095726
1102150,100,4.0000,150.000,0.6000,0.6000,23.789672,0.000000,23.789672,0.095743,0.000000,0.095743
1102250,100,4.0000,148.750,0.5950,0.5900,23.793804,0.000000,23.793804,0.095760,0.000000,0.095760
1102350,100,4.0000,147.500,0.5900,0.5900,23.797901,0.000000,23.797901,0.095776,0.000000,0.095776
1102450,100,4.0000,147.500,0.5900,0.5900,23.801998,0.000000,23.801998,0.095792,0.000000,0.095792
1102550,100,4.0012,146.250,0.5852,0.5900,23.806061,0.000000,23.806061,0.095809,0.000000,0.095809
1102650,100,4.0000,147.500,0.5900,0.5900,23.810158,0.000000,23.810158,0.095825,0.000000,0.095825
1102750,100,4.0000,147.500,0.5900,0.5900,23.814255,0.000000,23.814255,0.095841,0.000000,0.095841
1102850,100,4.0000,148.750,0.5950,0.5900,23.818387,0.000000,23.818387,0.095858,0.000000,0.095858
1102950,100,4.0000,150.000,0.6000,0.6000,23.822554,0.000000,23.822554,0.095875,0.000000,0.095875
1103050,100,3.9987,151.250,0.6048,0.6000,23.826755,0.000000,23.826755,0.095891,0.000000,0.095891
1103150,100,3.9987,152.500,0.6098,0.6000,23.830991,0.000000,23.830991,0.095908,0.000000,0.095908
1103250,100,3.9987,153.750,0.6148,0.6100,23.835262,0.000000,23.835262,0.095925,0.000000,0.095925
1103350,100,3.9975,155.000,0.6196,0.6200,23.839568,0.000000,23.839568,0.095943,0.000000,0.095943
1103450,100,3.9975,157.500,0.6296,0.6300,23.843943,0.000000,23.843943,0.095960,0.000000,0.095960
1103550,100,3.9975,157.500,0.6296,0.6300,23.848318,0.000000,23.848318,0.095978,0.000000,0.095978
1103650,100,3.9962,158.750,0.6344,0.6400,23.852727,0.000000,23.852727,0.095995,0.000000,0.095995
1103750,100,3.9962,158.750,0.6344,0.6400,23.857137,0.000000,23.857137,0.096013,0.000000,0.096013
1103850,100,3.9962,158.750,0.6344,0.6400,23.861547,0.000000,23.861547,0.096031,0.000000,0.096031
1103950,100,3.9962,158.750,0.6344,0.6400,23.865957,0.000000,23.865957,0.096048,0.000000,0.096048
1104050,100,3.9962,158.750,0.6344,0.6300,23.870366,0.000000,23.870366,0.096066,0.000000,0.096066
1104150,100,3.9962,157.500,0.6294,0.6300,23.874741,0.000000,23.874741,0.096083,0.000000,0.096083
1104250,100,3.9975,156.250,0.6246,0.6300,23.879082,0.000000,23.879082,0.096101,0.000000,0.096101
1104350,100,3.9975,156.250,0.6246,0.6200,23.883422,0.000000,23.883422,0.096118,0.000000,0.096118
1104450,100,3.9975,153.750,0.6146,0.6200,23.887693,0.000000,23.887693,0.096135,0.000000,0.096135
1104550,100,3.9975,153.750,0.6146,0.6100,23.891964,0.000000,23.891964,0.096152,0.000000,0.096152
1104650,100,3.9987,152.500,0.6098,0.6100,23.896200,0.000000,23.896200,0.096169,0.000000,0.096169
1104750,100,3.9987,150.000,0.5998,0.6000,23.900366,0.000000,23.900366,0.096186,0.000000,0.096186
1104850,100,3.9987,148.750,0.5948,0.6000,23.904498,0.000000,23.904498,0.096202,0.000000,0.096202
1104950,100,4.0000,148.750,0.5950,0.5900,23.908630,0.000000,23.908630,0.096219,0.000000,0.096219
1105050,100,4.0000,147.500,0.5900,0.5900,23.912727,0.000000,23.912727,0.096235,0.000000,0.096235
#MARK,1105076,100,"seg_116_p20_b127_end",23.912727,0.000000,23.912727,0.096235,0.000000,0.096235
1105150,100,3.9887,186.250,0.7429,0.7400,23.917901,0.000000,23.917901,0.096256,0.000000,0.096256
1105250,100,3.9887,182.500,0.7279,0.7300,23.922970,0.000000,23.922970,0.096276,0.000000,0.096276
1105350,100,3.9887,182.500,0.7279,0.7300,23.928040,0.000000,23.928040,0.096296,0.000000,0.096296
1105450,100,3.9900,180.000,0.7182,0.7200,23.933040,0.000000,23.933040,0.096316,0.000000,0.096316
1105550,100,3.9900,180.000,0.7182,0.7200,23.938040,0.000000,23.938040,0.096336,0.000000,0.096336
1105650,100,3.9900,177.500,0.7082,0.7100,23.942970,0.000000,23.942970,0.096356,0.000000,0.096356
1105750,100,3.9900,177.500,0.7082,0.7100,23.947901,0.000000,23.947901,0.096375,0.000000,0.096375
1105850,100,3.9913,175.000,0.6985,0.7000,23.952762,0.000000,23.952762,0.096395,0.000000,0.096395
1105950,100,3.9913,173.750,0.6935,0.6900,23.957589,0.000000,23.957589,0.096414,0.000000,0.096414
1106050,100,3.9913,172.500,0.6885,0.6900,23.962380,0.000000,23.962380,0.096433,0.000000,0.096433
1106150,100,3.9925,171.250,0.6837,0.6800,23.967137,0.000000,23.967137,0.096452,0.000000,0.096452
#MARK,1106185,100,"seg_117_p20_b159_start",23.967137,0.000000,23.967137,0.096452,0.000000,0.096452
1106250,100,3.9925,170.000,0.6787,0.6800,23.971859,0.000000,23.971859,0.096471,0.000000,0.096471
1106350,100,3.9925,168.750,0.6737,0.6800,23.976547,0.000000,23.976547,0.096490,0.000000,0.096490
1106450,100,3.9925,170.000,0.6787,0.6800,23.981269,0.000000,23.981269,0.096509,0.000000,0.096509
1106550,100,3.9925,170.000,0.6787,0.6800,23.985991,0.000000,23.985991,0.096528,0.000000,0.096528
1106650,100,3.9925,171.250,0.6837,0.6800,23.990748,0.000000,23.990748,0.096546,0.000000,0.096546
1106750,100,3.9925,170.000,0.6787,0.6800,23.995470,0.000000,23.995470,0.096565,0.000000,0.096565
1106850,100,3.9913,172.500,0.6885,0.6900,24.000262,0.000000,24.000262,0.096584,0.000000,0.096584
1106950,100,3.9913,173.750,0.6935,0.6900,24.005089,0.000000,24.005089,0.096604,0.000000,0.096604
1107050,100,3.9900,176.250,0.7032,0.7000,24.009984,0.000000,24.009984,0.096623,0.000000,0.096623
1107150,100,3.9900,176.250,0.7032,0.7000,24.014880,0.000000,24.014880,0.096643,0.000000,0.096643
1107250,100,3.9900,178.750,0.7132,0.7100,24.019845,0.000000,24.019845,0.096663,0.000000,0.096663
1107350,100,3.9900,180.000,0.7182,0.7200,24.024845,0.000000,24.024845,0.096683,0.000000,0.096683
1107450,100,3.9887,180.000,0.7180,0.7200,24.029845,0.000000,24.029845,0.096703,0.000000,0.096703
1107550,100,3.9887,181.250,0.7230,0.7300,24.034880,0.000000,24.034880,0.096723,0.000000,0.096723
1107650,100,3.9887,180.000,0.7180,0.7200,24.039880,0.000000,24.039880,0.096743,0.000000,0.096743
1107750,100,3.9887,180.000,0.7180,0.7200,24.044880,0.000000,24.044880,0.096762,0.000000,0.096762
1107850,100,3.9887,177.500,0.7080,0.7100,24.049811,0.000000,24.049811,0.096782,0.000000,0.096782
1107950,100,3.9900,176.250,0.7032,0.7000,24.054707,0.000000,24.054707,0.096802,0.000000,0.096802
1108050,100,3.9900,175.000,0.6982,0.7000,24.059568,0.000000,24.059568,0.096821,0.000000,0.096821
1108150,100,3.9900,175.000,0.6982,0.7000,24.064429,0.000000,24.064429,0.096840,0.000000,0.096840
1108250,100,3.9900,172.500,0.6883,0.6900,24.069220,0.000000,24.069220,0.096860,0.000000,0.096860
1108350,100,3.9913,171.250,0.6835,0.6800,24.073977,0.000000,24.073977,0.096879,0.000000,0.096879
1108450,100,3.9913,170.000,0.6785,0.6800,24.078700,0.000000,24.078700,0.096897,0.000000,0.096897
1108550,100,3.9925,168.750,0.6737,0.6700,24.083387,0.000000,24.083387,0.096916,0.000000,0.096916
1108650,100,3.9925,167.500,0.6687,0.6700,24.088040,0.000000,24.088040,0.096935,0.000000,0.096935
1108750,100,3.9925,166.250,0.6638,0.6600,24.092658,0.000000,24.092658,0.096953,0.000000,0.096953
1108850,100,3.9925,166.250,0.6638,0.6600,24.097276,0.000000,24.097276,0.096972,0.000000,0.096972
1108950,100,3.9925,165.000,0.6588,0.6600,24.101859,0.000000,24.101859,0.096990,0.000000,0.096990
1109050,100,3.9925,166.250,0.6638,0.6600,24.106477,0.000000,24.106477,0.097008,0.000000,0.097008
1109150,100,3.9925,166.250,0.6638,0.6600,24.111095,0.000000,24.111095,0.097027,0.000000,0.097027
1109250,100,3.9925,167.500,0.6687,0.6700,24.115748,0.000000,24.115748,0.097045,0.000000,0.097045
1109350,100,3.9913,168.750,0.6735,0.6800,24.120436,0.000000,24.120436,0.097064,0.000000,0.097064
1109450,100,3.9913,170.000,0.6785,0.6800,24.125158,0.000000,24.125158,0.097083,0.000000,0.097083
1109550,100,3.9913,172.500,0.6885,0.6900,24.129950,0.000000,24.129950,0.097102,0.000000,0.097102
1109650,100,3.9900,173.750,0.6933,0.7000,24.134776,0.000000,24.134776,0.097121,0.000000,0.097121
1109750,100,3.9900,176.250,0.7032,0.7000,24.139672,0.000000,24.139672,0.097141,0.000000,0.097141
1109850,100,3.9887,177.500,0.7080,0.7100,24.144602,0.000000,24.144602,0.097160,0.000000,0.097160
1109950,100,3.9887,180.000,0.7180,0.7200,24.149602,0.000000,24.149602,0.097180,0.000000,0.097180
1110050,100,3.9887,180.000,0.7180,0.7200,24.154602,0.000000,24.154602,0.097200,0.000000,0.097200
1110150,100,3.9887,181.250,0.7230,0.7200,24.159637,0.000000,24.159637,0.097220,0.000000,0.097220
1110250,100,3.9875,181.250,0.7227,0.7200,24.164672,0.000000,24.164672,0.097241,0.000000,0.097241
1110350,100,3.9875,180.000,0.7178,0.7200,24.169672,0.000000,24.169672,0.097260,0.000000,0.097260
1110450,100,3.9875,180.000,0.7178,0.7200,24.174672,0.000000,24.174672,0.097280,0.000000,0.097280
1110550,100,3.9887,178.750,0.7130,0.7100,24.179637,0.000000,24.179637,0.097300,0.000000,0.097300
1110650,100,3.9887,177.500,0.7080,0.7100,24.184568,0.000000,24.184568,0.097320,0.000000,0.097320
1110750,100,3.9887,175.000,0.6980,0.7000,24.189429,0.000000,24.189429,0.097339,0.000000,0.097339
1110850,100,3.9900,173.750,0.6933,0.6900,24.194255,0.000000,24.194255,0.097359,0.000000,0.097359
1110950,100,3.9900,172.500,0.6883,0.6900,24.199047,0.000000,24.199047,0.097378,0.000000,0.097378
1111050,100,3.9913,171.250,0.6835,0.6800,24.203804,0.000000,24.203804,0.097397,0.000000,0.097397
1111150,100,3.9913,168.750,0.6735,0.6800,24.208491,0.000000,24.208491,0.097415,0.000000,0.097415
1111250,100,3.9913,167.500,0.6685,0.6700,24.213144,0.000000,24.213144,0.097434,0.000000,0.097434
1111350,100,3.9925,166.250,0.6638,0.6700,24.217762,0.000000,24.217762,0.097452,0.000000,0.097452
#MARK,1111435,100,"seg_117_p20_b159_end",24.217762,0.000000,24.217762,0.097452,0.000000,0.097452
1111450,100,3.9925,166.250,0.6638,0.6600,24.222380,0.000000,24.222380,0.097471,0.000000,0.097471
1111550,100,3.9800,205.000,0.8159,0.8200,24.228075,0.000000,24.228075,0.097493,0.000000,0.097493
1111650,100,3.9800,203.750,0.8109,0.8100,24.233734,0.000000,24.233734,0.097516,0.000000,0.097516
1111750,100,3.9800,203.750,0.8109,0.8100,24.239394,0.000000,24.239394,0.097538,0.000000,0.097538
1111850,100,3.9813,201.250,0.8012,0.8000,24.244984,0.000000,24.244984,0.097561,0.000000,0.097561
1111950,100,3.9813,200.000,0.7963,0.7900,24.250540,0.000000,24.250540,0.097583,0.000000,0.097583
1112050,100,3.9813,197.500,0.7863,0.7900,24.256026,0.000000,24.256026,0.097605,0.000000,0.097605
1112150,100,3.9825,196.250,0.7816,0.7800,24.261477,0.000000,24.261477,0.097626,0.000000,0.097626
1112250,100,3.9825,193.750,0.7716,0.7700,24.266859,0.000000,24.266859,0.097648,0.000000,0.097648
1112350,100,3.9838,193.750,0.7719,0.7700,24.272241,0.000000,24.272241,0.097669,0.000000,0.097669
1112450,100,3.9838,191.250,0.7619,0.7600,24.277554,0.000000,24.277554,0.097690,0.000000,0.097690
1112550,100,3.9838,190.000,0.7569,0.7600,24.282832,0.000000,24.282832,0.097711,0.000000,0.097711
#MARK,1112556,100,"seg_118_p20_b191_start",24.282832,0.000000,24.282832,0.097711,0.000000,0.097711
1112650,100,3.9850,188.750,0.7522,0.7500,24.288075,0.000000,24.288075,0.097732,0.000000,0.097732
1112750,100,3.9850,187.500,0.7472,0.7500,24.293283,0.000000,24.293283,0.097753,0.000000,0.097753
1112850,100,3.9850,188.750,0.7522,0.7500,24.298526,0.000000,24.298526,0.097774,0.000000,0.097774
1112950,100,3.9838,188.750,0.7519,0.7500,24.303769,0.000000,24.303769,0.097795,0.000000,0.097795
1113050,100,3.9838,188.750,0.7519,0.7500,24.309012,0.000000,24.309012,0.097816,0.000000,0.097816
1113150,100,3.9838,190.000,0.7569,0.7600,24.314290,0.000000,24.314290,0.097837,0.000000,0.097837
1113250,100,3.9838,191.250,0.7619,0.7700,24.319602,0.000000,24.319602,0.097858,0.000000,0.097858
1113350,100,3.9825,195.000,0.7766,0.7700,24.325019,0.000000,24.325019,0.097880,0.000000,0.097880
1113450,100,3.9813,196.250,0.7813,0.7800,24.330470,0.000000,24.330470,0.097901,0.000000,0.097901
1113550,100,3.9813,197.500,0.7863,0.7900,24.335957,0.000000,24.335957,0.097923,0.000000,0.097923
1113650,100,3.9813,200.000,0.7963,0.7900,24.341512,0.000000,24.341512,0.097945,0.000000,0.097945
1113750,100,3.9800,200.000,0.7960,0.7900,24.347068,0.000000,24.347068,0.097967,0.000000,0.097967
1113850,100,3.9800,201.250,0.8010,0.8000,24.352658,0.000000,24.352658,0.097990,0.000000,0.097990
1113950,100,3.9800,201.250,0.8010,0.8000,24.358248,0.000000,24.358248,0.098012,0.000000,0.098012
1114050,100,3.9800,201.250,0.8010,0.8000,24.363839,0.000000,24.363839,0.098034,0.000000,0.098034
1114150,100,3.9800,200.000,0.7960,0.8000,24.369394,0.000000,24.369394,0.098056,0.000000,0.098056
1114250,100,3.9800,198.750,0.7910,0.7900,24.374915,0.000000,24.374915,0.098078,0.000000,0.098078
1114350,100,3.9813,196.250,0.7813,0.7800,24.380366,0.000000,24.380366,0.098100,0.000000,0.098100
1114450,100,3.9813,195.000,0.7763,0.7800,24.385783,0.000000,24.385783,0.098121,0.000000,0.098121
1114550,100,3.9825,193.750,0.7716,0.7700,24.391165,0.000000,24.391165,0.098143,0.000000,0.098143
1114650,100,3.9825,192.500,0.7666,0.7700,24.396512,0.000000,24.396512,0.098164,0.000000,0.098164
1114750,100,3.9825,190.000,0.7567,0.7600,24.401790,0.000000,24.401790,0.098185,0.000000,0.098185
1114850,100,3.9838,188.750,0.7519,0.7500,24.407033,0.000000,24.407033,0.098206,0.000000,0.098206
1114950,100,3.9838,187.500,0.7470,0.7500,24.412241,0.000000,24.412241,0.098227,0.000000,0.098227
1115050,100,3.9850,185.000,0.7372,0.7400,24.417380,0.000000,24.417380,0.098247,0.000000,0.098247
1115150,100,3.9850,185.000,0.7372,0.7400,24.422519,0.000000,24.422519,0.098268,0.000000,0.098268
1115250,100,3.9850,183.750,0.7322,0.7300,24.427623,0.000000,24.427623,0.098288,0.000000,0.098288
1115350,100,3.9850,183.750,0.7322,0.7300,24.432727,0.000000,24.432727,0.098308,0.000000,0.098308
1115450,100,3.9850,183.750,0.7322,0.7300,24.437832,0.000000,24.437832,0.098329,0.000000,0.098329
1115550,100,3.9850,186.250,0.7422,0.7400,24.443005,0.000000,24.443005,0.098349,0.000000,0.098349
1115650,100,3.9838,187.500,0.7470,0.7500,24.448214,0.000000,24.448214,0.098370,0.000000,0.098370
1115750,100,3.9825,188.750,0.7517,0.7600,24.453457,0.000000,24.453457,0.098391,0.000000,0.098391
1115850,100,3.9825,191.250,0.7617,0.7700,24.458769,0.000000,24.458769,0.098412,0.000000,0.098412
1115950,100,3.9825,193.750,0.7716,0.7700,24.464151,0.000000,24.464151,0.098434,0.000000,0.098434
1116050,100,3.9813,195.000,0.7763,0.7800,24.469568,0.000000,24.469568,0.098455,0.000000,0.098455
1116150,100,3.9800,197.500,0.7861,0.7900,24.475054,0.000000,24.475054,0.098477,0.000000,0.098477
1116250,100,3.9800,198.750,0.7910,0.7900,24.480575,0.000000,24.480575,0.098499,0.000000,0.098499
1116350,100,3.9800,201.250,0.8010,0.8000,24.486165,0.000000,24.486165,0.098521,0.000000,0.098521
1116450,100,3.9787,201.250,0.8007,0.8000,24.491755,0.000000,24.491755,0.098543,0.000000,0.098543
1116550,100,3.9787,202.500,0.8057,0.8100,24.497380,0.000000,24.497380,0.098566,0.000000,0.098566
1116650,100,3.9787,201.250,0.8007,0.8000,24.502970,0.000000,24.502970,0.098588,0.000000,0.098588
1116750,100,3.9787,201.250,0.8007,0.8000,24.508561,0.000000,24.508561,0.098610,0.000000,0.098610
1116850,100,3.9787,200.000,0.7958,0.7900,24.514116,0.000000,24.514116,0.098632,0.000000,0.098632
1116950,100,3.9800,198.750,0.7910,0.7900,24.519637,0.000000,24.519637,0.098654,0.000000,0.098654
1117050,100,3.9800,197.500,0.7861,0.7800,24.525123,0.000000,24.525123,0.098676,0.000000,0.098676
1117150,100,3.9800,195.000,0.7761,0.7800,24.530540,0.000000,24.530540,0.098698,0.000000,0.098698
1117250,100,3.9813,193.750,0.7714,0.7700,24.535922,0.000000,24.535922,0.098719,0.000000,0.098719
1117350,100,3.9825,192.500,0.7666,0.7700,24.541269,0.000000,24.541269,0.098741,0.000000,0.098741
1117450,100,3.9825,190.000,0.7567,0.7600,24.546547,0.000000,24.546547,0.098762,0.000000,0.098762
1117550,100,3.9825,187.500,0.7467,0.7500,24.551755,0.000000,24.551755,0.098782,0.000000,0.098782
1117650,100,3.9838,186.250,0.7420,0.7400,24.556929,0.000000,24.556929,0.098803,0.000000,0.098803
1117750,100,3.9838,185.000,0.7370,0.7400,24.562068,0.000000,24.562068,0.098823,0.000000,0.098823
#MARK,1117804,100,"seg_118_p20_b191_end",24.562068,0.000000,24.562068,0.098823,0.000000,0.098823
1117850,100,3.9738,220.000,0.8742,0.8700,24.568179,0.000000,24.568179,0.098848,0.000000,0.098848
1117950,100,3.9713,225.000,0.8935,0.8900,24.574429,0.000000,24.574429,0.098873,0.000000,0.098873
1118050,100,3.9713,225.000,0.8935,0.8900,24.580679,0.000000,24.580679,0.098897,0.000000,0.098897
1118150,100,3.9713,222.500,0.8836,0.8800,24.586859,0.000000,24.586859,0.098922,0.000000,0.098922
1118250,100,3.9713,221.250,0.8786,0.8800,24.593005,0.000000,24.593005,0.098946,0.000000,0.098946
1118350,100,3.9725,218.750,0.8690,0.8700,24.599082,0.000000,24.599082,0.098970,0.000000,0.098970
1118450,100,3.9738,216.250,0.8593,0.8600,24.605089,0.000000,24.605089,0.098994,0.000000,0.098994
1118550,100,3.9738,215.000,0.8544,0.8500,24.611061,0.000000,24.611061,0.099018,0.000000,0.099018
1118650,100,3.9750,212.500,0.8447,0.8400,24.616964,0.000000,24.616964,0.099041,0.000000,0.099041
1118750,100,3.9750,210.000,0.8347,0.8300,24.622797,0.000000,24.622797,0.099065,0.000000,0.099065
1118850,100,3.9762,208.750,0.8300,0.8300,24.628595,0.000000,24.628595,0.099088,0.000000,0.099088
#MARK,1118923,100,"seg_119_p20_b223_start",24.628595,0.000000,24.628595,0.099088,0.000000,0.099088
1118950,100,3.9762,207.500,0.8251,0.8300,24.634359,0.000000,24.634359,0.099111,0.000000,0.099111
1119050,100,3.9762,206.250,0.8201,0.8200,24.640089,0.000000,24.640089,0.099133,0.000000,0.099133
1119150,100,3.9762,207.500,0.8251,0.8200,24.645852,0.000000,24.645852,0.099156,0.000000,0.099156
1119250,100,3.9762,206.250,0.8201,0.8200,24.651582,0.000000,24.651582,0.099179,0.000000,0.099179
1119350,100,3.9762,208.750,0.8300,0.8300,24.657380,0.000000,24.657380,0.099202,0.000000,0.099202
1119450,100,3.9762,208.750,0.8300,0.8300,24.663179,0.000000,24.663179,0.099225,0.000000,0.099225
1119550,100,3.9750,210.000,0.8347,0.8300,24.669012,0.000000,24.669012,0.099248,0.000000,0.099248
1119650,100,3.9750,212.500,0.8447,0.8400,24.674915,0.000000,24.674915,0.099272,0.000000,0.099272
1119750,100,3.9738,213.750,0.8494,0.8500,24.680852,0.000000,24.680852,0.099295,0.000000,0.099295
1119850,100,3.9738,216.250,0.8593,0.8600,24.686859,0.000000,24.686859,0.099319,0.000000,0.099319
1119950,100,3.9725,218.750,0.8690,0.8700,24.692936,0.000000,24.692936,0.099343,0.000000,0.099343
1120050,100,3.9725,220.000,0.8740,0.8700,24.699047,0.000000,24.699047,0.099368,0.000000,0.099368
1120150,100,3.9713,221.250,0.8786,0.8800,24.705193,0.000000,24.705193,0.099392,0.000000,0.099392
1120250,100,3.9713,222.500,0.8836,0.8800,24.711373,0.000000,24.711373,0.099417,0.000000,0.099417
1120350,100,3.9713,221.250,0.8786,0.8800,24.717519,0.000000,24.717519,0.099441,0.000000,0.099441
1120450,100,3.9713,221.250,0.8786,0.8800,24.723665,0.000000,24.723665,0.099466,0.000000,0.099466
1120550,100,3.9713,220.000,0.8737,0.8700,24.729776,0.000000,24.729776,0.099490,0.000000,0.099490
1120650,100,3.9725,217.500,0.8640,0.8700,24.735818,0.000000,24.735818,0.099514,0.000000,0.099514
1120750,100,3.9725,216.250,0.8591,0.8600,24.741825,0.000000,24.741825,0.099538,0.000000,0.099538
1120850,100,3.9725,215.000,0.8541,0.8500,24.747797,0.000000,24.747797,0.099561,0.000000,0.099561
1120950,100,3.9738,212.500,0.8444,0.8400,24.753700,0.000000,24.753700,0.099585,0.000000,0.099585
1121050,100,3.9738,210.000,0.8345,0.8300,24.759533,0.000000,24.759533,0.099608,0.000000,0.099608
1121150,100,3.9750,208.750,0.8298,0.8300,24.765332,0.000000,24.765332,0.099631,0.000000,0.099631
1121250,100,3.9750,206.250,0.8198,0.8200,24.771061,0.000000,24.771061,0.099654,0.000000,0.099654
1121350,100,3.9762,205.000,0.8151,0.8200,24.776755,0.000000,24.776755,0.099676,0.000000,0.099676
1121450,100,3.9762,203.750,0.8102,0.8100,24.782415,0.000000,24.782415,0.099699,0.000000,0.099699
1121550,100,3.9762,202.500,0.8052,0.8100,24.788040,0.000000,24.788040,0.099721,0.000000,0.099721
1121650,100,3.9762,202.500,0.8052,0.8100,24.793665,0.000000,24.793665,0.099744,0.000000,0.099744
1121750,100,3.9762,202.500,0.8052,0.8100,24.799290,0.000000,24.799290,0.099766,0.000000,0.099766
1121850,100,3.9762,203.750,0.8102,0.8100,24.804950,0.000000,24.804950,0.099789,0.000000,0.099789
1121950,100,3.9762,205.000,0.8151,0.8200,24.810644,0.000000,24.810644,0.099811,0.000000,0.099811
1122050,100,3.9750,207.500,0.8248,0.8200,24.816408,0.000000,24.816408,0.099834,0.000000,0.099834
1122150,100,3.9750,210.000,0.8347,0.8300,24.822241,0.000000,24.822241,0.099857,0.000000,0.099857
1122250,100,3.9738,211.250,0.8395,0.8400,24.828109,0.000000,24.828109,0.099881,0.000000,0.099881
1122350,100,3.9725,213.750,0.8491,0.8500,24.834047,0.000000,24.834047,0.099904,0.000000,0.099904
1122450,100,3.9725,216.250,0.8591,0.8600,24.840054,0.000000,24.840054,0.099928,0.000000,0.099928
1122550,100,3.9713,218.750,0.8687,0.8700,24.846130,0.000000,24.846130,0.099952,0.000000,0.099952
1122650,100,3.9713,221.250,0.8786,0.8800,24.852276,0.000000,24.852276,0.099977,0.000000,0.099977
1122750,100,3.9700,221.250,0.8784,0.8800,24.858422,0.000000,24.858422,0.100001,0.000000,0.100001
1122850,100,3.9700,222.500,0.8833,0.8800,24.864602,0.000000,24.864602,0.100026,0.000000,0.100026
1122950,100,3.9700,222.500,0.8833,0.8800,24.870783,0.000000,24.870783,0.100050,0.000000,0.100050
1123050,100,3.9700,222.500,0.8833,0.8800,24.876964,0.000000,24.876964,0.100075,0.000000,0.100075
1123150,100,3.9700,221.250,0.8784,0.8800,24.883109,0.000000,24.883109,0.100099,0.000000,0.100099
1123250,100,3.9700,220.000,0.8734,0.8700,24.889220,0.000000,24.889220,0.100123,0.000000,0.100123
1123350,100,3.9713,218.750,0.8687,0.8700,24.895297,0.000000,24.895297,0.100147,0.000000,0.100147
1123450,100,3.9713,216.250,0.8588,0.8600,24.901304,0.000000,24.901304,0.100171,0.000000,0.100171
1123550,100,3.9725,213.750,0.8491,0.8500,24.907241,0.000000,24.907241,0.100195,0.000000,0.100195
1123650,100,3.9725,211.250,0.8392,0.8400,24.913109,0.000000,24.913109,0.100218,0.000000,0.100218
1123750,100,3.9738,210.000,0.8345,0.8300,24.918943,0.000000,24.918943,0.100241,0.000000,0.100241
1123850,100,3.9738,207.500,0.8246,0.8300,24.924707,0.000000,24.924707,0.100264,0.000000,0.100264
1123950,100,3.9750,206.250,0.8198,0.8200,24.930436,0.000000,24.930436,0.100287,0.000000,0.100287
1124050,100,3.9750,203.750,0.8099,0.8100,24.936095,0.000000,24.936095,0.100310,0.000000,0.100310
1124150,100,3.9762,203.750,0.8102,0.8100,24.941755,0.000000,24.941755,0.100332,0.000000,0.100332
#MARK,1124174,100,"seg_119_p20_b223_end",24.941755,0.000000,24.941755,0.100332,0.000000,0.100332
1124250,100,3.9625,247.500,0.9807,0.9800,24.948630,0.000000,24.948630,0.100359,0.000000,0.100359
1124350,100,3.9625,246.250,0.9758,0.9700,24.955470,0.000000,24.955470,0.100386,0.000000,0.100386
1124450,100,3.9625,245.000,0.9708,0.9700,24.962276,0.000000,24.962276,0.100413,0.000000,0.100413
1124550,100,3.9625,242.500,0.9609,0.9600,24.969012,0.000000,24.969012,0.100440,0.000000,0.100440
1124650,100,3.9637,242.500,0.9612,0.9600,24.975748,0.000000,24.975748,0.100467,0.000000,0.100467
1124750,100,3.9637,238.750,0.9463,0.9500,24.982380,0.000000,24.982380,0.100493,0.000000,0.100493
1124850,100,3.9650,237.500,0.9417,0.9400,24.988977,0.000000,24.988977,0.100519,0.000000,0.100519
1124950,100,3.9662,233.750,0.9271,0.9200,24.995470,0.000000,24.995470,0.100545,0.000000,0.100545
1125050,100,3.9662,231.250,0.9172,0.9200,25.001894,0.000000,25.001894,0.100570,0.000000,0.100570
1125150,100,3.9662,230.000,0.9122,0.9100,25.008283,0.000000,25.008283,0.100596,0.000000,0.100596
1125250,100,3.9675,228.750,0.9076,0.9100,25.014637,0.000000,25.014637,0.100621,0.000000,0.100621
#MARK,1125294,100,"seg_120_p20_b255_start",25.014637,0.000000,25.014637,0.100621,0.000000,0.100621
1125350,100,3.9675,226.250,0.8976,0.9000,25.020922,0.000000,25.020922,0.100646,0.000000,0.100646
1125450,100,3.9675,226.250,0.8976,0.8900,25.027207,0.000000,25.027207,0.100671,0.000000,0.100671
1125550,100,3.9675,225.000,0.8927,0.8900,25.033457,0.000000,25.033457,0.100696,0.000000,0.100696
1125650,100,3.9675,226.250,0.8976,0.9000,25.039741,0.000000,25.039741,0.100721,0.000000,0.100721
1125750,100,3.9675,226.250,0.8976,0.9000,25.046026,0.000000,25.046026,0.100746,0.000000,0.100746
1125850,100,3.9662,227.500,0.9023,0.9100,25.052345,0.000000,25.052345,0.100771,0.000000,0.100771
1125950,100,3.9662,230.000,0.9122,0.9100,25.058734,0.000000,25.058734,0.100796,0.000000,0.100796
1126050,100,3.9650,232.500,0.9219,0.9200,25.065193,0.000000,25.065193,0.100822,0.000000,0.100822
1126150,100,3.9650,233.750,0.9268,0.9300,25.071686,0.000000,25.071686,0.100847,0.000000,0.100847
1126250,100,3.9637,236.250,0.9364,0.9300,25.078248,0.000000,25.078248,0.100873,0.000000,0.100873
1126350,100,3.9637,237.500,0.9414,0.9500,25.084845,0.000000,25.084845,0.100899,0.000000,0.100899
1126450,100,3.9625,241.250,0.9560,0.9500,25.091547,0.000000,25.091547,0.100926,0.000000,0.100926
1126550,100,3.9625,241.250,0.9560,0.9600,25.098248,0.000000,25.098248,0.100953,0.000000,0.100953
1126650,100,3.9625,242.500,0.9609,0.9600,25.104984,0.000000,25.104984,0.100979,0.000000,0.100979
1126750,100,3.9625,242.500,0.9609,0.9600,25.111720,0.000000,25.111720,0.101006,0.000000,0.101006
1126850,100,3.9625,242.500,0.9609,0.9600,25.118457,0.000000,25.118457,0.101033,0.000000,0.101033
1126950,100,3.9625,240.000,0.9510,0.9500,25.125123,0.000000,25.125123,0.101059,0.000000,0.101059
1127050,100,3.9637,237.500,0.9414,0.9400,25.131720,0.000000,25.131720,0.101085,0.000000,0.101085
1127150,100,3.9637,236.250,0.9364,0.9400,25.138283,0.000000,25.138283,0.101111,0.000000,0.101111
1127250,100,3.9637,233.750,0.9265,0.9300,25.144776,0.000000,25.144776,0.101137,0.000000,0.101137
1127350,100,3.9650,232.500,0.9219,0.9200,25.151234,0.000000,25.151234,0.101163,0.000000,0.101163
1127450,100,3.9662,228.750,0.9073,0.9100,25.157589,0.000000,25.157589,0.101188,0.000000,0.101188
1127550,100,3.9662,227.500,0.9023,0.9000,25.163908,0.000000,25.163908,0.101213,0.000000,0.101213
1127650,100,3.9662,225.000,0.8924,0.8900,25.170158,0.000000,25.170158,0.101238,0.000000,0.101238
1127750,100,3.9675,223.750,0.8877,0.8800,25.176373,0.000000,25.176373,0.101262,0.000000,0.101262
1127850,100,3.9675,222.500,0.8828,0.8800,25.182554,0.000000,25.182554,0.101287,0.000000,0.101287
1127950,100,3.9688,221.250,0.8781,0.8800,25.188700,0.000000,25.188700,0.101311,0.000000,0.101311
1128050,100,3.9688,221.250,0.8781,0.8800,25.194845,0.000000,25.194845,0.101336,0.000000,0.101336
1128150,100,3.9675,221.250,0.8778,0.8800,25.200991,0.000000,25.200991,0.101360,0.000000,0.101360
1128250,100,3.9675,222.500,0.8828,0.8800,25.207172,0.000000,25.207172,0.101384,0.000000,0.101384
1128350,100,3.9675,223.750,0.8877,0.8900,25.213387,0.000000,25.213387,0.101409,0.000000,0.101409
1128450,100,3.9662,226.250,0.8974,0.9000,25.219672,0.000000,25.219672,0.101434,0.000000,0.101434
1128550,100,3.9662,228.750,0.9073,0.9100,25.226026,0.000000,25.226026,0.101459,0.000000,0.101459
1128650,100,3.9650,230.000,0.9119,0.9100,25.232415,0.000000,25.232415,0.101485,0.000000,0.101485
1128750,100,3.9637,233.750,0.9265,0.9200,25.238908,0.000000,25.238908,0.101510,0.000000,0.101510
1128850,100,3.9625,236.250,0.9361,0.9300,25.245470,0.000000,25.245470,0.101536,0.000000,0.101536
1128950,100,3.9625,238.750,0.9460,0.9500,25.252102,0.000000,25.252102,0.101563,0.000000,0.101563
1129050,100,3.9613,240.000,0.9507,0.9500,25.258769,0.000000,25.258769,0.101589,0.000000,0.101589
1129150,100,3.9613,242.500,0.9606,0.9600,25.265505,0.000000,25.265505,0.101616,0.000000,0.101616
1129250,100,3.9613,242.500,0.9606,0.9600,25.272241,0.000000,25.272241,0.101642,0.000000,0.101642
1129350,100,3.9613,243.750,0.9656,0.9600,25.279012,0.000000,25.279012,0.101669,0.000000,0.101669
1129450,100,3.9600,242.500,0.9603,0.9600,25.285748,0.000000,25.285748,0.101696,0.000000,0.101696
1129550,100,3.9613,242.500,0.9606,0.9600,25.292484,0.000000,25.292484,0.101723,0.000000,0.101723
1129650,100,3.9613,241.250,0.9557,0.9500,25.299186,0.000000,25.299186,0.101749,0.000000,0.101749
1129750,100,3.9625,238.750,0.9460,0.9500,25.305818,0.000000,25.305818,0.101775,0.000000,0.101775
1129850,100,3.9625,236.250,0.9361,0.9300,25.312380,0.000000,25.312380,0.101801,0.000000,0.101801
1129950,100,3.9625,233.750,0.9262,0.9200,25.318873,0.000000,25.318873,0.101827,0.000000,0.101827
1130050,100,3.9637,231.250,0.9166,0.9100,25.325297,0.000000,25.325297,0.101853,0.000000,0.101853
1130150,100,3.9650,230.000,0.9119,0.9100,25.331686,0.000000,25.331686,0.101878,0.000000,0.101878
1130250,100,3.9650,226.250,0.8971,0.9000,25.337970,0.000000,25.337970,0.101903,0.000000,0.101903
1130350,100,3.9662,223.750,0.8874,0.8900,25.344186,0.000000,25.344186,0.101927,0.000000,0.101927
1130450,100,3.9662,222.500,0.8825,0.8800,25.350366,0.000000,25.350366,0.101952,0.000000,0.101952
#MARK,1130543,100,"seg_120_p20_b255_end",25.350366,0.000000,25.350366,0.101952,0.000000,0.101952
1130550,100,3.9675,221.250,0.8778,0.8800,25.356512,0.000000,25.356512,0.101976,0.000000,0.101976
1130650,100,4.0100,78.750,0.3158,0.3200,25.358700,0.000000,25.358700,0.101985,0.000000,0.101985
1130750,100,4.0113,73.750,0.2958,0.2900,25.360748,0.000000,25.360748,0.101993,0.000000,0.101993
1130850,100,4.0125,75.000,0.3009,0.3000,25.362832,0.000000,25.362832,0.102002,0.000000,0.102002
1130950,100,4.0138,72.500,0.2910,0.2900,25.364845,0.000000,25.364845,0.102010,0.000000,0.102010
1131050,100,4.0138,73.750,0.2960,0.3000,25.366894,0.000000,25.366894,0.102018,0.000000,0.102018
1131150,100,4.0138,72.500,0.2910,0.2900,25.368908,0.000000,25.368908,0.102026,0.000000,0.102026
1131250,100,4.0138,72.500,0.2910,0.2900,25.370922,0.000000,25.370922,0.102034,0.000000,0.102034
1131350,100,4.0138,73.750,0.2960,0.2900,25.372970,0.000000,25.372970,0.102042,0.000000,0.102042
1131450,100,4.0138,73.750,0.2960,0.3000,25.375019,0.000000,25.375019,0.102051,0.000000,0.102051
1131550,100,4.0150,73.750,0.2961,0.2900,25.377068,0.000000,25.377068,0.102059,0.000000,0.102059
1131650,100,4.0150,73.750,0.2961,0.2900,25.379116,0.000000,25.379116,0.102067,0.000000,0.102067
#MARK,1131676,100,"seg_121_p21_b095_start",25.379116,0.000000,25.379116,0.102067,0.000000,0.102067
1131750,100,4.0150,73.750,0.2961,0.3000,25.381165,0.000000,25.381165,0.102075,0.000000,0.102075
1131850,100,4.0150,73.750,0.2961,0.2900,25.383214,0.000000,25.383214,0.102084,0.000000,0.102084
1131950,100,4.0150,75.000,0.3011,0.3000,25.385297,0.000000,25.385297,0.102092,0.000000,0.102092
1132050,100,4.0150,73.750,0.2961,0.2900,25.387345,0.000000,25.387345,0.102100,0.000000,0.102100
1132150,100,4.0150,73.750,0.2961,0.2900,25.389394,0.000000,25.389394,0.102108,0.000000,0.102108
1132250,100,4.0150,72.500,0.2911,0.2900,25.391408,0.000000,25.391408,0.102116,0.000000,0.102116
1132350,100,4.0150,72.500,0.2911,0.2900,25.393422,0.000000,25.393422,0.102125,0.000000,0.102125
1132450,100,4.0150,72.500,0.2911,0.2900,25.395436,0.000000,25.395436,0.102133,0.000000,0.102133
1132550,100,4.0150,72.500,0.2911,0.2900,25.397450,0.000000,25.397450,0.102141,0.000000,0.102141
1132650,100,4.0163,72.500,0.2912,0.2900,25.399464,0.000000,25.399464,0.102149,0.000000,0.102149
1132750,100,4.0150,73.750,0.2961,0.3000,25.401512,0.000000,25.401512,0.102157,0.000000,0.102157
1132850,100,4.0150,73.750,0.2961,0.2900,25.403561,0.000000,25.403561,0.102165,0.000000,0.102165
1132950,100,4.0163,73.750,0.2962,0.2900,25.405609,0.000000,25.405609,0.102173,0.000000,0.102173
1133050,100,4.0150,75.000,0.3011,0.3000,25.407693,0.000000,25.407693,0.102182,0.000000,0.102182
1133150,100,4.0163,73.750,0.2962,0.2900,25.409741,0.000000,25.409741,0.102190,0.000000,0.102190
1133250,100,4.0163,73.750,0.2962,0.2900,25.411790,0.000000,25.411790,0.102198,0.000000,0.102198
1133350,100,4.0163,72.500,0.2912,0.2900,25.413804,0.000000,25.413804,0.102206,0.000000,0.102206
1133450,100,4.0163,75.000,0.3012,0.3000,25.415887,0.000000,25.415887,0.102215,0.000000,0.102215
1133550,100,4.0163,72.500,0.2912,0.2900,25.417901,0.000000,25.417901,0.102223,0.000000,0.102223
1133650,100,4.0163,71.250,0.2862,0.2900,25.419880,0.000000,25.419880,0.102231,0.000000,0.102231
1133750,100,4.0175,70.000,0.2812,0.2800,25.421825,0.000000,25.421825,0.102239,0.000000,0.102239
1133850,100,4.0163,71.250,0.2862,0.2900,25.423804,0.000000,25.423804,0.102247,0.000000,0.102247
1133950,100,4.0175,71.250,0.2862,0.2800,25.425783,0.000000,25.425783,0.102255,0.000000,0.102255
1134050,100,4.0163,72.500,0.2912,0.2900,25.427797,0.000000,25.427797,0.102263,0.000000,0.102263
1134150,100,4.0163,73.750,0.2962,0.2900,25.429845,0.000000,25.429845,0.102271,0.000000,0.102271
1134250,100,4.0163,73.750,0.2962,0.3000,25.431894,0.000000,25.431894,0.102279,0.000000,0.102279
1134350,100,4.0163,71.250,0.2862,0.2900,25.433873,0.000000,25.433873,0.102287,0.000000,0.102287
1134450,100,4.0175,72.500,0.2913,0.2900,25.435887,0.000000,25.435887,0.102295,0.000000,0.102295
1134550,100,4.0175,72.500,0.2913,0.2900,25.437901,0.000000,25.437901,0.102303,0.000000,0.102303
1134650,100,4.0175,71.250,0.2862,0.2800,25.439880,0.000000,25.439880,0.102311,0.000000,0.102311
1134750,100,4.0175,72.500,0.2913,0.2900,25.441894,0.000000,25.441894,0.102319,0.000000,0.102319
1134850,100,4.0163,73.750,0.2962,0.3000,25.443943,0.000000,25.443943,0.102327,0.000000,0.102327
1134950,100,4.0175,72.500,0.2913,0.2900,25.445957,0.000000,25.445957,0.102336,0.000000,0.102336
1135050,100,4.0175,73.750,0.2963,0.2900,25.448005,0.000000,25.448005,0.102344,0.000000,0.102344
1135150,100,4.0175,71.250,0.2862,0.2900,25.449984,0.000000,25.449984,0.102352,0.000000,0.102352
1135250,100,4.0175,72.500,0.2913,0.2900,25.451998,0.000000,25.451998,0.102360,0.000000,0.102360
1135350,100,4.0175,72.500,0.2913,0.2900,25.454012,0.000000,25.454012,0.102368,0.000000,0.102368
1135450,100,4.0175,72.500,0.2913,0.2900,25.456026,0.000000,25.456026,0.102376,0.000000,0.102376
1135550,100,4.0175,72.500,0.2913,0.2900,25.458040,0.000000,25.458040,0.102384,0.000000,0.102384
1135650,100,4.0175,72.500,0.2913,0.2900,25.460054,0.000000,25.460054,0.102392,0.000000,0.102392
1135750,100,4.0175,71.250,0.2862,0.2800,25.462033,0.000000,25.462033,0.102400,0.000000,0.102400
1135850,100,4.0175,71.250,0.2862,0.2900,25.464012,0.000000,25.464012,0.102408,0.000000,0.102408
1135950,100,4.0175,72.500,0.2913,0.2900,25.466026,0.000000,25.466026,0.102416,0.000000,0.102416
1136050,100,4.0175,72.500,0.2913,0.2900,25.468040,0.000000,25.468040,0.102424,0.000000,0.102424
1136150,100,4.0175,71.250,0.2862,0.2800,25.470019,0.000000,25.470019,0.102432,0.000000,0.102432
1136250,100,4.0175,71.250,0.2862,0.2900,25.471998,0.000000,25.471998,0.102440,0.000000,0.102440
1136350,100,4.0175,72.500,0.2913,0.2900,25.474012,0.000000,25.474012,0.102448,0.000000,0.102448
1136450,100,4.0175,72.500,0.2913,0.2900,25.476026,0.000000,25.476026,0.102456,0.000000,0.102456
1136550,100,4.0175,72.500,0.2913,0.2900,25.478040,0.000000,25.478040,0.102464,0.000000,0.102464
1136650,100,4.0175,73.750,0.2963,0.3000,25.480089,0.000000,25.480089,0.102473,0.000000,0.102473
1136750,100,4.0188,72.500,0.2914,0.2900,25.482102,0.000000,25.482102,0.102481,0.000000,0.102481
1136850,100,4.0188,71.250,0.2863,0.2800,25.484082,0.000000,25.484082,0.102489,0.000000,0.102489
#MARK,1136922,100,"seg_121_p21_b095_end",25.484082,0.000000,25.484082,0.102489,0.000000,0.102489
1136950,100,4.0188,71.250,0.2863,0.2900,25.486061,0.000000,25.486061,0.102497,0.000000,0.102497
1137050,100,4.0188,71.250,0.2863,0.2900,25.488040,0.000000,25.488040,0.102505,0.000000,0.102505
1137150,100,4.0175,72.500,0.2913,0.2900,25.490054,0.000000,25.490054,0.102513,0.000000,0.102513
1137250,100,4.0175,75.000,0.3013,0.3000,25.492137,0.000000,25.492137,0.102521,0.000000,0.102521
1137350,100,4.0175,73.750,0.2963,0.3000,25.494186,0.000000,25.494186,0.102529,0.000000,0.102529
1137450,100,4.0175,73.750,0.2963,0.2900,25.496234,0.000000,25.496234,0.102538,0.000000,0.102538
1137550,100,4.0175,72.500,0.2913,0.2900,25.498248,0.000000,25.498248,0.102546,0.000000,0.102546
1137650,100,4.0188,72.500,0.2914,0.2900,25.500262,0.000000,25.500262,0.102554,0.000000,0.102554
1137750,100,4.0188,71.250,0.2863,0.2900,25.502241,0.000000,25.502241,0.102562,0.000000,0.102562
1137850,100,4.0175,73.750,0.2963,0.3000,25.504290,0.000000,25.504290,0.102570,0.000000,0.102570
1137950,100,4.0175,73.750,0.2963,0.2900,25.506339,0.000000,25.506339,0.102578,0.000000,0.102578
1138050,100,4.0175,75.000,0.3013,0.3000,25.508422,0.000000,25.508422,0.102587,0.000000,0.102587
#MARK,1138064,100,"seg_122_p21_b127_start",25.508422,0.000000,25.508422,0.102587,0.000000,0.102587
1138150,100,4.0188,75.000,0.3014,0.3000,25.510505,0.000000,25.510505,0.102595,0.000000,0.102595
1138250,100,4.0175,75.000,0.3013,0.3000,25.512589,0.000000,25.512589,0.102603,0.000000,0.102603
1138350,100,4.0175,75.000,0.3013,0.3000,25.514672,0.000000,25.514672,0.102612,0.000000,0.102612
1138450,100,4.0188,72.500,0.2914,0.2900,25.516686,0.000000,25.516686,0.102620,0.000000,0.102620
1138550,100,4.0175,73.750,0.2963,0.2900,25.518734,0.000000,25.518734,0.102628,0.000000,0.102628
1138650,100,4.0188,72.500,0.2914,0.2900,25.520748,0.000000,25.520748,0.102636,0.000000,0.102636
1138750,100,4.0188,73.750,0.2964,0.2900,25.522797,0.000000,25.522797,0.102644,0.000000,0.102644
1138850,100,4.0188,72.500,0.2914,0.2900,25.524811,0.000000,25.524811,0.102652,0.000000,0.102652
1138950,100,4.0188,73.750,0.2964,0.3000,25.526859,0.000000,25.526859,0.102661,0.000000,0.102661
1139050,100,4.0175,75.000,0.3013,0.3000,25.528943,0.000000,25.528943,0.102669,0.000000,0.102669
1139150,100,4.0188,72.500,0.2914,0.2800,25.530957,0.000000,25.530957,0.102677,0.000000,0.102677
1139250,100,4.0188,72.500,0.2914,0.2900,25.532970,0.000000,25.532970,0.102685,0.000000,0.102685
1139350,100,4.0175,77.500,0.3114,0.3100,25.535123,0.000000,25.535123,0.102694,0.000000,0.102694
1139450,100,4.0188,73.750,0.2964,0.2900,25.537172,0.000000,25.537172,0.102702,0.000000,0.102702
1139550,100,4.0188,75.000,0.3014,0.3000,25.539255,0.000000,25.539255,0.102710,0.000000,0.102710
1139650,100,4.0188,73.750,0.2964,0.2900,25.541304,0.000000,25.541304,0.102719,0.000000,0.102719
1139750,100,4.0200,71.250,0.2864,0.2900,25.543283,0.000000,25.543283,0.102727,0.000000,0.102727
1139850,100,4.0188,72.500,0.2914,0.2900,25.545297,0.000000,25.545297,0.102735,0.000000,0.102735
1139950,100,4.0188,72.500,0.2914,0.2900,25.547311,0.000000,25.547311,0.102743,0.000000,0.102743
1140050,100,4.0188,71.250,0.2863,0.2900,25.549290,0.000000,25.549290,0.102751,0.000000,0.102751
1140150,100,4.0188,72.500,0.2914,0.2900,25.551304,0.000000,25.551304,0.102759,0.000000,0.102759
1140250,100,4.0200,71.250,0.2864,0.2900,25.553283,0.000000,25.553283,0.102767,0.000000,0.102767
1140350,100,4.0188,71.250,0.2863,0.2800,25.555262,0.000000,25.555262,0.102775,0.000000,0.102775
1140450,100,4.0188,73.750,0.2964,0.3000,25.557311,0.000000,25.557311,0.102783,0.000000,0.102783
1140550,100,4.0200,71.250,0.2864,0.2900,25.559290,0.000000,25.559290,0.102791,0.000000,0.102791
1140650,100,4.0188,72.500,0.2914,0.2900,25.561304,0.000000,25.561304,0.102799,0.000000,0.102799
1140750,100,4.0188,71.250,0.2863,0.2900,25.563283,0.000000,25.563283,0.102807,0.000000,0.102807
1140850,100,4.0200,71.250,0.2864,0.2900,25.565262,0.000000,25.565262,0.102815,0.000000,0.102815
1140950,100,4.0188,72.500,0.2914,0.2900,25.567276,0.000000,25.567276,0.102823,0.000000,0.102823
1141050,100,4.0188,73.750,0.2964,0.2900,25.569325,0.000000,25.569325,0.102831,0.000000,0.102831
1141150,100,4.0188,73.750,0.2964,0.2900,25.571373,0.000000,25.571373,0.102839,0.000000,0.102839
1141250,100,4.0200,71.250,0.2864,0.2800,25.573352,0.000000,25.573352,0.102847,0.000000,0.102847
1141350,100,4.0200,71.250,0.2864,0.2800,25.575332,0.000000,25.575332,0.102855,0.000000,0.102855
1141450,100,4.0200,71.250,0.2864,0.2800,25.577311,0.000000,25.577311,0.102863,0.000000,0.102863
1141550,100,4.0200,72.500,0.2914,0.2900,25.579325,0.000000,25.579325,0.102871,0.000000,0.102871
1141650,100,4.0188,73.750,0.2964,0.2900,25.581373,0.000000,25.581373,0.102880,0.000000,0.102880
1141750,100,4.0200,71.250,0.2864,0.2800,25.583352,0.000000,25.583352,0.102888,0.000000,0.102888
1141850,100,4.0200,71.250,0.2864,0.2900,25.585332,0.000000,25.585332,0.102896,0.000000,0.102896
1141950,100,4.0200,72.500,0.2914,0.2900,25.587345,0.000000,25.587345,0.102904,0.000000,0.102904
1142050,100,4.0188,75.000,0.3014,0.3000,25.589429,0.000000,25.589429,0.102912,0.000000,0.102912
1142150,100,4.0188,75.000,0.3014,0.3000,25.591512,0.000000,25.591512,0.102920,0.000000,0.102920
1142250,100,4.0188,75.000,0.3014,0.3000,25.593595,0.000000,25.593595,0.102929,0.000000,0.102929
1142350,100,4.0188,75.000,0.3014,0.3000,25.595679,0.000000,25.595679,0.102937,0.000000,0.102937
1142450,100,4.0188,75.000,0.3014,0.3000,25.597762,0.000000,25.597762,0.102946,0.000000,0.102946
1142550,100,4.0200,72.500,0.2914,0.2900,25.599776,0.000000,25.599776,0.102954,0.000000,0.102954
1142650,100,4.0200,72.500,0.2914,0.2900,25.601790,0.000000,25.601790,0.102962,0.000000,0.102962
1142750,100,4.0188,73.750,0.2964,0.3000,25.603839,0.000000,25.603839,0.102970,0.000000,0.102970
1142850,100,4.0188,75.000,0.3014,0.3000,25.605922,0.000000,25.605922,0.102978,0.000000,0.102978
1142950,100,4.0188,75.000,0.3014,0.3000,25.608005,0.000000,25.608005,0.102987,0.000000,0.102987
1143050,100,4.0188,76.250,0.3064,0.3100,25.610123,0.000000,25.610123,0.102995,0.000000,0.102995
1143150,100,4.0188,75.000,0.3014,0.3000,25.612207,0.000000,25.612207,0.103004,0.000000,0.103004
1143250,100,4.0200,72.500,0.2914,0.2900,25.614220,0.000000,25.614220,0.103012,0.000000,0.103012
#MARK,1143314,100,"seg_122_p21_b127_end",25.614220,0.000000,25.614220,0.103012,0.000000,0.103012
1143350,100,4.0200,75.000,0.3015,0.3000,25.616304,0.000000,25.616304,0.103020,0.000000,0.103020
1143450,100,4.0200,71.250,0.2864,0.2900,25.618283,0.000000,25.618283,0.103028,0.000000,0.103028
1143550,100,4.0200,72.500,0.2914,0.2900,25.620297,0.000000,25.620297,0.103036,0.000000,0.103036
1143650,100,4.0200,72.500,0.2914,0.2900,25.622311,0.000000,25.622311,0.103044,0.000000,0.103044
1143750,100,4.0200,71.250,0.2864,0.2800,25.624290,0.000000,25.624290,0.103052,0.000000,0.103052
1143850,100,4.0200,71.250,0.2864,0.2900,25.626269,0.000000,25.626269,0.103060,0.000000,0.103060
1143950,100,4.0200,72.500,0.2914,0.2900,25.628283,0.000000,25.628283,0.103068,0.000000,0.103068
1144050,100,4.0200,72.500,0.2914,0.2900,25.630297,0.000000,25.630297,0.103076,0.000000,0.103076
1144150,100,4.0200,72.500,0.2914,0.2900,25.632311,0.000000,25.632311,0.103084,0.000000,0.103084
1144250,100,4.0200,72.500,0.2914,0.2900,25.634325,0.000000,25.634325,0.103093,0.000000,0.103093
1144350,100,4.0200,73.750,0.2965,0.3000,25.636373,0.000000,25.636373,0.103101,0.000000,0.103101
1144450,100,4.0200,72.500,0.2914,0.2900,25.638387,0.000000,25.638387,0.103109,0.000000,0.103109
#MARK,1144455,100,"seg_123_p21_b159_start",25.638387,0.000000,25.638387,0.103109,0.000000,0.103109
1144550,100,4.0188,76.250,0.3064,0.3100,25.640505,0.000000,25.640505,0.103117,0.000000,0.103117
1144650,100,4.0200,72.500,0.2914,0.2900,25.642519,0.000000,25.642519,0.103125,0.000000,0.103125
1144750,100,4.0200,73.750,0.2965,0.3000,25.644568,0.000000,25.644568,0.103134,0.000000,0.103134
1144850,100,4.0188,78.750,0.3165,0.3200,25.646755,0.000000,25.646755,0.103142,0.000000,0.103142
1144950,100,4.0200,75.000,0.3015,0.3000,25.648839,0.000000,25.648839,0.103151,0.000000,0.103151
1145050,100,4.0200,75.000,0.3015,0.3000,25.650922,0.000000,25.650922,0.103159,0.000000,0.103159
1145150,100,4.0188,73.750,0.2964,0.3000,25.652970,0.000000,25.652970,0.103167,0.000000,0.103167
1145250,100,4.0188,76.250,0.3064,0.3100,25.655089,0.000000,25.655089,0.103176,0.000000,0.103176
1145350,100,4.0188,75.000,0.3014,0.3000,25.657172,0.000000,25.657172,0.103184,0.000000,0.103184
1145450,100,4.0200,73.750,0.2965,0.2900,25.659220,0.000000,25.659220,0.103193,0.000000,0.103193
1145550,100,4.0200,75.000,0.3015,0.3000,25.661304,0.000000,25.661304,0.103201,0.000000,0.103201
1145650,100,4.0200,73.750,0.2965,0.3000,25.663352,0.000000,25.663352,0.103209,0.000000,0.103209
1145750,100,4.0200,72.500,0.2914,0.2900,25.665366,0.000000,25.665366,0.103217,0.000000,0.103217
1145850,100,4.0200,75.000,0.3015,0.3000,25.667450,0.000000,25.667450,0.103226,0.000000,0.103226
1145950,100,4.0200,73.750,0.2965,0.2900,25.669498,0.000000,25.669498,0.103234,0.000000,0.103234
1146050,100,4.0200,72.500,0.2914,0.2900,25.671512,0.000000,25.671512,0.103242,0.000000,0.103242
1146150,100,4.0212,71.250,0.2865,0.2800,25.673491,0.000000,25.673491,0.103250,0.000000,0.103250
1146250,100,4.0212,71.250,0.2865,0.2900,25.675470,0.000000,25.675470,0.103258,0.000000,0.103258
1146350,100,4.0212,71.250,0.2865,0.2800,25.677450,0.000000,25.677450,0.103266,0.000000,0.103266
1146450,100,4.0200,73.750,0.2965,0.3000,25.679498,0.000000,25.679498,0.103274,0.000000,0.103274
1146550,100,4.0188,77.500,0.3115,0.3100,25.681651,0.000000,25.681651,0.103283,0.000000,0.103283
1146650,100,4.0200,75.000,0.3015,0.3000,25.683734,0.000000,25.683734,0.103291,0.000000,0.103291
1146750,100,4.0200,75.000,0.3015,0.3000,25.685818,0.000000,25.685818,0.103300,0.000000,0.103300
1146850,100,4.0212,72.500,0.2915,0.2900,25.687832,0.000000,25.687832,0.103308,0.000000,0.103308
1146950,100,4.0212,71.250,0.2865,0.2800,25.689811,0.000000,25.689811,0.103316,0.000000,0.103316
1147050,100,4.0212,72.500,0.2915,0.2900,25.691825,0.000000,25.691825,0.103324,0.000000,0.103324
1147150,100,4.0212,72.500,0.2915,0.2900,25.693839,0.000000,25.693839,0.103332,0.000000,0.103332
1147250,100,4.0200,75.000,0.3015,0.3000,25.695922,0.000000,25.695922,0.103340,0.000000,0.103340
1147350,100,4.0212,72.500,0.2915,0.2900,25.697936,0.000000,25.697936,0.103348,0.000000,0.103348
1147450,100,4.0212,72.500,0.2915,0.2900,25.699950,0.000000,25.699950,0.103356,0.000000,0.103356
1147550,100,4.0212,72.500,0.2915,0.2900,25.701964,0.000000,25.701964,0.103364,0.000000,0.103364
1147650,100,4.0200,73.750,0.2965,0.3000,25.704012,0.000000,25.704012,0.103373,0.000000,0.103373
1147750,100,4.0212,72.500,0.2915,0.2900,25.706026,0.000000,25.706026,0.103381,0.000000,0.103381
1147850,100,4.0200,72.500,0.2914,0.2900,25.708040,0.000000,25.708040,0.103389,0.000000,0.103389
1147950,100,4.0212,72.500,0.2915,0.2900,25.710054,0.000000,25.710054,0.103397,0.000000,0.103397
1148050,100,4.0200,75.000,0.3015,0.3000,25.712137,0.000000,25.712137,0.103405,0.000000,0.103405
1148150,100,4.0200,76.250,0.3065,0.3100,25.714255,0.000000,25.714255,0.103414,0.000000,0.103414
1148250,100,4.0200,73.750,0.2965,0.3000,25.716304,0.000000,25.716304,0.103422,0.000000,0.103422
1148350,100,4.0212,72.500,0.2915,0.2900,25.718318,0.000000,25.718318,0.103430,0.000000,0.103430
1148450,100,4.0200,73.750,0.2965,0.2900,25.720366,0.000000,25.720366,0.103438,0.000000,0.103438
1148550,100,4.0212,72.500,0.2915,0.2900,25.722380,0.000000,25.722380,0.103447,0.000000,0.103447
1148650,100,4.0212,72.500,0.2915,0.2900,25.724394,0.000000,25.724394,0.103455,0.000000,0.103455
1148750,100,4.0212,72.500,0.2915,0.2900,25.726408,0.000000,25.726408,0.103463,0.000000,0.103463
1148850,100,4.0212,72.500,0.2915,0.2900,25.728422,0.000000,25.728422,0.103471,0.000000,0.103471
1148950,100,4.0200,73.750,0.2965,0.3000,25.730470,0.000000,25.730470,0.103479,0.000000,0.103479
1149050,100,4.0200,73.750,0.2965,0.3000,25.732519,0.000000,25.732519,0.103487,0.000000,0.103487
1149150,100,4.0200,75.000,0.3015,0.3100,25.734602,0.000000,25.734602,0.103496,0.000000,0.103496
1149250,100,4.0200,75.000,0.3015,0.3000,25.736686,0.000000,25.736686,0.103504,0.000000,0.103504
1149350,100,4.0200,75.000,0.3015,0.3000,25.738769,0.000000,25.738769,0.103512,0.000000,0.103512
1149450,100,4.0200,76.250,0.3065,0.3100,25.740887,0.000000,25.740887,0.103521,0.000000,0.103521
1149550,100,4.0200,75.000,0.3015,0.3100,25.742970,0.000000,25.742970,0.103529,0.000000,0.103529
1149650,100,4.0200,75.000,0.3015,0.3000,25.745054,0.000000,25.745054,0.103538,0.000000,0.103538
#MARK,1149705,100,"seg_123_p21_b159_end",25.745054,0.000000,25.745054,0.103538,0.000000,0.103538
1149750,100,4.0200,77.500,0.3115,0.3100,25.747207,0.000000,25.747207,0.103546,0.000000,0.103546
1149850,100,4.0212,72.500,0.2915,0.2900,25.749220,0.000000,25.749220,0.103554,0.000000,0.103554
1149950,100,4.0200,75.000,0.3015,0.3000,25.751304,0.000000,25.751304,0.103563,0.000000,0.103563
1150050,100,4.0212,73.750,0.2966,0.3000,25.753352,0.000000,25.753352,0.103571,0.000000,0.103571
1150150,100,4.0200,75.000,0.3015,0.3000,25.755436,0.000000,25.755436,0.103579,0.000000,0.103579
1150250,100,4.0212,72.500,0.2915,0.2900,25.757450,0.000000,25.757450,0.103588,0.000000,0.103588
1150350,100,4.0212,73.750,0.2966,0.3000,25.759498,0.000000,25.759498,0.103596,0.000000,0.103596
1150450,100,4.0200,76.250,0.3065,0.3100,25.761616,0.000000,25.761616,0.103604,0.000000,0.103604
1150550,100,4.0200,76.250,0.3065,0.3100,25.763734,0.000000,25.763734,0.103613,0.000000,0.103613
1150650,100,4.0200,76.250,0.3065,0.3100,25.765852,0.000000,25.765852,0.103621,0.000000,0.103621
1150750,100,4.0212,72.500,0.2915,0.2900,25.767866,0.000000,25.767866,0.103629,0.000000,0.103629
#MARK,1150840,100,"seg_124_p21_b191_start",25.767866,0.000000,25.767866,0.103629,0.000000,0.103629
1150850,100,4.0200,75.000,0.3015,0.3000,25.769950,0.000000,25.769950,0.103638,0.000000,0.103638
1150950,100,4.0200,75.000,0.3015,0.3000,25.772033,0.000000,25.772033,0.103646,0.000000,0.103646
1151050,100,4.0212,75.000,0.3016,0.3000,25.774116,0.000000,25.774116,0.103655,0.000000,0.103655
1151150,100,4.0200,77.500,0.3115,0.3100,25.776269,0.000000,25.776269,0.103663,0.000000,0.103663
1151250,100,4.0212,73.750,0.2966,0.3000,25.778318,0.000000,25.778318,0.103671,0.000000,0.103671
1151350,100,4.0212,73.750,0.2966,0.2900,25.780366,0.000000,25.780366,0.103680,0.000000,0.103680
1151450,100,4.0212,72.500,0.2915,0.2900,25.782380,0.000000,25.782380,0.103688,0.000000,0.103688
1151550,100,4.0212,75.000,0.3016,0.3000,25.784464,0.000000,25.784464,0.103696,0.000000,0.103696
1151650,100,4.0212,73.750,0.2966,0.2900,25.786512,0.000000,25.786512,0.103704,0.000000,0.103704
1151750,100,4.0212,73.750,0.2966,0.3000,25.788561,0.000000,25.788561,0.103713,0.000000,0.103713
1151850,100,4.0212,73.750,0.2966,0.3000,25.790609,0.000000,25.790609,0.103721,0.000000,0.103721
1151950,100,4.0200,77.500,0.3115,0.3100,25.792762,0.000000,25.792762,0.103730,0.000000,0.103730
1152050,100,4.0200,76.250,0.3065,0.3100,25.794880,0.000000,25.794880,0.103738,0.000000,0.103738
1152150,100,4.0200,76.250,0.3065,0.3100,25.796998,0.000000,25.796998,0.103747,0.000000,0.103747
1152250,100,4.0200,76.250,0.3065,0.3100,25.799116,0.000000,25.799116,0.103755,0.000000,0.103755
1152350,100,4.0200,76.250,0.3065,0.3100,25.801234,0.000000,25.801234,0.103764,0.000000,0.103764
1152450,100,4.0200,78.750,0.3166,0.3200,25.803422,0.000000,25.803422,0.103772,0.000000,0.103772
1152550,100,4.0200,76.250,0.3065,0.3100,25.805540,0.000000,25.805540,0.103781,0.000000,0.103781
1152650,100,4.0212,75.000,0.3016,0.3000,25.807623,0.000000,25.807623,0.103789,0.000000,0.103789
1152750,100,4.0200,77.500,0.3115,0.3100,25.809776,0.000000,25.809776,0.103798,0.000000,0.103798
1152850,100,4.0200,75.000,0.3015,0.3000,25.811859,0.000000,25.811859,0.103806,0.000000,0.103806
1152950,100,4.0212,73.750,0.2966,0.2900,25.813908,0.000000,25.813908,0.103815,0.000000,0.103815
1153050,100,4.0212,72.500,0.2915,0.2900,25.815922,0.000000,25.815922,0.103823,0.000000,0.103823
1153150,100,4.0212,71.250,0.2865,0.2900,25.817901,0.000000,25.817901,0.103831,0.000000,0.103831
1153250,100,4.0212,75.000,0.3016,0.3000,25.819984,0.000000,25.819984,0.103839,0.000000,0.103839
1153350,100,4.0212,73.750,0.2966,0.3000,25.822033,0.000000,25.822033,0.103847,0.000000,0.103847
1153450,100,4.0212,72.500,0.2915,0.2900,25.824047,0.000000,25.824047,0.103855,0.000000,0.103855
1153550,100,4.0212,72.500,0.2915,0.2900,25.826061,0.000000,25.826061,0.103863,0.000000,0.103863
1153650,100,4.0212,73.750,0.2966,0.3000,25.828109,0.000000,25.828109,0.103872,0.000000,0.103872
1153750,100,4.0212,76.250,0.3066,0.3000,25.830227,0.000000,25.830227,0.103880,0.000000,0.103880
1153850,100,4.0212,72.500,0.2915,0.2900,25.832241,0.000000,25.832241,0.103888,0.000000,0.103888
1153950,100,4.0212,73.750,0.2966,0.3000,25.834290,0.000000,25.834290,0.103896,0.000000,0.103896
1154050,100,4.0212,73.750,0.2966,0.2900,25.836339,0.000000,25.836339,0.103905,0.000000,0.103905
1154150,100,4.0200,76.250,0.3065,0.3100,25.838457,0.000000,25.838457,0.103913,0.000000,0.103913
1154250,100,4.0200,76.250,0.3065,0.3100,25.840575,0.000000,25.840575,0.103922,0.000000,0.103922
1154350,100,4.0212,75.000,0.3016,0.3000,25.842658,0.000000,25.842658,0.103930,0.000000,0.103930
1154450,100,4.0212,75.000,0.3016,0.3000,25.844741,0.000000,25.844741,0.103938,0.000000,0.103938
1154550,100,4.0200,77.500,0.3115,0.3100,25.846894,0.000000,25.846894,0.103947,0.000000,0.103947
1154650,100,4.0212,77.500,0.3116,0.3100,25.849047,0.000000,25.849047,0.103956,0.000000,0.103956
1154750,100,4.0212,75.000,0.3016,0.3000,25.851130,0.000000,25.851130,0.103964,0.000000,0.103964
1154850,100,4.0212,73.750,0.2966,0.3000,25.853179,0.000000,25.853179,0.103972,0.000000,0.103972
1154950,100,4.0212,75.000,0.3016,0.3000,25.855262,0.000000,25.855262,0.103981,0.000000,0.103981
1155050,100,4.0212,75.000,0.3016,0.3000,25.857345,0.000000,25.857345,0.103989,0.000000,0.103989
1155150,100,4.0200,78.750,0.3166,0.3200,25.859533,0.000000,25.859533,0.103998,0.000000,0.103998
1155250,100,4.0212,76.250,0.3066,0.3100,25.861651,0.000000,25.861651,0.104006,0.000000,0.104006
1155350,100,4.0212,73.750,0.2966,0.3000,25.863700,0.000000,25.863700,0.104015,0.000000,0.104015
1155450,100,4.0212,72.500,0.2915,0.2900,25.865714,0.000000,25.865714,0.104023,0.000000,0.104023
1155550,100,4.0212,76.250,0.3066,0.3000,25.867832,0.000000,25.867832,0.104031,0.000000,0.104031
1155650,100,4.0200,76.250,0.3065,0.3100,25.869950,0.000000,25.869950,0.104040,0.000000,0.104040
1155750,100,4.0212,73.750,0.2966,0.3000,25.871998,0.000000,25.871998,0.104048,0.000000,0.104048
1155850,100,4.0212,76.250,0.3066,0.3100,25.874116,0.000000,25.874116,0.104057,0.000000,0.104057
1155950,100,4.0212,73.750,0.2966,0.3000,25.876165,0.000000,25.876165,0.104065,0.000000,0.104065
1156050,100,4.0212,73.750,0.2966,0.3000,25.878214,0.000000,25.878214,0.104073,0.000000,0.104073
#MARK,1156085,100,"seg_124_p21_b191_end",25.878214,0.000000,25.878214,0.104073,0.000000,0.104073
1156150,100,4.0212,76.250,0.3066,0.3100,25.880332,0.000000,25.880332,0.104082,0.000000,0.104082
1156250,100,4.0212,75.000,0.3016,0.3000,25.882415,0.000000,25.882415,0.104090,0.000000,0.104090
1156350,100,4.0212,75.000,0.3016,0.3000,25.884498,0.000000,25.884498,0.104098,0.000000,0.104098
1156450,100,4.0212,75.000,0.3016,0.3000,25.886582,0.000000,25.886582,0.104107,0.000000,0.104107
1156550,100,4.0225,72.500,0.2916,0.2900,25.888595,0.000000,25.888595,0.104115,0.000000,0.104115
1156650,100,4.0212,76.250,0.3066,0.3100,25.890714,0.000000,25.890714,0.104123,0.000000,0.104123
1156750,100,4.0200,77.500,0.3115,0.3100,25.892866,0.000000,25.892866,0.104132,0.000000,0.104132
1156850,100,4.0212,75.000,0.3016,0.3000,25.894950,0.000000,25.894950,0.104140,0.000000,0.104140
1156950,100,4.0212,75.000,0.3016,0.3000,25.897033,0.000000,25.897033,0.104149,0.000000,0.104149
1157050,100,4.0212,73.750,0.2966,0.3000,25.899082,0.000000,25.899082,0.104157,0.000000,0.104157
1157150,100,4.0212,75.000,0.3016,0.3000,25.901165,0.000000,25.901165,0.104165,0.000000,0.104165
#MARK,1157201,100,"seg_125_p21_b223_start",25.901165,0.000000,25.901165,0.104165,0.000000,0.104165
1157250,100,4.0212,77.500,0.3116,0.3100,25.903318,0.000000,25.903318,0.104174,0.000000,0.104174
1157350,100,4.0212,75.000,0.3016,0.3000,25.905401,0.000000,25.905401,0.104182,0.000000,0.104182
1157450,100,4.0212,75.000,0.3016,0.3000,25.907484,0.000000,25.907484,0.104191,0.000000,0.104191
1157550,100,4.0212,77.500,0.3116,0.3100,25.909637,0.000000,25.909637,0.104199,0.000000,0.104199
1157650,100,4.0200,78.750,0.3166,0.3200,25.911825,0.000000,25.911825,0.104208,0.000000,0.104208
1157750,100,4.0212,76.250,0.3066,0.3100,25.913943,0.000000,25.913943,0.104217,0.000000,0.104217
1157850,100,4.0212,75.000,0.3016,0.3000,25.916026,0.000000,25.916026,0.104225,0.000000,0.104225
1157950,100,4.0200,77.500,0.3115,0.3100,25.918179,0.000000,25.918179,0.104234,0.000000,0.104234
1158050,100,4.0212,75.000,0.3016,0.3000,25.920262,0.000000,25.920262,0.104242,0.000000,0.104242
1158150,100,4.0212,73.750,0.2966,0.2900,25.922311,0.000000,25.922311,0.104250,0.000000,0.104250
1158250,100,4.0212,76.250,0.3066,0.3100,25.924429,0.000000,25.924429,0.104259,0.000000,0.104259
1158350,100,4.0200,81.250,0.3266,0.3300,25.926686,0.000000,25.926686,0.104268,0.000000,0.104268
1158450,100,4.0200,77.500,0.3115,0.3200,25.928839,0.000000,25.928839,0.104277,0.000000,0.104277
1158550,100,4.0212,76.250,0.3066,0.3000,25.930957,0.000000,25.930957,0.104285,0.000000,0.104285
1158650,100,4.0212,73.750,0.2966,0.3000,25.933005,0.000000,25.933005,0.104293,0.000000,0.104293
1158750,100,4.0212,73.750,0.2966,0.3000,25.935054,0.000000,25.935054,0.104302,0.000000,0.104302
1158850,100,4.0212,75.000,0.3016,0.3000,25.937137,0.000000,25.937137,0.104310,0.000000,0.104310
1158950,100,4.0212,75.000,0.3016,0.3000,25.939220,0.000000,25.939220,0.104318,0.000000,0.104318
1159050,100,4.0200,78.750,0.3166,0.3200,25.941408,0.000000,25.941408,0.104327,0.000000,0.104327
1159150,100,4.0212,75.000,0.3016,0.3100,25.943491,0.000000,25.943491,0.104336,0.000000,0.104336
1159250,100,4.0212,76.250,0.3066,0.3100,25.945609,0.000000,25.945609,0.104344,0.000000,0.104344
1159350,100,4.0212,75.000,0.3016,0.3000,25.947693,0.000000,25.947693,0.104352,0.000000,0.104352
1159450,100,4.0212,75.000,0.3016,0.3000,25.949776,0.000000,25.949776,0.104361,0.000000,0.104361
1159550,100,4.0200,77.500,0.3115,0.3200,25.951929,0.000000,25.951929,0.104370,0.000000,0.104370
1159650,100,4.0212,76.250,0.3066,0.3100,25.954047,0.000000,25.954047,0.104378,0.000000,0.104378
1159750,100,4.0212,73.750,0.2966,0.3000,25.956095,0.000000,25.956095,0.104386,0.000000,0.104386
1159850,100,4.0212,76.250,0.3066,0.3100,25.958214,0.000000,25.958214,0.104395,0.000000,0.104395
1159950,100,4.0200,80.000,0.3216,0.3300,25.960436,0.000000,25.960436,0.104404,0.000000,0.104404
1160050,100,4.0212,77.500,0.3116,0.3200,25.962589,0.000000,25.962589,0.104412,0.000000,0.104412
1160150,100,4.0225,73.750,0.2967,0.3000,25.964637,0.000000,25.964637,0.104421,0.000000,0.104421
1160250,100,4.0225,72.500,0.2916,0.2900,25.966651,0.000000,25.966651,0.104429,0.000000,0.104429
1160350,100,4.0225,73.750,0.2967,0.2900,25.968700,0.000000,25.968700,0.104437,0.000000,0.104437
1160450,100,4.0212,77.500,0.3116,0.3100,25.970852,0.000000,25.970852,0.104446,0.000000,0.104446
1160550,100,4.0212,76.250,0.3066,0.3100,25.972970,0.000000,25.972970,0.104454,0.000000,0.104454
1160650,100,4.0212,78.750,0.3167,0.3200,25.975158,0.000000,25.975158,0.104463,0.000000,0.104463
1160750,100,4.0212,77.500,0.3116,0.3100,25.977311,0.000000,25.977311,0.104472,0.000000,0.104472
1160850,100,4.0212,76.250,0.3066,0.3100,25.979429,0.000000,25.979429,0.104480,0.000000,0.104480
1160950,100,4.0212,75.000,0.3016,0.3100,25.981512,0.000000,25.981512,0.104488,0.000000,0.104488
1161050,100,4.0212,78.750,0.3167,0.3100,25.983700,0.000000,25.983700,0.104497,0.000000,0.104497
1161150,100,4.0212,77.500,0.3116,0.3100,25.985852,0.000000,25.985852,0.104506,0.000000,0.104506
1161250,100,4.0225,78.750,0.3168,0.3200,25.988040,0.000000,25.988040,0.104515,0.000000,0.104515
1161350,100,4.0200,81.250,0.3266,0.3300,25.990297,0.000000,25.990297,0.104524,0.000000,0.104524
1161450,100,4.0212,76.250,0.3066,0.3100,25.992415,0.000000,25.992415,0.104532,0.000000,0.104532
1161550,100,4.0225,73.750,0.2967,0.2900,25.994464,0.000000,25.994464,0.104541,0.000000,0.104541
1161650,100,4.0225,75.000,0.3017,0.3000,25.996547,0.000000,25.996547,0.104549,0.000000,0.104549
1161750,100,4.0225,75.000,0.3017,0.3000,25.998630,0.000000,25.998630,0.104557,0.000000,0.104557
1161850,100,4.0212,76.250,0.3066,0.3100,26.000748,0.000000,26.000748,0.104566,0.000000,0.104566
1161950,100,4.0212,76.250,0.3066,0.3100,26.002866,0.000000,26.002866,0.104574,0.000000,0.104574
1162050,100,4.0212,76.250,0.3066,0.3100,26.004984,0.000000,26.004984,0.104583,0.000000,0.104583
1162150,100,4.0212,76.250,0.3066,0.3100,26.007102,0.000000,26.007102,0.104591,0.000000,0.104591
1162250,100,4.0212,77.500,0.3116,0.3200,26.009255,0.000000,26.009255,0.104600,0.000000,0.104600
1162350,100,4.0212,75.000,0.3016,0.3000,26.011339,0.000000,26.011339,0.104608,0.000000,0.104608
#MARK,1162448,100,"seg_125_p21_b223_end",26.011339,0.000000,26.011339,0.104608,0.000000,0.104608
1162450,100,4.0212,76.250,0.3066,0.3100,26.013457,0.000000,26.013457,0.104617,0.000000,0.104617
1162550,100,4.0212,80.000,0.3217,0.3200,26.015679,0.000000,26.015679,0.104626,0.000000,0.104626
1162650,100,4.0212,77.500,0.3116,0.3100,26.017832,0.000000,26.017832,0.104635,0.000000,0.104635
1162750,100,4.0212,78.750,0.3167,0.3200,26.020019,0.000000,26.020019,0.104643,0.000000,0.104643
1162850,100,4.0225,73.750,0.2967,0.3000,26.022068,0.000000,26.022068,0.104652,0.000000,0.104652
1162950,100,4.0225,73.750,0.2967,0.3000,26.024116,0.000000,26.024116,0.104660,0.000000,0.104660
1163050,100,4.0225,72.500,0.2916,0.2900,26.026130,0.000000,26.026130,0.104668,0.000000,0.104668
1163150,100,4.0212,75.000,0.3016,0.3100,26.028214,0.000000,26.028214,0.104676,0.000000,0.104676
1163250,100,4.0212,77.500,0.3116,0.3100,26.030366,0.000000,26.030366,0.104685,0.000000,0.104685
1163350,100,4.0212,77.500,0.3116,0.3100,26.032519,0.000000,26.032519,0.104694,0.000000,0.104694
1163450,100,4.0212,76.250,0.3066,0.3100,26.034637,0.000000,26.034637,0.104702,0.000000,0.104702
1163550,100,4.0212,77.500,0.3116,0.3100,26.036790,0.000000,26.036790,0.104711,0.000000,0.104711
#MARK,1163595,100,"seg_126_p21_b255_start",26.036790,0.000000,26.036790,0.104711,0.000000,0.104711
1163650,100,4.0212,76.250,0.3066,0.3100,26.038908,0.000000,26.038908,0.104719,0.000000,0.104719
1163750,100,4.0225,73.750,0.2967,0.3000,26.040957,0.000000,26.040957,0.104728,0.000000,0.104728
1163850,100,4.0225,75.000,0.3017,0.3000,26.043040,0.000000,26.043040,0.104736,0.000000,0.104736
1163950,100,4.0212,76.250,0.3066,0.3100,26.045158,0.000000,26.045158,0.104744,0.000000,0.104744
1164050,100,4.0212,77.500,0.3116,0.3100,26.047311,0.000000,26.047311,0.104753,0.000000,0.104753
1164150,100,4.0212,75.000,0.3016,0.3000,26.049394,0.000000,26.049394,0.104761,0.000000,0.104761
1164250,100,4.0212,75.000,0.3016,0.3000,26.051477,0.000000,26.051477,0.104770,0.000000,0.104770
1164350,100,4.0225,75.000,0.3017,0.3000,26.053561,0.000000,26.053561,0.104778,0.000000,0.104778
1164450,100,4.0212,77.500,0.3116,0.3100,26.055714,0.000000,26.055714,0.104787,0.000000,0.104787
1164550,100,4.0200,80.000,0.3216,0.3200,26.057936,0.000000,26.057936,0.104796,0.000000,0.104796
1164650,100,4.0212,77.500,0.3116,0.3100,26.060089,0.000000,26.060089,0.104804,0.000000,0.104804
1164750,100,4.0212,76.250,0.3066,0.3100,26.062207,0.000000,26.062207,0.104813,0.000000,0.104813
1164850,100,4.0225,75.000,0.3017,0.3000,26.064290,0.000000,26.064290,0.104821,0.000000,0.104821
1164950,100,4.0225,76.250,0.3067,0.3100,26.066408,0.000000,26.066408,0.104830,0.000000,0.104830
1165050,100,4.0212,77.500,0.3116,0.3200,26.068561,0.000000,26.068561,0.104839,0.000000,0.104839
1165150,100,4.0212,78.750,0.3167,0.3200,26.070748,0.000000,26.070748,0.104847,0.000000,0.104847
1165250,100,4.0212,77.500,0.3116,0.3100,26.072901,0.000000,26.072901,0.104856,0.000000,0.104856
1165350,100,4.0225,73.750,0.2967,0.2900,26.074950,0.000000,26.074950,0.104864,0.000000,0.104864
1165450,100,4.0237,72.500,0.2917,0.2900,26.076964,0.000000,26.076964,0.104872,0.000000,0.104872
1165550,100,4.0225,76.250,0.3067,0.3100,26.079082,0.000000,26.079082,0.104881,0.000000,0.104881
1165650,100,4.0200,78.750,0.3166,0.3200,26.081269,0.000000,26.081269,0.104890,0.000000,0.104890
1165750,100,4.0225,73.750,0.2967,0.2900,26.083318,0.000000,26.083318,0.104898,0.000000,0.104898
1165850,100,4.0225,71.250,0.2866,0.2900,26.085297,0.000000,26.085297,0.104906,0.000000,0.104906
1165950,100,4.0225,72.500,0.2916,0.2900,26.087311,0.000000,26.087311,0.104914,0.000000,0.104914
1166050,100,4.0212,77.500,0.3116,0.3100,26.089464,0.000000,26.089464,0.104923,0.000000,0.104923
1166150,100,4.0212,77.500,0.3116,0.3100,26.091616,0.000000,26.091616,0.104931,0.000000,0.104931
1166250,100,4.0225,73.750,0.2967,0.3000,26.093665,0.000000,26.093665,0.104940,0.000000,0.104940
1166350,100,4.0225,73.750,0.2967,0.2900,26.095714,0.000000,26.095714,0.104948,0.000000,0.104948
1166450,100,4.0225,72.500,0.2916,0.2900,26.097727,0.000000,26.097727,0.104956,0.000000,0.104956
1166550,100,4.0225,73.750,0.2967,0.3000,26.099776,0.000000,26.099776,0.104964,0.000000,0.104964
1166650,100,4.0212,80.000,0.3217,0.3200,26.101998,0.000000,26.101998,0.104973,0.000000,0.104973
1166750,100,4.0225,76.250,0.3067,0.3100,26.104116,0.000000,26.104116,0.104982,0.000000,0.104982
1166850,100,4.0225,76.250,0.3067,0.3000,26.106234,0.000000,26.106234,0.104990,0.000000,0.104990
1166950,100,4.0212,76.250,0.3066,0.3100,26.108352,0.000000,26.108352,0.104999,0.000000,0.104999
1167050,100,4.0225,73.750,0.2967,0.3000,26.110401,0.000000,26.110401,0.105007,0.000000,0.105007
1167150,100,4.0225,73.750,0.2967,0.3000,26.112450,0.000000,26.112450,0.105015,0.000000,0.105015
1167250,100,4.0225,75.000,0.3017,0.3000,26.114533,0.000000,26.114533,0.105023,0.000000,0.105023
1167350,100,4.0212,80.000,0.3217,0.3200,26.116755,0.000000,26.116755,0.105032,0.000000,0.105032
1167450,100,4.0212,77.500,0.3116,0.3100,26.118908,0.000000,26.118908,0.105041,0.000000,0.105041
1167550,100,4.0212,76.250,0.3066,0.3100,26.121026,0.000000,26.121026,0.105050,0.000000,0.105050
1167650,100,4.0212,75.000,0.3016,0.3000,26.123109,0.000000,26.123109,0.105058,0.000000,0.105058
1167750,100,4.0225,75.000,0.3017,0.3000,26.125193,0.000000,26.125193,0.105066,0.000000,0.105066
1167850,100,4.0212,77.500,0.3116,0.3100,26.127345,0.000000,26.127345,0.105075,0.000000,0.105075
1167950,100,4.0225,75.000,0.3017,0.3000,26.129429,0.000000,26.129429,0.105083,0.000000,0.105083
1168050,100,4.0212,77.500,0.3116,0.3100,26.131582,0.000000,26.131582,0.105092,0.000000,0.105092
1168150,100,4.0225,75.000,0.3017,0.3000,26.133665,0.000000,26.133665,0.105100,0.000000,0.105100
1168250,100,4.0212,78.750,0.3167,0.3200,26.135852,0.000000,26.135852,0.105109,0.000000,0.105109
1168350,100,4.0212,78.750,0.3167,0.3200,26.138040,0.000000,26.138040,0.105118,0.000000,0.105118
1168450,100,4.0212,77.500,0.3116,0.3100,26.140193,0.000000,26.140193,0.105127,0.000000,0.105127
1168550,100,4.0212,75.000,0.3016,0.3000,26.142276,0.000000,26.142276,0.105135,0.000000,0.105135
1168650,100,4.0212,78.750,0.3167,0.3200,26.144464,0.000000,26.144464,0.105144,0.000000,0.105144
1168750,100,4.0212,76.250,0.3066,0.3100,26.146582,0.000000,26.146582,0.105152,0.000000,0.105152
#MARK,1168842,100,"seg_126_p21_b255_end",26.146582,0.000000,26.146582,0.105152,0.000000,0.105152
1168850,100,4.0212,78.750,0.3167,0.3200,26.148769,0.000000,26.148769,0.105161,0.000000,0.105161
1168950,100,4.0163,93.750,0.3765,0.3800,26.151373,0.000000,26.151373,0.105172,0.000000,0.105172
1169050,100,4.0113,110.000,0.4412,0.4500,26.154429,0.000000,26.154429,0.105184,0.000000,0.105184
1169150,100,4.0100,113.750,0.4561,0.4600,26.157589,0.000000,26.157589,0.105197,0.000000,0.105197
1169250,100,4.0100,113.750,0.4561,0.4600,26.160748,0.000000,26.160748,0.105209,0.000000,0.105209
1169350,100,4.0100,115.000,0.4612,0.4600,26.163943,0.000000,26.163943,0.105222,0.000000,0.105222
1169450,100,4.0150,96.250,0.3864,0.3900,26.166616,0.000000,26.166616,0.105233,0.000000,0.105233
1169550,100,4.0212,75.000,0.3016,0.3000,26.168700,0.000000,26.168700,0.105241,0.000000,0.105241
1169650,100,4.0237,71.250,0.2867,0.2800,26.170679,0.000000,26.170679,0.105249,0.000000,0.105249
1169750,100,4.0237,71.250,0.2867,0.2900,26.172658,0.000000,26.172658,0.105257,0.000000,0.105257
1169850,100,4.0237,71.250,0.2867,0.2800,26.174637,0.000000,26.174637,0.105265,0.000000,0.105265
1169950,100,4.0237,71.250,0.2867,0.2800,26.176616,0.000000,26.176616,0.105273,0.000000,0.105273
#MARK,1169984,100,"seg_127_p22_b095_start",26.176616,0.000000,26.176616,0.105273,0.000000,0.105273
1170050,100,4.0237,71.250,0.2867,0.2800,26.178595,0.000000,26.178595,0.105281,0.000000,0.105281
1170150,100,4.0237,71.250,0.2867,0.2800,26.180575,0.000000,26.180575,0.105289,0.000000,0.105289
1170250,100,4.0237,71.250,0.2867,0.2800,26.182554,0.000000,26.182554,0.105297,0.000000,0.105297
1170350,100,4.0237,70.000,0.2817,0.2800,26.184498,0.000000,26.184498,0.105305,0.000000,0.105305
1170450,100,4.0237,71.250,0.2867,0.2800,26.186477,0.000000,26.186477,0.105313,0.000000,0.105313
1170550,100,4.0237,71.250,0.2867,0.2900,26.188457,0.000000,26.188457,0.105321,0.000000,0.105321
1170650,100,4.0237,71.250,0.2867,0.2900,26.190436,0.000000,26.190436,0.105329,0.000000,0.105329
1170750,100,4.0237,71.250,0.2867,0.2900,26.192415,0.000000,26.192415,0.105337,0.000000,0.105337
1170850,100,4.0237,71.250,0.2867,0.2900,26.194394,0.000000,26.194394,0.105344,0.000000,0.105344
1170950,100,4.0237,71.250,0.2867,0.2900,26.196373,0.000000,26.196373,0.105352,0.000000,0.105352
1171050,100,4.0237,71.250,0.2867,0.2800,26.198352,0.000000,26.198352,0.105360,0.000000,0.105360
1171150,100,4.0237,71.250,0.2867,0.2900,26.200332,0.000000,26.200332,0.105368,0.000000,0.105368
1171250,100,4.0237,71.250,0.2867,0.2800,26.202311,0.000000,26.202311,0.105376,0.000000,0.105376
1171350,100,4.0237,71.250,0.2867,0.2800,26.204290,0.000000,26.204290,0.105384,0.000000,0.105384
1171450,100,4.0237,71.250,0.2867,0.2800,26.206269,0.000000,26.206269,0.105392,0.000000,0.105392
1171550,100,4.0237,71.250,0.2867,0.2800,26.208248,0.000000,26.208248,0.105400,0.000000,0.105400
1171650,100,4.0237,71.250,0.2867,0.2800,26.210227,0.000000,26.210227,0.105408,0.000000,0.105408
1171750,100,4.0237,70.000,0.2817,0.2800,26.212172,0.000000,26.212172,0.105416,0.000000,0.105416
1171850,100,4.0237,68.750,0.2766,0.2800,26.214082,0.000000,26.214082,0.105424,0.000000,0.105424
1171950,100,4.0237,70.000,0.2817,0.2800,26.216026,0.000000,26.216026,0.105432,0.000000,0.105432
1172050,100,4.0237,70.000,0.2817,0.2800,26.217970,0.000000,26.217970,0.105439,0.000000,0.105439
1172150,100,4.0237,70.000,0.2817,0.2800,26.219915,0.000000,26.219915,0.105447,0.000000,0.105447
1172250,100,4.0237,70.000,0.2817,0.2800,26.221859,0.000000,26.221859,0.105455,0.000000,0.105455
1172350,100,4.0237,70.000,0.2817,0.2800,26.223804,0.000000,26.223804,0.105463,0.000000,0.105463
1172450,100,4.0250,68.750,0.2767,0.2800,26.225714,0.000000,26.225714,0.105471,0.000000,0.105471
1172550,100,4.0237,68.750,0.2766,0.2800,26.227623,0.000000,26.227623,0.105478,0.000000,0.105478
1172650,100,4.0237,70.000,0.2817,0.2800,26.229568,0.000000,26.229568,0.105486,0.000000,0.105486
1172750,100,4.0237,68.750,0.2766,0.2800,26.231477,0.000000,26.231477,0.105494,0.000000,0.105494
1172850,100,4.0237,68.750,0.2766,0.2800,26.233387,0.000000,26.233387,0.105501,0.000000,0.105501
1172950,100,4.0250,70.000,0.2817,0.2800,26.235332,0.000000,26.235332,0.105509,0.000000,0.105509
1173050,100,4.0237,70.000,0.2817,0.2800,26.237276,0.000000,26.237276,0.105517,0.000000,0.105517
1173150,100,4.0250,70.000,0.2817,0.2800,26.239220,0.000000,26.239220,0.105525,0.000000,0.105525
1173250,100,4.0237,70.000,0.2817,0.2800,26.241165,0.000000,26.241165,0.105533,0.000000,0.105533
1173350,100,4.0237,70.000,0.2817,0.2800,26.243109,0.000000,26.243109,0.105541,0.000000,0.105541
1173450,100,4.0250,70.000,0.2817,0.2800,26.245054,0.000000,26.245054,0.105548,0.000000,0.105548
1173550,100,4.0237,70.000,0.2817,0.2800,26.246998,0.000000,26.246998,0.105556,0.000000,0.105556
1173650,100,4.0250,68.750,0.2767,0.2800,26.248908,0.000000,26.248908,0.105564,0.000000,0.105564
1173750,100,4.0237,68.750,0.2766,0.2800,26.250818,0.000000,26.250818,0.105572,0.000000,0.105572
1173850,100,4.0250,70.000,0.2817,0.2800,26.252762,0.000000,26.252762,0.105579,0.000000,0.105579
1173950,100,4.0250,68.750,0.2767,0.2800,26.254672,0.000000,26.254672,0.105587,0.000000,0.105587
1174050,100,4.0250,70.000,0.2817,0.2800,26.256616,0.000000,26.256616,0.105595,0.000000,0.105595
1174150,100,4.0250,70.000,0.2817,0.2800,26.258561,0.000000,26.258561,0.105603,0.000000,0.105603
1174250,100,4.0250,70.000,0.2817,0.2800,26.260505,0.000000,26.260505,0.105611,0.000000,0.105611
1174350,100,4.0250,70.000,0.2817,0.2800,26.262450,0.000000,26.262450,0.105618,0.000000,0.105618
1174450,100,4.0237,70.000,0.2817,0.2800,26.264394,0.000000,26.264394,0.105626,0.000000,0.105626
1174550,100,4.0250,70.000,0.2817,0.2800,26.266339,0.000000,26.266339,0.105634,0.000000,0.105634
1174650,100,4.0250,70.000,0.2817,0.2800,26.268283,0.000000,26.268283,0.105642,0.000000,0.105642
1174750,100,4.0250,70.000,0.2817,0.2800,26.270227,0.000000,26.270227,0.105650,0.000000,0.105650
1174850,100,4.0237,68.750,0.2766,0.2800,26.272137,0.000000,26.272137,0.105657,0.000000,0.105657
1174950,100,4.0250,70.000,0.2817,0.2800,26.274082,0.000000,26.274082,0.105665,0.000000,0.105665
1175050,100,4.0250,68.750,0.2767,0.2800,26.275991,0.000000,26.275991,0.105673,0.000000,0.105673
1175150,100,4.0250,70.000,0.2817,0.2800,26.277936,0.000000,26.277936,0.105681,0.000000,0.105681
#MARK,1175234,100,"seg_127_p22_b095_end",26.277936,0.000000,26.277936,0.105681,0.000000,0.105681
1175250,100,4.0250,70.000,0.2817,0.2800,26.279880,0.000000,26.279880,0.105689,0.000000,0.105689
1175350,100,4.0237,72.500,0.2917,0.2900,26.281894,0.000000,26.281894,0.105697,0.000000,0.105697
1175450,100,4.0237,71.250,0.2867,0.2800,26.283873,0.000000,26.283873,0.105705,0.000000,0.105705
1175550,100,4.0237,71.250,0.2867,0.2900,26.285852,0.000000,26.285852,0.105713,0.000000,0.105713
1175650,100,4.0237,71.250,0.2867,0.2900,26.287832,0.000000,26.287832,0.105721,0.000000,0.105721
1175750,100,4.0237,71.250,0.2867,0.2900,26.289811,0.000000,26.289811,0.105728,0.000000,0.105728
1175850,100,4.0237,71.250,0.2867,0.2800,26.291790,0.000000,26.291790,0.105736,0.000000,0.105736
1175950,100,4.0237,71.250,0.2867,0.2900,26.293769,0.000000,26.293769,0.105744,0.000000,0.105744
1176050,100,4.0237,71.250,0.2867,0.2900,26.295748,0.000000,26.295748,0.105752,0.000000,0.105752
1176150,100,4.0237,71.250,0.2867,0.2800,26.297727,0.000000,26.297727,0.105760,0.000000,0.105760
1176250,100,4.0237,70.000,0.2817,0.2800,26.299672,0.000000,26.299672,0.105768,0.000000,0.105768
#MARK,1176341,100,"seg_128_p22_b127_start",26.299672,0.000000,26.299672,0.105768,0.000000,0.105768
1176350,100,4.0237,71.250,0.2867,0.2800,26.301651,0.000000,26.301651,0.105776,0.000000,0.105776
1176450,100,4.0237,70.000,0.2817,0.2800,26.303595,0.000000,26.303595,0.105784,0.000000,0.105784
1176550,100,4.0237,71.250,0.2867,0.2800,26.305575,0.000000,26.305575,0.105792,0.000000,0.105792
1176650,100,4.0237,71.250,0.2867,0.2800,26.307554,0.000000,26.307554,0.105800,0.000000,0.105800
1176750,100,4.0237,71.250,0.2867,0.2800,26.309533,0.000000,26.309533,0.105808,0.000000,0.105808
1176850,100,4.0237,71.250,0.2867,0.2900,26.311512,0.000000,26.311512,0.105816,0.000000,0.105816
1176950,100,4.0237,71.250,0.2867,0.2800,26.313491,0.000000,26.313491,0.105824,0.000000,0.105824
1177050,100,4.0237,71.250,0.2867,0.2900,26.315470,0.000000,26.315470,0.105832,0.000000,0.105832
1177150,100,4.0237,71.250,0.2867,0.2900,26.317450,0.000000,26.317450,0.105840,0.000000,0.105840
1177250,100,4.0237,71.250,0.2867,0.2800,26.319429,0.000000,26.319429,0.105848,0.000000,0.105848
1177350,100,4.0237,71.250,0.2867,0.2900,26.321408,0.000000,26.321408,0.105856,0.000000,0.105856
1177450,100,4.0237,71.250,0.2867,0.2800,26.323387,0.000000,26.323387,0.105864,0.000000,0.105864
1177550,100,4.0237,71.250,0.2867,0.2800,26.325366,0.000000,26.325366,0.105872,0.000000,0.105872
1177650,100,4.0250,71.250,0.2868,0.2800,26.327345,0.000000,26.327345,0.105879,0.000000,0.105879
1177750,100,4.0237,70.000,0.2817,0.2800,26.329290,0.000000,26.329290,0.105887,0.000000,0.105887
1177850,100,4.0237,71.250,0.2867,0.2800,26.331269,0.000000,26.331269,0.105895,0.000000,0.105895
1177950,100,4.0237,71.250,0.2867,0.2800,26.333248,0.000000,26.333248,0.105903,0.000000,0.105903
1178050,100,4.0250,70.000,0.2817,0.2800,26.335193,0.000000,26.335193,0.105911,0.000000,0.105911
1178150,100,4.0250,70.000,0.2817,0.2800,26.337137,0.000000,26.337137,0.105919,0.000000,0.105919
1178250,100,4.0250,70.000,0.2817,0.2800,26.339082,0.000000,26.339082,0.105927,0.000000,0.105927
1178350,100,4.0250,70.000,0.2817,0.2800,26.341026,0.000000,26.341026,0.105935,0.000000,0.105935
1178450,100,4.0250,70.000,0.2817,0.2800,26.342970,0.000000,26.342970,0.105942,0.000000,0.105942
1178550,100,4.0250,70.000,0.2817,0.2800,26.344915,0.000000,26.344915,0.105950,0.000000,0.105950
1178650,100,4.0250,70.000,0.2817,0.2800,26.346859,0.000000,26.346859,0.105958,0.000000,0.105958
1178750,100,4.0250,70.000,0.2817,0.2800,26.348804,0.000000,26.348804,0.105966,0.000000,0.105966
1178850,100,4.0250,70.000,0.2817,0.2800,26.350748,0.000000,26.350748,0.105974,0.000000,0.105974
1178950,100,4.0250,70.000,0.2817,0.2800,26.352693,0.000000,26.352693,0.105982,0.000000,0.105982
1179050,100,4.0250,68.750,0.2767,0.2800,26.354602,0.000000,26.354602,0.105989,0.000000,0.105989
1179150,100,4.0250,70.000,0.2817,0.2800,26.356547,0.000000,26.356547,0.105997,0.000000,0.105997
1179250,100,4.0250,68.750,0.2767,0.2800,26.358457,0.000000,26.358457,0.106005,0.000000,0.106005
1179350,100,4.0250,70.000,0.2817,0.2800,26.360401,0.000000,26.360401,0.106013,0.000000,0.106013
1179450,100,4.0250,70.000,0.2817,0.2800,26.362345,0.000000,26.362345,0.106020,0.000000,0.106020
1179550,100,4.0250,70.000,0.2817,0.2800,26.364290,0.000000,26.364290,0.106028,0.000000,0.106028
1179650,100,4.0250,70.000,0.2817,0.2800,26.366234,0.000000,26.366234,0.106036,0.000000,0.106036
1179750,100,4.0250,70.000,0.2817,0.2800,26.368179,0.000000,26.368179,0.106044,0.000000,0.106044
1179850,100,4.0250,70.000,0.2817,0.2800,26.370123,0.000000,26.370123,0.106052,0.000000,0.106052
1179950,100,4.0250,70.000,0.2817,0.2800,26.372068,0.000000,26.372068,0.106059,0.000000,0.106059
1180050,100,4.0250,70.000,0.2817,0.2800,26.374012,0.000000,26.374012,0.106067,0.000000,0.106067
1180150,100,4.0250,68.750,0.2767,0.2800,26.375922,0.000000,26.375922,0.106075,0.000000,0.106075
1180250,100,4.0250,68.750,0.2767,0.2800,26.377832,0.000000,26.377832,0.106083,0.000000,0.106083
1180350,100,4.0250,68.750,0.2767,0.2800,26.379741,0.000000,26.379741,0.106090,0.000000,0.106090
1180450,100,4.0250,70.000,0.2817,0.2800,26.381686,0.000000,26.381686,0.106098,0.000000,0.106098
1180550,100,4.0250,70.000,0.2817,0.2800,26.383630,0.000000,26.383630,0.106106,0.000000,0.106106
1180650,100,4.0250,68.750,0.2767,0.2800,26.385540,0.000000,26.385540,0.106114,0.000000,0.106114
1180750,100,4.0250,70.000,0.2817,0.2800,26.387484,0.000000,26.387484,0.106122,0.000000,0.106122
1180850,100,4.0250,70.000,0.2817,0.2800,26.389429,0.000000,26.389429,0.106129,0.000000,0.106129
1180950,100,4.0250,70.000,0.2817,0.2800,26.391373,0.000000,26.391373,0.106137,0.000000,0.106137
1181050,100,4.0250,70.000,0.2817,0.2800,26.393318,0.000000,26.393318,0.106145,0.000000,0.106145
1181150,100,4.0250,70.000,0.2817,0.2800,26.395262,0.000000,26.395262,0.106153,0.000000,0.106153
1181250,100,4.0250,68.750,0.2767,0.2800,26.397172,0.000000,26.397172,0.106161,0.000000,0.106161
1181350,100,4.0250,68.750,0.2767,0.2800,26.399082,0.000000,26.399082,0.106168,0.000000,0.106168
1181450,100,4.0250,68.750,0.2767,0.2800,26.400991,0.000000,26.400991,0.106176,0.000000,0.106176
1181550,100,4.0250,68.750,0.2767,0.2800,26.402901,0.000000,26.402901,0.106184,0.000000,0.106184
#MARK,1181588,100,"seg_128_p22_b127_end",26.402901,0.000000,26.402901,0.106184,0.000000,0.106184
1181650,100,4.0237,72.500,0.2917,0.2900,26.404915,0.000000,26.404915,0.106192,0.000000,0.106192
1181750,100,4.0250,70.000,0.2817,0.2800,26.406859,0.000000,26.406859,0.106200,0.000000,0.106200
1181850,100,4.0250,71.250,0.2868,0.2800,26.408839,0.000000,26.408839,0.106207,0.000000,0.106207
1181950,100,4.0250,71.250,0.2868,0.2900,26.410818,0.000000,26.410818,0.106215,0.000000,0.106215
1182050,100,4.0250,71.250,0.2868,0.2800,26.412797,0.000000,26.412797,0.106223,0.000000,0.106223
1182150,100,4.0250,71.250,0.2868,0.2900,26.414776,0.000000,26.414776,0.106231,0.000000,0.106231
1182250,100,4.0250,71.250,0.2868,0.2900,26.416755,0.000000,26.416755,0.106239,0.000000,0.106239
1182350,100,4.0250,71.250,0.2868,0.2900,26.418734,0.000000,26.418734,0.106247,0.000000,0.106247
1182450,100,4.0250,71.250,0.2868,0.2900,26.420714,0.000000,26.420714,0.106255,0.000000,0.106255
1182550,100,4.0250,71.250,0.2868,0.2900,26.422693,0.000000,26.422693,0.106263,0.000000,0.106263
1182650,100,4.0250,71.250,0.2868,0.2800,26.424672,0.000000,26.424672,0.106271,0.000000,0.106271
#MARK,1182730,100,"seg_129_p22_b159_start",26.424672,0.000000,26.424672,0.106271,0.000000,0.106271
1182750,100,4.0250,71.250,0.2868,0.2800,26.426651,0.000000,26.426651,0.106279,0.000000,0.106279
1182850,100,4.0250,71.250,0.2868,0.2800,26.428630,0.000000,26.428630,0.106287,0.000000,0.106287
1182950,100,4.0250,71.250,0.2868,0.2800,26.430609,0.000000,26.430609,0.106295,0.000000,0.106295
1183050,100,4.0250,71.250,0.2868,0.2900,26.432589,0.000000,26.432589,0.106303,0.000000,0.106303
1183150,100,4.0250,71.250,0.2868,0.2800,26.434568,0.000000,26.434568,0.106311,0.000000,0.106311
1183250,100,4.0250,71.250,0.2868,0.2800,26.436547,0.000000,26.436547,0.106319,0.000000,0.106319
1183350,100,4.0250,71.250,0.2868,0.2900,26.438526,0.000000,26.438526,0.106327,0.000000,0.106327
1183450,100,4.0250,71.250,0.2868,0.2800,26.440505,0.000000,26.440505,0.106335,0.000000,0.106335
1183550,100,4.0250,71.250,0.2868,0.2900,26.442484,0.000000,26.442484,0.106343,0.000000,0.106343
1183650,100,4.0250,71.250,0.2868,0.2900,26.444464,0.000000,26.444464,0.106351,0.000000,0.106351
1183750,100,4.0250,71.250,0.2868,0.2900,26.446443,0.000000,26.446443,0.106359,0.000000,0.106359
1183850,100,4.0250,71.250,0.2868,0.2800,26.448422,0.000000,26.448422,0.106367,0.000000,0.106367
1183950,100,4.0250,71.250,0.2868,0.2800,26.450401,0.000000,26.450401,0.106375,0.000000,0.106375
1184050,100,4.0250,71.250,0.2868,0.2800,26.452380,0.000000,26.452380,0.106383,0.000000,0.106383
1184150,100,4.0250,71.250,0.2868,0.2900,26.454359,0.000000,26.454359,0.106391,0.000000,0.106391
1184250,100,4.0250,71.250,0.2868,0.2900,26.456339,0.000000,26.456339,0.106399,0.000000,0.106399
1184350,100,4.0250,70.000,0.2817,0.2800,26.458283,0.000000,26.458283,0.106407,0.000000,0.106407
1184450,100,4.0250,70.000,0.2817,0.2800,26.460227,0.000000,26.460227,0.106414,0.000000,0.106414
1184550,100,4.0250,70.000,0.2817,0.2800,26.462172,0.000000,26.462172,0.106422,0.000000,0.106422
1184650,100,4.0250,70.000,0.2817,0.2800,26.464116,0.000000,26.464116,0.106430,0.000000,0.106430
1184750,100,4.0250,70.000,0.2817,0.2800,26.466061,0.000000,26.466061,0.106438,0.000000,0.106438
1184850,100,4.0250,68.750,0.2767,0.2800,26.467970,0.000000,26.467970,0.106446,0.000000,0.106446
1184950,100,4.0250,70.000,0.2817,0.2800,26.469915,0.000000,26.469915,0.106453,0.000000,0.106453
1185050,100,4.0250,70.000,0.2817,0.2800,26.471859,0.000000,26.471859,0.106461,0.000000,0.106461
1185150,100,4.0250,70.000,0.2817,0.2800,26.473804,0.000000,26.473804,0.106469,0.000000,0.106469
1185250,100,4.0250,68.750,0.2767,0.2800,26.475714,0.000000,26.475714,0.106477,0.000000,0.106477
1185350,100,4.0250,68.750,0.2767,0.2800,26.477623,0.000000,26.477623,0.106484,0.000000,0.106484
1185450,100,4.0250,70.000,0.2817,0.2800,26.479568,0.000000,26.479568,0.106492,0.000000,0.106492
1185550,100,4.0250,68.750,0.2767,0.2800,26.481477,0.000000,26.481477,0.106500,0.000000,0.106500
1185650,100,4.0250,70.000,0.2817,0.2800,26.483422,0.000000,26.483422,0.106508,0.000000,0.106508
1185750,100,4.0250,70.000,0.2817,0.2800,26.485366,0.000000,26.485366,0.106516,0.000000,0.106516
1185850,100,4.0250,70.000,0.2817,0.2800,26.487311,0.000000,26.487311,0.106523,0.000000,0.106523
1185950,100,4.0250,70.000,0.2817,0.2800,26.489255,0.000000,26.489255,0.106531,0.000000,0.106531
1186050,100,4.0250,70.000,0.2817,0.2800,26.491200,0.000000,26.491200,0.106539,0.000000,0.106539
1186150,100,4.0250,68.750,0.2767,0.2800,26.493109,0.000000,26.493109,0.106547,0.000000,0.106547
1186250,100,4.0250,70.000,0.2817,0.2800,26.495054,0.000000,26.495054,0.106555,0.000000,0.106555
1186350,100,4.0250,70.000,0.2817,0.2800,26.496998,0.000000,26.496998,0.106562,0.000000,0.106562
1186450,100,4.0250,68.750,0.2767,0.2800,26.498908,0.000000,26.498908,0.106570,0.000000,0.106570
1186550,100,4.0250,70.000,0.2817,0.2800,26.500852,0.000000,26.500852,0.106578,0.000000,0.106578
1186650,100,4.0250,70.000,0.2817,0.2800,26.502797,0.000000,26.502797,0.106586,0.000000,0.106586
1186750,100,4.0250,70.000,0.2817,0.2800,26.504741,0.000000,26.504741,0.106594,0.000000,0.106594
1186850,100,4.0250,68.750,0.2767,0.2800,26.506651,0.000000,26.506651,0.106601,0.000000,0.106601
1186950,100,4.0262,70.000,0.2818,0.2800,26.508595,0.000000,26.508595,0.106609,0.000000,0.106609
1187050,100,4.0250,70.000,0.2817,0.2800,26.510540,0.000000,26.510540,0.106617,0.000000,0.106617
1187150,100,4.0250,70.000,0.2817,0.2800,26.512484,0.000000,26.512484,0.106625,0.000000,0.106625
1187250,100,4.0250,68.750,0.2767,0.2800,26.514394,0.000000,26.514394,0.106632,0.000000,0.106632
1187350,100,4.0250,70.000,0.2817,0.2800,26.516339,0.000000,26.516339,0.106640,0.000000,0.106640
1187450,100,4.0250,70.000,0.2817,0.2800,26.518283,0.000000,26.518283,0.106648,0.000000,0.106648
1187550,100,4.0250,68.750,0.2767,0.2800,26.520193,0.000000,26.520193,0.106656,0.000000,0.106656
1187650,100,4.0250,70.000,0.2817,0.2800,26.522137,0.000000,26.522137,0.106664,0.000000,0.106664
1187750,100,4.0250,70.000,0.2817,0.2800,26.524082,0.000000,26.524082,0.106671,0.000000,0.106671
1187850,100,4.0262,70.000,0.2818,0.2800,26.526026,0.000000,26.526026,0.106679,0.000000,0.106679
1187950,100,4.0250,68.750,0.2767,0.2800,26.527936,0.000000,26.527936,0.106687,0.000000,0.106687
#MARK,1187973,100,"seg_129_p22_b159_end",26.527936,0.000000,26.527936,0.106687,0.000000,0.106687
1188050,100,4.0237,75.000,0.3018,0.3000,26.530019,0.000000,26.530019,0.106695,0.000000,0.106695
1188150,100,4.0250,71.250,0.2868,0.2800,26.531998,0.000000,26.531998,0.106703,0.000000,0.106703
1188250,100,4.0250,71.250,0.2868,0.2900,26.533977,0.000000,26.533977,0.106711,0.000000,0.106711
1188350,100,4.0250,71.250,0.2868,0.2900,26.535957,0.000000,26.535957,0.106719,0.000000,0.106719
1188450,100,4.0250,71.250,0.2868,0.2900,26.537936,0.000000,26.537936,0.106727,0.000000,0.106727
1188550,100,4.0250,71.250,0.2868,0.2800,26.539915,0.000000,26.539915,0.106735,0.000000,0.106735
1188650,100,4.0250,71.250,0.2868,0.2900,26.541894,0.000000,26.541894,0.106743,0.000000,0.106743
1188750,100,4.0250,71.250,0.2868,0.2900,26.543873,0.000000,26.543873,0.106751,0.000000,0.106751
1188850,100,4.0250,71.250,0.2868,0.2900,26.545852,0.000000,26.545852,0.106759,0.000000,0.106759
1188950,100,4.0250,71.250,0.2868,0.2800,26.547832,0.000000,26.547832,0.106767,0.000000,0.106767
1189050,100,4.0250,71.250,0.2868,0.2800,26.549811,0.000000,26.549811,0.106775,0.000000,0.106775
#MARK,1189092,100,"seg_130_p22_b191_start",26.549811,0.000000,26.549811,0.106775,0.000000,0.106775
1189150,100,4.0250,71.250,0.2868,0.2800,26.551790,0.000000,26.551790,0.106783,0.000000,0.106783
1189250,100,4.0250,70.000,0.2817,0.2800,26.553734,0.000000,26.553734,0.106791,0.000000,0.106791
1189350,100,4.0250,71.250,0.2868,0.2800,26.555714,0.000000,26.555714,0.106799,0.000000,0.106799
1189450,100,4.0250,71.250,0.2868,0.2800,26.557693,0.000000,26.557693,0.106807,0.000000,0.106807
1189550,100,4.0250,71.250,0.2868,0.2800,26.559672,0.000000,26.559672,0.106815,0.000000,0.106815
1189650,100,4.0250,71.250,0.2868,0.2800,26.561651,0.000000,26.561651,0.106823,0.000000,0.106823
1189750,100,4.0250,71.250,0.2868,0.2900,26.563630,0.000000,26.563630,0.106831,0.000000,0.106831
1189850,100,4.0250,71.250,0.2868,0.2800,26.565609,0.000000,26.565609,0.106839,0.000000,0.106839
1189950,100,4.0250,72.500,0.2918,0.2900,26.567623,0.000000,26.567623,0.106847,0.000000,0.106847
1190050,100,4.0250,71.250,0.2868,0.2900,26.569602,0.000000,26.569602,0.106855,0.000000,0.106855
1190150,100,4.0250,71.250,0.2868,0.2900,26.571582,0.000000,26.571582,0.106863,0.000000,0.106863
1190250,100,4.0250,71.250,0.2868,0.2900,26.573561,0.000000,26.573561,0.106871,0.000000,0.106871
1190350,100,4.0250,71.250,0.2868,0.2900,26.575540,0.000000,26.575540,0.106878,0.000000,0.106878
1190450,100,4.0250,71.250,0.2868,0.2800,26.577519,0.000000,26.577519,0.106886,0.000000,0.106886
1190550,100,4.0250,71.250,0.2868,0.2800,26.579498,0.000000,26.579498,0.106894,0.000000,0.106894
1190650,100,4.0250,71.250,0.2868,0.2800,26.581477,0.000000,26.581477,0.106902,0.000000,0.106902
1190750,100,4.0250,70.000,0.2817,0.2800,26.583422,0.000000,26.583422,0.106910,0.000000,0.106910
1190850,100,4.0250,68.750,0.2767,0.2800,26.585332,0.000000,26.585332,0.106918,0.000000,0.106918
1190950,100,4.0250,70.000,0.2817,0.2800,26.587276,0.000000,26.587276,0.106926,0.000000,0.106926
1191050,100,4.0250,68.750,0.2767,0.2800,26.589186,0.000000,26.589186,0.106933,0.000000,0.106933
1191150,100,4.0262,70.000,0.2818,0.2800,26.591130,0.000000,26.591130,0.106941,0.000000,0.106941
1191250,100,4.0250,68.750,0.2767,0.2800,26.593040,0.000000,26.593040,0.106949,0.000000,0.106949
1191350,100,4.0250,70.000,0.2817,0.2800,26.594984,0.000000,26.594984,0.106957,0.000000,0.106957
1191450,100,4.0262,70.000,0.2818,0.2800,26.596929,0.000000,26.596929,0.106965,0.000000,0.106965
1191550,100,4.0250,70.000,0.2817,0.2800,26.598873,0.000000,26.598873,0.106972,0.000000,0.106972
1191650,100,4.0262,70.000,0.2818,0.2800,26.600818,0.000000,26.600818,0.106980,0.000000,0.106980
1191750,100,4.0262,70.000,0.2818,0.2800,26.602762,0.000000,26.602762,0.106988,0.000000,0.106988
1191850,100,4.0262,68.750,0.2768,0.2800,26.604672,0.000000,26.604672,0.106996,0.000000,0.106996
1191950,100,4.0262,68.750,0.2768,0.2800,26.606582,0.000000,26.606582,0.107003,0.000000,0.107003
1192050,100,4.0262,70.000,0.2818,0.2800,26.608526,0.000000,26.608526,0.107011,0.000000,0.107011
1192150,100,4.0250,70.000,0.2817,0.2800,26.610470,0.000000,26.610470,0.107019,0.000000,0.107019
1192250,100,4.0250,70.000,0.2817,0.2800,26.612415,0.000000,26.612415,0.107027,0.000000,0.107027
1192350,100,4.0262,70.000,0.2818,0.2800,26.614359,0.000000,26.614359,0.107035,0.000000,0.107035
1192450,100,4.0250,70.000,0.2817,0.2800,26.616304,0.000000,26.616304,0.107043,0.000000,0.107043
1192550,100,4.0250,70.000,0.2817,0.2800,26.618248,0.000000,26.618248,0.107050,0.000000,0.107050
1192650,100,4.0262,68.750,0.2768,0.2800,26.620158,0.000000,26.620158,0.107058,0.000000,0.107058
1192750,100,4.0262,70.000,0.2818,0.2800,26.622102,0.000000,26.622102,0.107066,0.000000,0.107066
1192850,100,4.0262,70.000,0.2818,0.2800,26.624047,0.000000,26.624047,0.107074,0.000000,0.107074
1192950,100,4.0250,70.000,0.2817,0.2800,26.625991,0.000000,26.625991,0.107082,0.000000,0.107082
1193050,100,4.0250,68.750,0.2767,0.2800,26.627901,0.000000,26.627901,0.107089,0.000000,0.107089
1193150,100,4.0262,70.000,0.2818,0.2800,26.629845,0.000000,26.629845,0.107097,0.000000,0.107097
1193250,100,4.0262,70.000,0.2818,0.2800,26.631790,0.000000,26.631790,0.107105,0.000000,0.107105
1193350,100,4.0262,70.000,0.2818,0.2800,26.633734,0.000000,26.633734,0.107113,0.000000,0.107113
1193450,100,4.0250,70.000,0.2817,0.2800,26.635679,0.000000,26.635679,0.107121,0.000000,0.107121
1193550,100,4.0262,70.000,0.2818,0.2800,26.637623,0.000000,26.637623,0.107128,0.000000,0.107128
1193650,100,4.0262,70.000,0.2818,0.2800,26.639568,0.000000,26.639568,0.107136,0.000000,0.107136
1193750,100,4.0250,70.000,0.2817,0.2800,26.641512,0.000000,26.641512,0.107144,0.000000,0.107144
1193850,100,4.0262,70.000,0.2818,0.2800,26.643457,0.000000,26.643457,0.107152,0.000000,0.107152
1193950,100,4.0262,70.000,0.2818,0.2800,26.645401,0.000000,26.645401,0.107160,0.000000,0.107160
1194050,100,4.0262,70.000,0.2818,0.2800,26.647345,0.000000,26.647345,0.107168,0.000000,0.107168
1194150,100,4.0262,70.000,0.2818,0.2800,26.649290,0.000000,26.649290,0.107175,0.000000,0.107175
1194250,100,4.0262,70.000,0.2818,0.2800,26.651234,0.000000,26.651234,0.107183,0.000000,0.107183
#MARK,1194342,100,"seg_130_p22_b191_end",26.651234,0.000000,26.651234,0.107183,0.000000,0.107183
1194350,100,4.0250,70.000,0.2817,0.2800,26.653179,0.000000,26.653179,0.107191,0.000000,0.107191
1194450,100,4.0250,73.750,0.2968,0.3000,26.655227,0.000000,26.655227,0.107199,0.000000,0.107199
1194550,100,4.0250,71.250,0.2868,0.2800,26.657207,0.000000,26.657207,0.107207,0.000000,0.107207
1194650,100,4.0250,71.250,0.2868,0.2900,26.659186,0.000000,26.659186,0.107215,0.000000,0.107215
1194750,100,4.0250,71.250,0.2868,0.2900,26.661165,0.000000,26.661165,0.107223,0.000000,0.107223
1194850,100,4.0250,71.250,0.2868,0.2800,26.663144,0.000000,26.663144,0.107231,0.000000,0.107231
1194950,100,4.0250,71.250,0.2868,0.2800,26.665123,0.000000,26.665123,0.107239,0.000000,0.107239
1195050,100,4.0262,71.250,0.2869,0.2800,26.667102,0.000000,26.667102,0.107247,0.000000,0.107247
1195150,100,4.0250,71.250,0.2868,0.2800,26.669082,0.000000,26.669082,0.107255,0.000000,0.107255
1195250,100,4.0250,71.250,0.2868,0.2900,26.671061,0.000000,26.671061,0.107263,0.000000,0.107263
1195350,100,4.0250,71.250,0.2868,0.2800,26.673040,0.000000,26.673040,0.107271,0.000000,0.107271
1195450,100,4.0250,71.250,0.2868,0.2800,26.675019,0.000000,26.675019,0.107279,0.000000,0.107279
#MARK,1195473,100,"seg_131_p22_b223_start",26.675019,0.000000,26.675019,0.107279,0.000000,0.107279
1195550,100,4.0250,71.250,0.2868,0.2800,26.676998,0.000000,26.676998,0.107287,0.000000,0.107287
1195650,100,4.0250,70.000,0.2817,0.2800,26.678943,0.000000,26.678943,0.107295,0.000000,0.107295
1195750,100,4.0250,71.250,0.2868,0.2800,26.680922,0.000000,26.680922,0.107303,0.000000,0.107303
1195850,100,4.0237,76.250,0.3068,0.3100,26.683040,0.000000,26.683040,0.107311,0.000000,0.107311
1195950,100,4.0012,151.250,0.6052,0.6000,26.687241,0.000000,26.687241,0.107328,0.000000,0.107328
1196050,100,3.9962,166.250,0.6644,0.6700,26.691859,0.000000,26.691859,0.107346,0.000000,0.107346
1196150,100,3.9950,167.500,0.6692,0.6700,26.696512,0.000000,26.696512,0.107365,0.000000,0.107365
1196250,100,3.9938,172.500,0.6889,0.6900,26.701304,0.000000,26.701304,0.107384,0.000000,0.107384
1196350,100,3.9938,172.500,0.6889,0.6900,26.706095,0.000000,26.706095,0.107403,0.000000,0.107403
1196450,100,3.9925,173.750,0.6937,0.6900,26.710922,0.000000,26.710922,0.107423,0.000000,0.107423
1196550,100,3.9950,168.750,0.6742,0.6800,26.715609,0.000000,26.715609,0.107441,0.000000,0.107441
1196650,100,3.9938,171.250,0.6839,0.6900,26.720366,0.000000,26.720366,0.107460,0.000000,0.107460
1196750,100,3.9925,168.750,0.6737,0.6800,26.725054,0.000000,26.725054,0.107479,0.000000,0.107479
1196850,100,3.9938,168.750,0.6739,0.6800,26.729741,0.000000,26.729741,0.107498,0.000000,0.107498
1196950,100,3.9925,171.250,0.6837,0.6800,26.734498,0.000000,26.734498,0.107517,0.000000,0.107517
1197050,100,3.9925,171.250,0.6837,0.6800,26.739255,0.000000,26.739255,0.107536,0.000000,0.107536
1197150,100,3.9925,172.500,0.6887,0.6900,26.744047,0.000000,26.744047,0.107555,0.000000,0.107555
1197250,100,3.9987,152.500,0.6098,0.6100,26.748283,0.000000,26.748283,0.107572,0.000000,0.107572
1197350,100,4.0188,86.250,0.3466,0.3500,26.750679,0.000000,26.750679,0.107581,0.000000,0.107581
1197450,100,4.0225,71.250,0.2866,0.2900,26.752658,0.000000,26.752658,0.107589,0.000000,0.107589
1197550,100,4.0237,70.000,0.2817,0.2800,26.754602,0.000000,26.754602,0.107597,0.000000,0.107597
1197650,100,4.0237,70.000,0.2817,0.2800,26.756547,0.000000,26.756547,0.107605,0.000000,0.107605
1197750,100,4.0125,110.000,0.4414,0.4400,26.759602,0.000000,26.759602,0.107617,0.000000,0.107617
1197850,100,3.9975,158.750,0.6346,0.6400,26.764012,0.000000,26.764012,0.107635,0.000000,0.107635
1197950,100,3.9938,170.000,0.6789,0.6800,26.768734,0.000000,26.768734,0.107654,0.000000,0.107654
1198050,100,3.9938,171.250,0.6839,0.6800,26.773491,0.000000,26.773491,0.107673,0.000000,0.107673
1198150,100,3.9925,171.250,0.6837,0.6800,26.778248,0.000000,26.778248,0.107692,0.000000,0.107692
1198250,100,4.0025,135.000,0.5403,0.5400,26.781998,0.000000,26.781998,0.107707,0.000000,0.107707
1198350,100,4.0200,80.000,0.3216,0.3300,26.784220,0.000000,26.784220,0.107716,0.000000,0.107716
1198450,100,4.0237,70.000,0.2817,0.2800,26.786165,0.000000,26.786165,0.107724,0.000000,0.107724
1198550,100,4.0237,70.000,0.2817,0.2800,26.788109,0.000000,26.788109,0.107731,0.000000,0.107731
1198650,100,4.0237,70.000,0.2817,0.2800,26.790054,0.000000,26.790054,0.107739,0.000000,0.107739
1198750,100,4.0250,70.000,0.2817,0.2800,26.791998,0.000000,26.791998,0.107747,0.000000,0.107747
1198850,100,4.0237,68.750,0.2766,0.2800,26.793908,0.000000,26.793908,0.107755,0.000000,0.107755
1198950,100,4.0250,70.000,0.2817,0.2800,26.795852,0.000000,26.795852,0.107763,0.000000,0.107763
1199050,100,4.0250,70.000,0.2817,0.2800,26.797797,0.000000,26.797797,0.107770,0.000000,0.107770
1199150,100,4.0250,70.000,0.2817,0.2800,26.799741,0.000000,26.799741,0.107778,0.000000,0.107778
1199250,100,4.0250,70.000,0.2817,0.2800,26.801686,0.000000,26.801686,0.107786,0.000000,0.107786
1199350,100,4.0250,70.000,0.2817,0.2800,26.803630,0.000000,26.803630,0.107794,0.000000,0.107794
1199450,100,4.0250,70.000,0.2817,0.2800,26.805575,0.000000,26.805575,0.107802,0.000000,0.107802
1199550,100,4.0250,70.000,0.2817,0.2800,26.807519,0.000000,26.807519,0.107810,0.000000,0.107810
1199650,100,4.0250,70.000,0.2817,0.2800,26.809464,0.000000,26.809464,0.107817,0.000000,0.107817
1199750,100,4.0250,70.000,0.2817,0.2800,26.811408,0.000000,26.811408,0.107825,0.000000,0.107825
1199850,100,4.0250,70.000,0.2817,0.2800,26.813352,0.000000,26.813352,0.107833,0.000000,0.107833
1199950,100,4.0250,70.000,0.2817,0.2800,26.815297,0.000000,26.815297,0.107841,0.000000,0.107841
1200050,100,4.0250,70.000,0.2817,0.2800,26.817241,0.000000,26.817241,0.107849,0.000000,0.107849
1200150,100,4.0250,70.000,0.2817,0.2800,26.819186,0.000000,26.819186,0.107856,0.000000,0.107856
1200250,100,4.0250,68.750,0.2767,0.2800,26.821095,0.000000,26.821095,0.107864,0.000000,0.107864
1200350,100,4.0250,70.000,0.2817,0.2800,26.823040,0.000000,26.823040,0.107872,0.000000,0.107872
1200450,100,4.0250,68.750,0.2767,0.2800,26.824950,0.000000,26.824950,0.107880,0.000000,0.107880
1200550,100,4.0250,68.750,0.2767,0.2800,26.826859,0.000000,26.826859,0.107887,0.000000,0.107887
1200650,100,4.0250,70.000,0.2817,0.2800,26.828804,0.000000,26.828804,0.107895,0.000000,0.107895
#MARK,1200722,100,"seg_131_p22_b223_end",26.828804,0.000000,26.828804,0.107895,0.000000,0.107895
1200750,100,4.0237,71.250,0.2867,0.2800,26.830783,0.000000,26.830783,0.107903,0.000000,0.107903
1200850,100,4.0237,71.250,0.2867,0.2800,26.832762,0.000000,26.832762,0.107911,0.000000,0.107911
1200950,100,4.0250,71.250,0.2868,0.2800,26.834741,0.000000,26.834741,0.107919,0.000000,0.107919
1201050,100,4.0250,71.250,0.2868,0.2800,26.836720,0.000000,26.836720,0.107927,0.000000,0.107927
1201150,100,4.0250,71.250,0.2868,0.2800,26.838700,0.000000,26.838700,0.107935,0.000000,0.107935
1201250,100,4.0250,71.250,0.2868,0.2800,26.840679,0.000000,26.840679,0.107943,0.000000,0.107943
1201350,100,4.0250,71.250,0.2868,0.2900,26.842658,0.000000,26.842658,0.107951,0.000000,0.107951
1201450,100,4.0250,71.250,0.2868,0.2800,26.844637,0.000000,26.844637,0.107959,0.000000,0.107959
1201550,100,4.0250,71.250,0.2868,0.2900,26.846616,0.000000,26.846616,0.107967,0.000000,0.107967
1201650,100,4.0250,71.250,0.2868,0.2800,26.848595,0.000000,26.848595,0.107975,0.000000,0.107975
1201750,100,4.0250,71.250,0.2868,0.2900,26.850575,0.000000,26.850575,0.107983,0.000000,0.107983
#MARK,1201842,100,"seg_132_p22_b255_start",26.850575,0.000000,26.850575,0.107983,0.000000,0.107983
1201850,100,4.0250,71.250,0.2868,0.2800,26.852554,0.000000,26.852554,0.107991,0.000000,0.107991
1201950,100,4.0250,71.250,0.2868,0.2900,26.854533,0.000000,26.854533,0.107999,0.000000,0.107999
1202050,100,4.0250,71.250,0.2868,0.2800,26.856512,0.000000,26.856512,0.108007,0.000000,0.108007
1202150,100,4.0250,71.250,0.2868,0.2800,26.858491,0.000000,26.858491,0.108015,0.000000,0.108015
1202250,100,4.0250,71.250,0.2868,0.2800,26.860470,0.000000,26.860470,0.108023,0.000000,0.108023
1202350,100,4.0250,71.250,0.2868,0.2900,26.862450,0.000000,26.862450,0.108031,0.000000,0.108031
1202450,100,4.0250,71.250,0.2868,0.2800,26.864429,0.000000,26.864429,0.108039,0.000000,0.108039
1202550,100,4.0250,71.250,0.2868,0.2900,26.866408,0.000000,26.866408,0.108047,0.000000,0.108047
1202650,100,4.0250,71.250,0.2868,0.2800,26.868387,0.000000,26.868387,0.108054,0.000000,0.108054
1202750,100,4.0250,71.250,0.2868,0.2900,26.870366,0.000000,26.870366,0.108062,0.000000,0.108062
1202850,100,4.0250,71.250,0.2868,0.2900,26.872345,0.000000,26.872345,0.108070,0.000000,0.108070
1202950,100,4.0250,71.250,0.2868,0.2800,26.874325,0.000000,26.874325,0.108078,0.000000,0.108078
1203050,100,4.0250,71.250,0.2868,0.2900,26.876304,0.000000,26.876304,0.108086,0.000000,0.108086
1203150,100,4.0250,71.250,0.2868,0.2800,26.878283,0.000000,26.878283,0.108094,0.000000,0.108094
1203250,100,4.0250,71.250,0.2868,0.2800,26.880262,0.000000,26.880262,0.108102,0.000000,0.108102
1203350,100,4.0250,71.250,0.2868,0.2800,26.882241,0.000000,26.882241,0.108110,0.000000,0.108110
1203450,100,4.0250,71.250,0.2868,0.2800,26.884220,0.000000,26.884220,0.108118,0.000000,0.108118
1203550,100,4.0250,70.000,0.2817,0.2800,26.886165,0.000000,26.886165,0.108126,0.000000,0.108126
1203650,100,4.0113,117.500,0.4713,0.4700,26.889429,0.000000,26.889429,0.108139,0.000000,0.108139
1203750,100,3.9938,172.500,0.6889,0.6900,26.894220,0.000000,26.894220,0.108158,0.000000,0.108158
1203850,100,3.9900,185.000,0.7382,0.7300,26.899359,0.000000,26.899359,0.108179,0.000000,0.108179
1203950,100,3.9913,180.000,0.7184,0.7200,26.904359,0.000000,26.904359,0.108199,0.000000,0.108199
1204050,100,3.9900,182.500,0.7282,0.7300,26.909429,0.000000,26.909429,0.108219,0.000000,0.108219
1204150,100,3.9887,186.250,0.7429,0.7400,26.914602,0.000000,26.914602,0.108240,0.000000,0.108240
1204250,100,3.9887,185.000,0.7379,0.7400,26.919741,0.000000,26.919741,0.108260,0.000000,0.108260
1204350,100,3.9887,186.250,0.7429,0.7400,26.924915,0.000000,26.924915,0.108281,0.000000,0.108281
1204450,100,4.0050,127.500,0.5106,0.5100,26.928457,0.000000,26.928457,0.108295,0.000000,0.108295
1204550,100,4.0175,80.000,0.3214,0.3200,26.930679,0.000000,26.930679,0.108304,0.000000,0.108304
1204650,100,4.0062,130.000,0.5208,0.5200,26.934290,0.000000,26.934290,0.108318,0.000000,0.108318
1204750,100,3.9913,175.000,0.6985,0.7000,26.939151,0.000000,26.939151,0.108338,0.000000,0.108338
1204850,100,3.9887,183.750,0.7329,0.7300,26.944255,0.000000,26.944255,0.108358,0.000000,0.108358
1204950,100,3.9887,185.000,0.7379,0.7400,26.949394,0.000000,26.949394,0.108379,0.000000,0.108379
1205050,100,3.9887,183.750,0.7329,0.7300,26.954498,0.000000,26.954498,0.108399,0.000000,0.108399
1205150,100,4.0113,105.000,0.4212,0.4200,26.957415,0.000000,26.957415,0.108411,0.000000,0.108411
1205250,100,4.0200,75.000,0.3015,0.3000,26.959498,0.000000,26.959498,0.108419,0.000000,0.108419
1205350,100,4.0200,82.500,0.3317,0.3300,26.961790,0.000000,26.961790,0.108428,0.000000,0.108428
1205450,100,3.9950,166.250,0.6642,0.6600,26.966408,0.000000,26.966408,0.108447,0.000000,0.108447
1205550,100,3.9887,185.000,0.7379,0.7400,26.971547,0.000000,26.971547,0.108467,0.000000,0.108467
1205650,100,3.9875,187.500,0.7477,0.7500,26.976755,0.000000,26.976755,0.108488,0.000000,0.108488
1205750,100,3.9875,186.250,0.7427,0.7400,26.981929,0.000000,26.981929,0.108509,0.000000,0.108509
1205850,100,4.0113,106.250,0.4262,0.4300,26.984880,0.000000,26.984880,0.108520,0.000000,0.108520
1205950,100,4.0188,75.000,0.3014,0.3000,26.986964,0.000000,26.986964,0.108529,0.000000,0.108529
1206050,100,4.0225,70.000,0.2816,0.2800,26.988908,0.000000,26.988908,0.108537,0.000000,0.108537
1206150,100,4.0237,70.000,0.2817,0.2800,26.990852,0.000000,26.990852,0.108544,0.000000,0.108544
1206250,100,4.0237,70.000,0.2817,0.2800,26.992797,0.000000,26.992797,0.108552,0.000000,0.108552
1206350,100,4.0237,70.000,0.2817,0.2800,26.994741,0.000000,26.994741,0.108560,0.000000,0.108560
1206450,100,4.0237,68.750,0.2766,0.2800,26.996651,0.000000,26.996651,0.108568,0.000000,0.108568
1206550,100,4.0237,70.000,0.2817,0.2800,26.998595,0.000000,26.998595,0.108576,0.000000,0.108576
1206650,100,4.0237,70.000,0.2817,0.2800,27.000540,0.000000,27.000540,0.108583,0.000000,0.108583
1206750,100,4.0237,70.000,0.2817,0.2800,27.002484,0.000000,27.002484,0.108591,0.000000,0.108591
1206850,100,4.0237,70.000,0.2817,0.2800,27.004429,0.000000,27.004429,0.108599,0.000000,0.108599
1206950,100,4.0237,70.000,0.2817,0.2800,27.006373,0.000000,27.006373,0.108607,0.000000,0.108607
1207050,100,4.0237,70.000,0.2817,0.2800,27.008318,0.000000,27.008318,0.108615,0.000000,0.108615
#MARK,1207091,100,"seg_132_p22_b255_end",27.008318,0.000000,27.008318,0.108615,0.000000,0.108615
#MARK,1207093,100,"sweep_end",27.008318,0.000000,27.008318,0.108615,0.000000,0.108615
1207150,100,4.0200,78.750,0.3166,0.3200,27.010505,0.000000,27.010505,0.108623,0.000000,0.108623
